qseqid	sseqid	pident	length	qcovs	evalue	bitscore	confidence	kingdom	phylum	class	order	family	genus	species
ASV0001	EU601190.1.22.>927###root_1;Eukaryota_2759;Chordata_7711;Actinopteri_186623;Labriformes_1489928;Labridae_8247;Leptoscarus_188115;Leptoscarus_vaigiensis_2913886	100	200	100	6.30e-102	370	species	Eukaryota	Chordata	Actinopteri	Labriformes	Labridae	Leptoscarus	Leptoscarus vaigiensis
ASV0002	MZ597913.1.<1.>169###root_1;Eukaryota_2759;Chordata_7711;Actinopteri_186623;order_Pomacentridae_30863;Pomacentridae_30863;Stegastes_80992;Stegastes_lividus_80995	99.408	169	86	4.89e-83	307	species	Eukaryota	Chordata	Actinopteri	Pomacentridae	Pomacentridae	Stegastes	Stegastes lividus
ASV0003	MW376909.1.69.1014###root_1;Eukaryota_2759;Chordata_7711;Actinopteri_186623;order_Siganidae_75382;Siganidae_75382;Siganus_75041;Siganus_luridus_226939	100	197	100	2.88e-100	364	species	Eukaryota	Chordata	Actinopteri	Siganidae	Siganidae	Siganus	Siganus luridus
ASV0004	AY279593.1.<1.>933###root_1;Eukaryota_2759;Chordata_7711;Actinopteri_186623;Labriformes_1489928;Labridae_8247;Cymolutes_241283;Cymolutes_praetextatus_241284	99.492	197	100	4.82e-98	357	species	Eukaryota	Chordata	Actinopteri	Labriformes	Labridae	Cymolutes	Cymolutes praetextatus
ASV0005	MG677546.1.69.1015###root_1;Eukaryota_2759;Chordata_7711;Actinopteri_186623;order_Siganidae_75382;Siganidae_75382;Siganus_75041;Siganus_sutor_439892	99.495	198	100	3.75e-99	361	species	Eukaryota	Chordata	Actinopteri	Siganidae	Siganidae	Siganus	Siganus sutor
ASV0006	MW630257.1.<1.>824###root_1;Eukaryota_2759;Chordata_7711;Actinopteri_186623;order_Pomacentridae_30863;Pomacentridae_30863;Stegastes_80992;Stegastes_nigricans_351694	95.455	198	99	1.06e-84	313	genus	Eukaryota	Chordata	Actinopteri	Pomacentridae	Pomacentridae	Stegastes	Stegastes sp.
ASV0007	KM224290.1.<1.>319###root_1;Eukaryota_2759;Chordata_7711;Mammalia_40674;Primates_9443;Hominidae_9604;Homo_9605;Homo_sapiens_9606	100	171	100	6.95e-86	316	species	Eukaryota	Chordata	Mammalia	Primates	Hominidae	Homo	Homo sapiens
ASV0008	MH248213.1.<1.>651###root_1;Eukaryota_2759;Chordata_7711;Actinopteri_186623;Spariformes_1489931;Lethrinidae_30848;Lethrinus_119720;Lethrinus_nebulosus_182658	98.469	196	100	1.04e-94	346	species	Eukaryota	Chordata	Actinopteri	Spariformes	Lethrinidae	Lethrinus	Lethrinus nebulosus
ASV0009	AY279626.1.<1.>932###root_1;Eukaryota_2759;Chordata_7711;Actinopteri_186623;Labriformes_1489928;Labridae_8247;Novaculoides_315408;Novaculoides_macrolepidotus_241323	99.492	197	100	4.82e-98	357	species	Eukaryota	Chordata	Actinopteri	Labriformes	Labridae	Novaculoides	Novaculoides macrolepidotus
ASV0010	LC649141.1.<1.888###root_1;Eukaryota_2759;Chordata_7711;Actinopteri_186623;Acanthuriformes_1489937;Acanthuridae_29146;Naso_75027;Naso_unicornis_175444	100	197	100	2.88e-100	364	species	Eukaryota	Chordata	Actinopteri	Acanthuriformes	Acanthuridae	Naso	Naso unicornis
ASV0011	AP005991.1.70.1024###root_1;Eukaryota_2759;Chordata_7711;Actinopteri_186623;Perciformes_8111;Serranidae_30871;Epinephelus_94231;Epinephelus_merra_215346	98.469	196	100	1.04e-94	346	species	Eukaryota	Chordata	Actinopteri	Perciformes	Serranidae	Epinephelus	Epinephelus merra
ASV0012	MZ597913.1.<1.>169###root_1;Eukaryota_2759;Chordata_7711;Actinopteri_186623;order_Pomacentridae_30863;Pomacentridae_30863;Stegastes_80992;Stegastes_lividus_80995	99.408	169	86	4.89e-83	307	species	Eukaryota	Chordata	Actinopteri	Pomacentridae	Pomacentridae	Stegastes	Stegastes lividus
ASV0013	EU601190.1.22.>927###root_1;Eukaryota_2759;Chordata_7711;Actinopteri_186623;Labriformes_1489928;Labridae_8247;Leptoscarus_188115;Leptoscarus_vaigiensis_2913886	99	200	100	1.36e-98	359	species	Eukaryota	Chordata	Actinopteri	Labriformes	Labridae	Leptoscarus	Leptoscarus vaigiensis
ASV0014	LC780147.1.<1.895###root_1;Eukaryota_2759;Chordata_7711;Actinopteri_186623;Gobiiformes_1489878;Gobiidae_8220;Gnatholepis_151727;Gnatholepis_anjerensis_194857	99.485	194	100	6.12e-97	353	species	Eukaryota	Chordata	Actinopteri	Gobiiformes	Gobiidae	Gnatholepis	Gnatholepis anjerensis
ASV0015	OP035107.2.70.1024###root_1;Eukaryota_2759;Chordata_7711;Actinopteri_186623;Syngnathiformes_129912;Mullidae_30854;Mulloidichthys_342442;Mulloidichthys_flavolineatus_652446	100	197	100	2.88e-100	364	species	Eukaryota	Chordata	Actinopteri	Syngnathiformes	Mullidae	Mulloidichthys	Mulloidichthys flavolineatus
ASV0016	LC458136.2.<1.890###root_1;Eukaryota_2759;Chordata_7711;Actinopteri_186623;Gerreiformes_2024538;Gerreidae_274463;Gerres_274464;Gerres_erythrourus_332416	94.898	196	100	1.74e-82	305	family	Eukaryota	Chordata	Actinopteri	Gerreiformes	Gerreidae	NA	NA
ASV0017	MG677546.1.69.1015###root_1;Eukaryota_2759;Chordata_7711;Actinopteri_186623;order_Siganidae_75382;Siganidae_75382;Siganus_75041;Siganus_sutor_439892	98.485	198	100	8.11e-96	350	species	Eukaryota	Chordata	Actinopteri	Siganidae	Siganidae	Siganus	Siganus sutor
ASV0018	AY279593.1.<1.>933###root_1;Eukaryota_2759;Chordata_7711;Actinopteri_186623;Labriformes_1489928;Labridae_8247;Cymolutes_241283;Cymolutes_praetextatus_241284	98.477	197	100	1.04e-94	346	species	Eukaryota	Chordata	Actinopteri	Labriformes	Labridae	Cymolutes	Cymolutes praetextatus
ASV0019	AB974618.1.<1.>172###root_1;Eukaryota_2759;Chordata_7711;Actinopteri_186623;Labriformes_1489928;Labridae_8247;Scarus_59660;Scarus_rubroviolaceus_247628	98.256	172	100	1.96e-81	302	species	Eukaryota	Chordata	Actinopteri	Labriformes	Labridae	Scarus	Scarus rubroviolaceus
ASV0020	MW630257.1.<1.>824###root_1;Eukaryota_2759;Chordata_7711;Actinopteri_186623;order_Pomacentridae_30863;Pomacentridae_30863;Stegastes_80992;Stegastes_nigricans_351694	94.444	198	99	2.30e-81	302	family	Eukaryota	Chordata	Actinopteri	Pomacentridae	Pomacentridae	NA	NA
ASV0021	OP035098.1.69.1013###root_1;Eukaryota_2759;Chordata_7711;Actinopteri_186623;Labriformes_1489928;Labridae_8247;Thalassoma_76337;Thalassoma_trilobatum_239059	100	194	100	1.32e-98	359	species	Eukaryota	Chordata	Actinopteri	Labriformes	Labridae	Thalassoma	Thalassoma trilobatum
ASV0022	MH248213.1.<1.>651###root_1;Eukaryota_2759;Chordata_7711;Actinopteri_186623;Spariformes_1489931;Lethrinidae_30848;Lethrinus_119720;Lethrinus_nebulosus_182658	97.959	196	100	4.82e-93	340	genus	Eukaryota	Chordata	Actinopteri	Spariformes	Lethrinidae	Lethrinus	Lethrinus sp.
ASV0023	AP012310.1.70.1024###root_1;Eukaryota_2759;Chordata_7711;Actinopteri_186623;Syngnathiformes_129912;Mullidae_30854;Mulloidichthys_342442;Mulloidichthys_vanicolensis_342443	100	197	100	2.88e-100	364	species	Eukaryota	Chordata	Actinopteri	Syngnathiformes	Mullidae	Mulloidichthys	Mulloidichthys vanicolensis
ASV0024	LC858680.1.<1.951###root_1;Eukaryota_2759;Chordata_7711;Actinopteri_186623;Gobiiformes_1489878;Gobiidae_8220;Vanderhorstia_579952;Vanderhorstia_phaeosticta_2768284	100	194	100	1.32e-98	359	species	Eukaryota	Chordata	Actinopteri	Gobiiformes	Gobiidae	Vanderhorstia	Vanderhorstia phaeosticta
ASV0025	LC773520.1.<1.883###root_1;Eukaryota_2759;Chordata_7711;Actinopteri_186623;Syngnathiformes_129912;Callionymidae_30908;Callionymus_34784;Callionymus_japonicus_1503350	88.66	194	100	8.23e-61	233	order	Eukaryota	Chordata	Actinopteri	Syngnathiformes	NA	NA	NA
ASV0026	ON210977.1.69.1018###root_1;Eukaryota_2759;Chordata_7711;Actinopteri_186623;Acanthuriformes_1489937;Acanthuridae_29146;Acanthurus_12912;Acanthurus_triostegus_175435	98.985	197	100	6.23e-97	353	species	Eukaryota	Chordata	Actinopteri	Acanthuriformes	Acanthuridae	Acanthurus	Acanthurus triostegus
ASV0027	AP012020.1.72.1025###root_1;Eukaryota_2759;Chordata_7711;Actinopteri_186623;Siluriformes_7995;Plotosidae_30997;Plotosus_243561;Plotosus_japonicus_909843	98.99	198	100	1.74e-97	355	species	Eukaryota	Chordata	Actinopteri	Siluriformes	Plotosidae	Plotosus	Plotosus japonicus
ASV0028	PP140670.1.11089.12034###root_1;Eukaryota_2759;Chordata_7711;Actinopteri_186623;order_Siganidae_75382;Siganidae_75382;Siganus_75041;Siganus_argenteus_225755	99.492	197	100	1.34e-98	359	species	Eukaryota	Chordata	Actinopteri	Siganidae	Siganidae	Siganus	Siganus argenteus
ASV0029	FJ616363.1.<1.>945###root_1;Eukaryota_2759;Chordata_7711;Actinopteri_186623;order_Pomacentridae_30863;Pomacentridae_30863;Plectroglyphidodon_80986;Plectroglyphidodon_leucozona_3359602	96.954	197	100	2.92e-90	331	genus	Eukaryota	Chordata	Actinopteri	Pomacentridae	Pomacentridae	Plectroglyphidodon	Plectroglyphidodon sp.
ASV0030	OP035151.1.70.1017###root_1;Eukaryota_2759;Chordata_7711;Actinopteri_186623;Blenniiformes_1489921;Blenniidae_56718;Cirripectes_703910;Cirripectes_quagga_879476	98.974	195	100	7.97e-96	350	species	Eukaryota	Chordata	Actinopteri	Blenniiformes	Blenniidae	Cirripectes	Cirripectes quagga
ASV0031	KF374965.1.<1.>946###root_1;Eukaryota_2759;Chordata_7711;Actinopteri_186623;Mugiliformes_41872;Mugilidae_8189;Moolgarda_1111164;Moolgarda_seheli_1111465	99.497	199	100	1.05e-99	363	species	Eukaryota	Chordata	Actinopteri	Mugiliformes	Mugilidae	Moolgarda	Moolgarda seheli
ASV0032	LC649141.1.<1.888###root_1;Eukaryota_2759;Chordata_7711;Actinopteri_186623;Acanthuriformes_1489937;Acanthuridae_29146;Naso_75027;Naso_unicornis_175444	98.985	197	100	6.23e-97	353	species	Eukaryota	Chordata	Actinopteri	Acanthuriformes	Acanthuridae	Naso	Naso unicornis
ASV0033	FJ616386.1.<1.>908###root_1;Eukaryota_2759;Chordata_7711;Actinopteri_186623;order_Pomacentridae_30863;Pomacentridae_30863;Plectroglyphidodon_80986;Plectroglyphidodon_fasciolatus_80994	100	197	100	2.88e-100	364	species	Eukaryota	Chordata	Actinopteri	Pomacentridae	Pomacentridae	Plectroglyphidodon	Plectroglyphidodon fasciolatus
ASV0034	OP718224.1.70.1024###root_1;Eukaryota_2759;Chordata_7711;Actinopteri_186623;Syngnathiformes_129912;Mullidae_30854;Parupeneus_334899;Parupeneus_barberinus_475168	98.99	198	100	1.74e-97	355	species	Eukaryota	Chordata	Actinopteri	Syngnathiformes	Mullidae	Parupeneus	Parupeneus barberinus
ASV0035	EU601208.1.22.>926###root_1;Eukaryota_2759;Chordata_7711;Actinopteri_186623;Labriformes_1489928;Labridae_8247;Scarus_59660;Scarus_psittacus_247625	100	199	100	2.25e-101	368	species	Eukaryota	Chordata	Actinopteri	Labriformes	Labridae	Scarus	Scarus psittacus
ASV0036	ON210977.1.69.1018###root_1;Eukaryota_2759;Chordata_7711;Actinopteri_186623;Acanthuriformes_1489937;Acanthuridae_29146;Acanthurus_12912;Acanthurus_triostegus_175435	99.492	197	100	1.34e-98	359	species	Eukaryota	Chordata	Actinopteri	Acanthuriformes	Acanthuridae	Acanthurus	Acanthurus triostegus
ASV0037	MH248213.1.<1.>651###root_1;Eukaryota_2759;Chordata_7711;Actinopteri_186623;Spariformes_1489931;Lethrinidae_30848;Lethrinus_119720;Lethrinus_nebulosus_182658	100	196	100	1.03e-99	363	species	Eukaryota	Chordata	Actinopteri	Spariformes	Lethrinidae	Lethrinus	Lethrinus nebulosus
ASV0038	MG677546.1.69.1015###root_1;Eukaryota_2759;Chordata_7711;Actinopteri_186623;order_Siganidae_75382;Siganidae_75382;Siganus_75041;Siganus_sutor_439892	98.99	198	100	1.74e-97	355	species	Eukaryota	Chordata	Actinopteri	Siganidae	Siganidae	Siganus	Siganus sutor
ASV0039	LC710304.1.<1.889###root_1;Eukaryota_2759;Chordata_7711;Actinopteri_186623;Blenniiformes_1489921;Tripterygiidae_57771;Enneapterygius_130720;Enneapterygius_etheostoma_3354692	94.872	195	100	1.75e-82	305	family	Eukaryota	Chordata	Actinopteri	Blenniiformes	Tripterygiidae	NA	NA
ASV0040	MH248183.1.<1.>671###root_1;Eukaryota_2759;Chordata_7711;Actinopteri_186623;Anguilliformes_7933;Muraenidae_46660;Gymnothorax_121281;Gymnothorax_undulatus_473461	100	197	100	2.88e-100	364	species	Eukaryota	Chordata	Actinopteri	Anguilliformes	Muraenidae	Gymnothorax	Gymnothorax undulatus
ASV0041	LC037050.1.<1.>177###root_1;Eukaryota_2759;Chordata_7711;Actinopteri_186623;Centrarchiformes_1489940;Cirrhitidae_76914;Cirrhitus_76915;Cirrhitus_pinnulatus_490258	100	177	87	3.93e-89	327	species	Eukaryota	Chordata	Actinopteri	Centrarchiformes	Cirrhitidae	Cirrhitus	Cirrhitus pinnulatus
ASV0042	LC654188.1.<1.884###root_1;Eukaryota_2759;Chordata_7711;Actinopteri_186623;Labriformes_1489928;Labridae_8247;Coris_126328;Coris_dorsomacula_317480	96.907	194	100	1.33e-88	326	genus	Eukaryota	Chordata	Actinopteri	Labriformes	Labridae	Coris	Coris sp.
ASV0043	KT600968.1.<1.>764###root_1;Eukaryota_2759;Chordata_7711;Actinopteri_186623;Tetraodontiformes_31022;Balistidae_31024;Rhinecanthus_245704;Rhinecanthus_aculeatus_245705	100	198	100	8.05e-101	366	species	Eukaryota	Chordata	Actinopteri	Tetraodontiformes	Balistidae	Rhinecanthus	Rhinecanthus aculeatus
ASV0044	AY279608.1.<1.>941###root_1;Eukaryota_2759;Chordata_7711;Actinopteri_186623;Labriformes_1489928;Labridae_8247;Halichoeres_51788;Halichoeres_scapularis_241300	100	197	100	2.88e-100	364	species	Eukaryota	Chordata	Actinopteri	Labriformes	Labridae	Halichoeres	Halichoeres scapularis
ASV0045	MH248213.1.<1.>651###root_1;Eukaryota_2759;Chordata_7711;Actinopteri_186623;Spariformes_1489931;Lethrinidae_30848;Lethrinus_119720;Lethrinus_nebulosus_182658	95.408	196	100	1.05e-84	313	genus	Eukaryota	Chordata	Actinopteri	Spariformes	Lethrinidae	Lethrinus	Lethrinus sp.
ASV0046	JQ707060.1.<1.>843###root_1;Eukaryota_2759;Chordata_7711;Actinopteri_186623;order_Pomacentridae_30863;Pomacentridae_30863;Stegastes_80992;Stegastes_albifasciatus_997984	96.5	200	100	1.06e-89	329	genus	Eukaryota	Chordata	Actinopteri	Pomacentridae	Pomacentridae	Stegastes	Stegastes sp.
ASV0047	MW560469.1.70.1023###root_1;Eukaryota_2759;Chordata_7711;Actinopteri_186623;Perciformes_8111;Serranidae_30871;Epinephelus_94231;Epinephelus_hexagonatus_163121	99.49	196	100	4.79e-98	357	species	Eukaryota	Chordata	Actinopteri	Perciformes	Serranidae	Epinephelus	Epinephelus hexagonatus
ASV0048	LC739785.1.<1.892###root_1;Eukaryota_2759;Chordata_7711;Actinopteri_186623;Gobiiformes_1489878;Gobiidae_8220;Asterropteryx_151712;Asterropteryx_semipunctata_151713	99.485	194	100	6.12e-97	353	species	Eukaryota	Chordata	Actinopteri	Gobiiformes	Gobiidae	Asterropteryx	Asterropteryx semipunctata
ASV0049	OR546227.1.70.1017###root_1;Eukaryota_2759;Chordata_7711;Actinopteri_186623;Blenniiformes_1489921;Blenniidae_56718;Cirripectes_703910;Cirripectes_polyzona_879475	100	195	100	3.68e-99	361	species	Eukaryota	Chordata	Actinopteri	Blenniiformes	Blenniidae	Cirripectes	Cirripectes polyzona
ASV0050	KY815294.1.<1.>870###root_1;Eukaryota_2759;Chordata_7711;Actinopteri_186623;Labriformes_1489928;Labridae_8247;Halichoeres_51788;Halichoeres_nebulosus_317497	97.938	194	100	2.22e-91	335	genus	Eukaryota	Chordata	Actinopteri	Labriformes	Labridae	Halichoeres	Halichoeres sp.
ASV0051	FJ616363.1.<1.>945###root_1;Eukaryota_2759;Chordata_7711;Actinopteri_186623;order_Pomacentridae_30863;Pomacentridae_30863;Plectroglyphidodon_80986;Plectroglyphidodon_leucozona_3359602	100	197	100	2.88e-100	364	species	Eukaryota	Chordata	Actinopteri	Pomacentridae	Pomacentridae	Plectroglyphidodon	Plectroglyphidodon leucozona
ASV0052	LC848706.1.<1.895###root_1;Eukaryota_2759;Chordata_7711;Actinopteri_186623;Pleuronectiformes_8252;Bothidae_8253;Bothus_94920;Bothus_pantherinus_366905	100	198	100	8.05e-101	366	species	Eukaryota	Chordata	Actinopteri	Pleuronectiformes	Bothidae	Bothus	Bothus pantherinus
ASV0053	MZ598167.1.<1.>169###root_1;Eukaryota_2759;Chordata_7711;Actinopteri_186623;Anguilliformes_7933;Muraenidae_46660;Gymnothorax_121281;Gymnothorax_thyrsoideus_1138762	100	169	86	1.05e-84	313	species	Eukaryota	Chordata	Actinopteri	Anguilliformes	Muraenidae	Gymnothorax	Gymnothorax thyrsoideus
ASV0054	OR575556.1.70.1041###root_1;Eukaryota_2759;Chordata_7711;Actinopteri_186623;Gobiiformes_1489878;Gobiidae_8220;Eviota_166746;Eviota_epiphanes_1248218	93.069	202	100	3.92e-79	294	family	Eukaryota	Chordata	Actinopteri	Gobiiformes	Gobiidae	NA	NA
ASV0055	KU244260.1.922.1873###root_1;Eukaryota_2759;Chordata_7711;Actinopteri_186623;Acanthuriformes_1489937;Acanthuridae_29146;Ctenochaetus_75019;Ctenochaetus_striatus_175436	100	197	100	2.88e-100	364	species	Eukaryota	Chordata	Actinopteri	Acanthuriformes	Acanthuridae	Ctenochaetus	Ctenochaetus striatus
ASV0056	PV053466.1.<1.>167###root_1;Eukaryota_2759;Chordata_7711;Actinopteri_186623;Blenniiformes_1489921;Blenniidae_56718;Entomacrodus_57795;Entomacrodus_thalassinus_1892334	95.808	167	86	6.34e-72	270	genus	Eukaryota	Chordata	Actinopteri	Blenniiformes	Blenniidae	Entomacrodus	Entomacrodus sp.
ASV0057	OP035171.2.6523.7475###root_1;Eukaryota_2759;Chordata_7711;Actinopteri_186623;order_Pomacentridae_30863;Pomacentridae_30863;Plectroglyphidodon_80986;Plectroglyphidodon_phoenixensis_997976	99.49	196	100	4.79e-98	357	species	Eukaryota	Chordata	Actinopteri	Pomacentridae	Pomacentridae	Plectroglyphidodon	Plectroglyphidodon phoenixensis
ASV0058	OP035282.1.69.1017###root_1;Eukaryota_2759;Chordata_7711;Actinopteri_186623;Acanthuriformes_1489937;Acanthuridae_29146;Acanthurus_12912;Acanthurus_nigrofuscus_12913	99.49	196	100	4.79e-98	357	species	Eukaryota	Chordata	Actinopteri	Acanthuriformes	Acanthuridae	Acanthurus	Acanthurus nigrofuscus
ASV0059	MT025443.1.<1.>616###root_1;Eukaryota_2759;Chordata_7711;Actinopteri_186623;Labriformes_1489928;Labridae_8247;Anampses_241262;Anampses_caeruleopunctatus_241263	100	171	88	8.08e-86	316	species	Eukaryota	Chordata	Actinopteri	Labriformes	Labridae	Anampses	Anampses caeruleopunctatus
ASV0060	LC654188.1.<1.884###root_1;Eukaryota_2759;Chordata_7711;Actinopteri_186623;Labriformes_1489928;Labridae_8247;Coris_126328;Coris_dorsomacula_317480	95.876	194	100	2.89e-85	315	genus	Eukaryota	Chordata	Actinopteri	Labriformes	Labridae	Coris	Coris sp.
ASV0061	KC136451.1.1543.2494###root_1;Eukaryota_2759;Chordata_7711;Actinopteri_186623;Centrarchiformes_1489940;Kyphosidae_30843;Kyphosus_163142;Kyphosus_vaigiensis_163143	100	199	100	2.25e-101	368	species	Eukaryota	Chordata	Actinopteri	Centrarchiformes	Kyphosidae	Kyphosus	Kyphosus vaigiensis
ASV0062	OK576406.1.<1.>532###root_1;Eukaryota_2759;Chordata_7711;Actinopteri_186623;Mugiliformes_41872;Mugilidae_8189;Mugil_8190;Mugil_cephalus_48193	98.99	198	100	1.74e-97	355	species	Eukaryota	Chordata	Actinopteri	Mugiliformes	Mugilidae	Mugil	Mugil cephalus
ASV0063	KF374964.1.<1.>946###root_1;Eukaryota_2759;Chordata_7711;Actinopteri_186623;Mugiliformes_41872;Mugilidae_8189;Moolgarda_1111164;Moolgarda_seheli_1111465	98.492	199	100	2.27e-96	351	species	Eukaryota	Chordata	Actinopteri	Mugiliformes	Mugilidae	Moolgarda	Moolgarda seheli
ASV0064	KY815349.1.<1.>879###root_1;Eukaryota_2759;Chordata_7711;Actinopteri_186623;Labriformes_1489928;Labridae_8247;Thalassoma_76337;Thalassoma_lutescens_239049	100	194	100	1.32e-98	359	species	Eukaryota	Chordata	Actinopteri	Labriformes	Labridae	Thalassoma	Thalassoma lutescens
ASV0065	KC136565.1.1433.2383###root_1;Eukaryota_2759;Chordata_7711;Actinopteri_186623;Centrarchiformes_1489940;Kyphosidae_30843;Kyphosus_163142;Kyphosus_elegans_1163486	100	198	100	8.05e-101	366	species	Eukaryota	Chordata	Actinopteri	Centrarchiformes	Kyphosidae	Kyphosus	Kyphosus elegans
ASV0066	MW630280.1.<1.>847###root_1;Eukaryota_2759;Chordata_7711;Actinopteri_186623;order_Pomacentridae_30863;Pomacentridae_30863;Chrysiptera_80978;Chrysiptera_brownriggii_498267	100	198	100	8.05e-101	366	species	Eukaryota	Chordata	Actinopteri	Pomacentridae	Pomacentridae	Chrysiptera	Chrysiptera brownriggii
ASV0067	AB974508.2.<1.888###root_1;Eukaryota_2759;Chordata_7711;Actinopteri_186623;Holocentriformes_1490028;Holocentridae_47697;Myripristis_47699;Myripristis_greenfieldi_1522387	100	198	100	8.05e-101	366	species	Eukaryota	Chordata	Actinopteri	Holocentriformes	Holocentridae	Myripristis	Myripristis greenfieldi
ASV0068	AP019337.1.69.1017###root_1;Eukaryota_2759;Chordata_7711;Actinopteri_186623;Gobiiformes_1489878;Gobiidae_8220;Eviota_166746;Eviota_prasina_595619	92.857	196	100	8.20e-76	283	family	Eukaryota	Chordata	Actinopteri	Gobiiformes	Gobiidae	NA	NA
ASV0069	KP893074.1.70.1018###root_1;Eukaryota_2759;Chordata_7711;Actinopteri_186623;Anguilliformes_7933;Muraenidae_46660;Enchelynassa_876646;Enchelynassa_canina_876647	100	196	100	1.03e-99	363	species	Eukaryota	Chordata	Actinopteri	Anguilliformes	Muraenidae	Enchelynassa	Enchelynassa canina
ASV0070	PX112431.1.11091.12036###root_1;Eukaryota_2759;Chordata_7711;Actinopteri_186623;order_Siganidae_75382;Siganidae_75382;Siganus_75041;Siganus_spinus_225758	98.99	198	100	6.27e-97	353	species	Eukaryota	Chordata	Actinopteri	Siganidae	Siganidae	Siganus	Siganus spinus
ASV0071	LC654232.1.<1.970###root_1;Eukaryota_2759;Chordata_7711;Actinopteri_186623;Aulopiformes_68510;Synodontidae_81390;Saurida_143309;Saurida_nebulosa_1074258	97.396	192	100	3.67e-89	327	genus	Eukaryota	Chordata	Actinopteri	Aulopiformes	Synodontidae	Saurida	Saurida sp.
ASV0072	OQ342819.1.<1.>217###root_1;Eukaryota_2759;Chordata_7711;Actinopteri_186623;Tetraodontiformes_31022;Diodontidae_31034;Diodon_223142;Diodon_hystrix_223145	100	196	100	1.03e-99	363	species	Eukaryota	Chordata	Actinopteri	Tetraodontiformes	Diodontidae	Diodon	Diodon hystrix
ASV0073	OP749983.1.70.1017###root_1;Eukaryota_2759;Chordata_7711;Actinopteri_186623;Blenniiformes_1489921;Blenniidae_56718;Cirripectes_703910;Cirripectes_randalli_2999979	100	195	100	3.68e-99	361	species	Eukaryota	Chordata	Actinopteri	Blenniiformes	Blenniidae	Cirripectes	Cirripectes randalli
ASV0074	EU601180.1.22.>926###root_1;Eukaryota_2759;Chordata_7711;Actinopteri_186623;Labriformes_1489928;Labridae_8247;Calotomus_188111;Calotomus_spinidens_544409	96.429	196	100	1.75e-87	322	genus	Eukaryota	Chordata	Actinopteri	Labriformes	Labridae	Calotomus	Calotomus sp.
ASV0075	LC552445.2.<1.892###root_1;Eukaryota_2759;Chordata_7711;Actinopteri_186623;Carangiformes_1489907;Carangidae_8157;Caranx_8158;Caranx_papuensis_691748	100	196	100	1.03e-99	363	species	Eukaryota	Chordata	Actinopteri	Carangiformes	Carangidae	Caranx	Caranx papuensis
ASV0077	JQ707028.1.<1.>860###root_1;Eukaryota_2759;Chordata_7711;Actinopteri_186623;order_Pomacentridae_30863;Pomacentridae_30863;Abudefduf_36213;Abudefduf_sparoides_229093	99.49	196	100	4.79e-98	357	species	Eukaryota	Chordata	Actinopteri	Pomacentridae	Pomacentridae	Abudefduf	Abudefduf sparoides
ASV0078	OP035101.1.70.1021###root_1;Eukaryota_2759;Chordata_7711;Actinopteri_186623;Anguilliformes_7933;Muraenidae_46660;Gymnothorax_121281;Gymnothorax_chilospilus_473452	100	200	100	6.30e-102	370	species	Eukaryota	Chordata	Actinopteri	Anguilliformes	Muraenidae	Gymnothorax	Gymnothorax chilospilus
ASV0079	AY279583.1.<1.>943###root_1;Eukaryota_2759;Chordata_7711;Actinopteri_186623;Labriformes_1489928;Labridae_8247;Cheilio_241272;Cheilio_inermis_241273	100	196	100	1.03e-99	363	species	Eukaryota	Chordata	Actinopteri	Labriformes	Labridae	Cheilio	Cheilio inermis
ASV0080	LC720143.1.<1.895###root_1;Eukaryota_2759;Chordata_7711;Actinopteri_186623;Kurtiformes_1489876;Apogonidae_83881;Ostorhinchus_638290;Ostorhinchus_wassinki_2966342	94.949	198	100	4.86e-83	307	family	Eukaryota	Chordata	Actinopteri	Kurtiformes	Apogonidae	NA	NA
ASV0081	LC506702.2.<1.886###root_1;Eukaryota_2759;Chordata_7711;Actinopteri_186623;Atheriniformes_8075;Atherinidae_69128;Hypoatherina_123717;Hypoatherina_tsurugae_126353	93.878	196	100	1.06e-79	296	family	Eukaryota	Chordata	Actinopteri	Atheriniformes	Atherinidae	NA	NA
ASV0082	LC774642.1.<1.894###root_1;Eukaryota_2759;Chordata_7711;Actinopteri_186623;order_Sphyraenidae_27769;Sphyraenidae_27769;Sphyraena_13691;Sphyraena_obtusata_392539	98.477	197	100	2.90e-95	348	species	Eukaryota	Chordata	Actinopteri	Sphyraenidae	Sphyraenidae	Sphyraena	Sphyraena obtusata
ASV0083	AF285933.1.<1.>886###root_1;Eukaryota_2759;Chordata_7711;Actinopteri_186623;order_Pomacentridae_30863;Pomacentridae_30863;Stegastes_80992;Stegastes_lacrymatus_80988	96	200	100	4.97e-88	324	genus	Eukaryota	Chordata	Actinopteri	Pomacentridae	Pomacentridae	Stegastes	Stegastes sp.
ASV0084	KP874183.1.71.1018###root_1;Eukaryota_2759;Chordata_7711;Actinopteri_186623;Anguilliformes_7933;Muraenidae_46660;Scuticaria_210591;Scuticaria_tigrina_391220	92.857	196	99	8.29e-76	283	family	Eukaryota	Chordata	Actinopteri	Anguilliformes	Muraenidae	NA	NA
ASV0085	KF374964.1.<1.>946###root_1;Eukaryota_2759;Chordata_7711;Actinopteri_186623;Mugiliformes_41872;Mugilidae_8189;Moolgarda_1111164;Moolgarda_seheli_1111465	98.995	199	100	4.87e-98	357	species	Eukaryota	Chordata	Actinopteri	Mugiliformes	Mugilidae	Moolgarda	Moolgarda seheli
ASV0086	LC814915.1.<1.>739###root_1;Eukaryota_2759;Chordata_7711;Actinopteri_186623;order_Pomacentridae_30863;Pomacentridae_30863;Plectroglyphidodon_80986;Plectroglyphidodon_imparipennis_997974	100	196	100	1.03e-99	363	species	Eukaryota	Chordata	Actinopteri	Pomacentridae	Pomacentridae	Plectroglyphidodon	Plectroglyphidodon imparipennis
ASV0087	MH248172.1.<1.>670###root_1;Eukaryota_2759;Chordata_7711;Actinopteri_186623;Carangiformes_1489907;Carangidae_8157;Caranx_8158;Caranx_sexfasciatus_173346	100	196	100	1.03e-99	363	species	Eukaryota	Chordata	Actinopteri	Carangiformes	Carangidae	Caranx	Caranx sexfasciatus
ASV0088	OP035184.1.70.1018###root_1;Eukaryota_2759;Chordata_7711;Actinopteri_186623;Anguilliformes_7933;Muraenidae_46660;Echidna_189497;Echidna_nebulosa_586818	100	196	100	1.03e-99	363	species	Eukaryota	Chordata	Actinopteri	Anguilliformes	Muraenidae	Echidna	Echidna nebulosa
ASV0089	MH248213.1.<1.>651###root_1;Eukaryota_2759;Chordata_7711;Actinopteri_186623;Spariformes_1489931;Lethrinidae_30848;Lethrinus_119720;Lethrinus_nebulosus_182658	98.98	196	100	2.23e-96	351	species	Eukaryota	Chordata	Actinopteri	Spariformes	Lethrinidae	Lethrinus	Lethrinus nebulosus
ASV0090	OP718221.1.69.1023###root_1;Eukaryota_2759;Chordata_7711;Actinopteri_186623;Syngnathiformes_129912;Mullidae_30854;Parupeneus_334899;Parupeneus_multifasciatus_626244	100	197	100	2.88e-100	364	species	Eukaryota	Chordata	Actinopteri	Syngnathiformes	Mullidae	Parupeneus	Parupeneus multifasciatus
ASV0091	MW133237.1.70.1019###root_1;Eukaryota_2759;Chordata_7711;Actinopteri_186623;Anguilliformes_7933;Muraenidae_46660;Gymnothorax_121281;Gymnothorax_rueppelliae_3040411	100	196	100	1.03e-99	363	species	Eukaryota	Chordata	Actinopteri	Anguilliformes	Muraenidae	Gymnothorax	Gymnothorax rueppelliae
ASV0092	OQ342818.1.<1.>219###root_1;Eukaryota_2759;Chordata_7711;Actinopteri_186623;Centrarchiformes_1489940;Kyphosidae_30843;Kyphosus_163142;Kyphosus_sectatrix_1099869	100	198	100	8.05e-101	366	species	Eukaryota	Chordata	Actinopteri	Centrarchiformes	Kyphosidae	Kyphosus	Kyphosus sectatrix
ASV0093	OR654976.1.71.1025###root_1;Eukaryota_2759;Chordata_7711;Actinopteri_186623;order_Pomacentridae_30863;Pomacentridae_30863;Dascyllus_50744;Dascyllus_aruanus_80949	98.985	197	100	6.23e-97	353	species	Eukaryota	Chordata	Actinopteri	Pomacentridae	Pomacentridae	Dascyllus	Dascyllus aruanus
ASV0094	OP035255.2.69.1022###root_1;Eukaryota_2759;Chordata_7711;Actinopteri_186623;Labriformes_1489928;Labridae_8247;Chlorurus_126670;Chlorurus_spilurus_1236054	99.497	199	100	1.05e-99	363	species	Eukaryota	Chordata	Actinopteri	Labriformes	Labridae	Chlorurus	Chlorurus spilurus
ASV0095	AY279646.1.<1.>880###root_1;Eukaryota_2759;Chordata_7711;Actinopteri_186623;Labriformes_1489928;Labridae_8247;Stethojulis_241347;Stethojulis_bandanensis_241348	99.492	197	100	1.34e-98	359	species	Eukaryota	Chordata	Actinopteri	Labriformes	Labridae	Stethojulis	Stethojulis bandanensis
ASV0096	AP019605.1.69.1016###root_1;Eukaryota_2759;Chordata_7711;Actinopteri_186623;Tetraodontiformes_31022;Tetraodontidae_31031;Arothron_50368;Arothron_nigropunctatus_300224	100	198	100	8.05e-101	366	species	Eukaryota	Chordata	Actinopteri	Tetraodontiformes	Tetraodontidae	Arothron	Arothron nigropunctatus
ASV0097	JQ707038.1.<1.>864###root_1;Eukaryota_2759;Chordata_7711;Actinopteri_186623;order_Pomacentridae_30863;Pomacentridae_30863;Chromis_80974;Chromis_nigrura_997968	98.99	198	100	1.74e-97	355	species	Eukaryota	Chordata	Actinopteri	Pomacentridae	Pomacentridae	Chromis	Chromis nigrura
ASV0098	JQ729317.1.<1.>875###root_1;Eukaryota_2759;Chordata_7711;Actinopteri_186623;order_Pomacentridae_30863;Pomacentridae_30863;Chrysiptera_80978;Chrysiptera_annulata_229099	97.436	195	100	8.02e-91	333	genus	Eukaryota	Chordata	Actinopteri	Pomacentridae	Pomacentridae	Chrysiptera	Chrysiptera sp.
ASV0099	LC499516.1.<1.>168###root_1;Eukaryota_2759;Chordata_7711;Actinopteri_186623;Gobiiformes_1489878;Gobiidae_8220;Gunnellichthys_86212;Gunnellichthys_pleurotaenia_348440	93.902	164	85	2.97e-65	248	family	Eukaryota	Chordata	Actinopteri	Gobiiformes	Gobiidae	NA	NA
ASV0100	LC669519.1.<1.890###root_1;Eukaryota_2759;Chordata_7711;Actinopteri_186623;Acropomatiformes_3051910;Pempheridae_30859;Pempheris_463599;Pempheris_adusta_475169	92.462	199	100	1.07e-74	279	family	Eukaryota	Chordata	Actinopteri	Acropomatiformes	Pempheridae	NA	NA
ASV0101	LC146314.1.<1.>170###root_1;Eukaryota_2759;Chordata_7711;Actinopteri_186623;Gobiiformes_1489878;Gobiidae_8220;Eviota_166746;Eviota_distigma_1146967	96.491	171	86	2.98e-75	281	genus	Eukaryota	Chordata	Actinopteri	Gobiiformes	Gobiidae	Eviota	Eviota sp.
ASV0102	OP035076.1.69.1018###root_1;Eukaryota_2759;Chordata_7711;Actinopteri_186623;Holocentriformes_1490028;Holocentridae_47697;Sargocentron_47707;Sargocentron_punctatissimum_47711	99.492	197	100	1.34e-98	359	species	Eukaryota	Chordata	Actinopteri	Holocentriformes	Holocentridae	Sargocentron	Sargocentron punctatissimum
ASV0103	MZ329993.1.70.1014###root_1;Eukaryota_2759;Chordata_7711;Actinopteri_186623;Beloniformes_76071;Belonidae_94935;Tylosurus_129072;Tylosurus_crocodilus_129077	99.49	196	100	4.79e-98	357	species	Eukaryota	Chordata	Actinopteri	Beloniformes	Belonidae	Tylosurus	Tylosurus crocodilus
ASV0104	LC278140.2.<1.887###root_1;Eukaryota_2759;Chordata_7711;Actinopteri_186623;Blenniiformes_1489921;Blenniidae_56718;Cirripectes_703910;Cirripectes_polyzona_879475	100	195	100	3.68e-99	361	species	Eukaryota	Chordata	Actinopteri	Blenniiformes	Blenniidae	Cirripectes	Cirripectes polyzona
ASV0105	AP005987.1.69.1017###root_1;Eukaryota_2759;Chordata_7711;Actinopteri_186623;Syngnathiformes_129912;Fistulariidae_206152;Fistularia_206153;Fistularia_commersonii_215343	100	196	100	1.03e-99	363	species	Eukaryota	Chordata	Actinopteri	Syngnathiformes	Fistulariidae	Fistularia	Fistularia commersonii
ASV0106	JX242924.1.<1.>730###root_1;Eukaryota_2759;Chordata_7711;Actinopteri_186623;Anguilliformes_7933;Muraenidae_46660;Gymnothorax_121281;Gymnothorax_fuscomaculatus_1146971	100	196	100	1.03e-99	363	species	Eukaryota	Chordata	Actinopteri	Anguilliformes	Muraenidae	Gymnothorax	Gymnothorax fuscomaculatus
ASV0107	LC772878.1.<1.>170###root_1;Eukaryota_2759;Chordata_7711;Actinopteri_186623;Gobiiformes_1489878;Gobiidae_8220;Palutrus_2589341;Palutrus_meteori_3053078	94.706	170	86	1.07e-69	263	family	Eukaryota	Chordata	Actinopteri	Gobiiformes	Gobiidae	NA	NA
ASV0108	LC520090.1.70.1023###root_1;Eukaryota_2759;Chordata_7711;Mammalia_40674;Carnivora_33554;Canidae_9608;Canis_9611;Canis_lupus_9612	100	169	100	8.86e-85	313	species	Eukaryota	Chordata	Mammalia	Carnivora	Canidae	Canis	Canis lupus
ASV0109	KT600971.1.<1.>764###root_1;Eukaryota_2759;Chordata_7711;Actinopteri_186623;Tetraodontiformes_31022;Balistidae_31024;Rhinecanthus_245704;Rhinecanthus_rectangulus_480297	100	198	100	8.05e-101	366	species	Eukaryota	Chordata	Actinopteri	Tetraodontiformes	Balistidae	Rhinecanthus	Rhinecanthus rectangulus
ASV0110	LC584263.1.<1.>545###root_1;Eukaryota_2759;Chordata_7711;Actinopteri_186623;Kurtiformes_1489876;Apogonidae_83881;Ostorhinchus_638290;Ostorhinchus_taeniophorus_247547	98.462	195	100	3.71e-94	344	species	Eukaryota	Chordata	Actinopteri	Kurtiformes	Apogonidae	Ostorhinchus	Ostorhinchus taeniophorus
ASV0111	MZ598300.1.<1.>169###root_1;Eukaryota_2759;Chordata_7711;Actinopteri_186623;Gobiiformes_1489878;Gobiidae_8220;Cabillus_166736;Cabillus_tongarevae_166737	95.783	166	85	8.26e-71	267	genus	Eukaryota	Chordata	Actinopteri	Gobiiformes	Gobiidae	Cabillus	Cabillus sp.
ASV0112	PP140670.1.11089.12034###root_1;Eukaryota_2759;Chordata_7711;Actinopteri_186623;order_Siganidae_75382;Siganidae_75382;Siganus_75041;Siganus_argenteus_225755	100	197	100	2.88e-100	364	species	Eukaryota	Chordata	Actinopteri	Siganidae	Siganidae	Siganus	Siganus argenteus
ASV0113	AP019337.1.69.1017###root_1;Eukaryota_2759;Chordata_7711;Actinopteri_186623;Gobiiformes_1489878;Gobiidae_8220;Eviota_166746;Eviota_prasina_595619	87.755	196	100	3.87e-59	228	order	Eukaryota	Chordata	Actinopteri	Gobiiformes	NA	NA	NA
ASV0114	LC654180.1.<1.895###root_1;Eukaryota_2759;Chordata_7711;Actinopteri_186623;Syngnathiformes_129912;Mullidae_30854;Parupeneus_334899;Parupeneus_ciliatus_435217	98.477	197	100	2.90e-95	348	species	Eukaryota	Chordata	Actinopteri	Syngnathiformes	Mullidae	Parupeneus	Parupeneus ciliatus
ASV0115	MZ597946.1.<1.>169###root_1;Eukaryota_2759;Chordata_7711;Actinopteri_186623;Kurtiformes_1489876;Apogonidae_83881;Nectamia_638237;Nectamia_savayensis_316373	99.398	166	85	2.28e-81	302	species	Eukaryota	Chordata	Actinopteri	Kurtiformes	Apogonidae	Nectamia	Nectamia savayensis
ASV0116	OP035070.2.69.1017###root_1;Eukaryota_2759;Chordata_7711;Actinopteri_186623;Labriformes_1489928;Labridae_8247;Novaculichthys_241322;Novaculichthys_taeniourus_241500	100	197	100	2.88e-100	364	species	Eukaryota	Chordata	Actinopteri	Labriformes	Labridae	Novaculichthys	Novaculichthys taeniourus
ASV0117	AP012020.1.72.1025###root_1;Eukaryota_2759;Chordata_7711;Actinopteri_186623;Siluriformes_7995;Plotosidae_30997;Plotosus_243561;Plotosus_japonicus_909843	98.485	198	100	8.11e-96	350	species	Eukaryota	Chordata	Actinopteri	Siluriformes	Plotosidae	Plotosus	Plotosus japonicus
ASV0118	KT600949.1.<1.>762###root_1;Eukaryota_2759;Chordata_7711;Actinopteri_186623;Tetraodontiformes_31022;Monacanthidae_143346;Cantherhines_303711;Cantherhines_pullus_303713	100	197	100	2.88e-100	364	species	Eukaryota	Chordata	Actinopteri	Tetraodontiformes	Monacanthidae	Cantherhines	Cantherhines pullus
ASV0119	LC026706.1.<1.>168###root_1;Eukaryota_2759;Chordata_7711;Actinopteri_186623;Perciformes_8111;Scorpaenidae_8108;Parascorpaena_626228;Parascorpaena_mossambica_1003773	93.452	168	86	8.31e-66	250	family	Eukaryota	Chordata	Actinopteri	Perciformes	Scorpaenidae	NA	NA
ASV0120	KF374964.1.<1.>946###root_1;Eukaryota_2759;Chordata_7711;Actinopteri_186623;Mugiliformes_41872;Mugilidae_8189;Moolgarda_1111164;Moolgarda_seheli_1111465	97.99	199	100	1.05e-94	346	genus	Eukaryota	Chordata	Actinopteri	Mugiliformes	Mugilidae	Moolgarda	Moolgarda sp.
ASV0121	LC579379.1.<1.>497###root_1;Eukaryota_2759;Chordata_7711;Actinopteri_186623;Acanthuriformes_1489937;Acanthuridae_29146;Acanthurus_12912;Acanthurus_guttatus_75013	100	197	100	2.88e-100	364	species	Eukaryota	Chordata	Actinopteri	Acanthuriformes	Acanthuridae	Acanthurus	Acanthurus guttatus
ASV0122	OP718221.1.69.1023###root_1;Eukaryota_2759;Chordata_7711;Actinopteri_186623;Syngnathiformes_129912;Mullidae_30854;Parupeneus_334899;Parupeneus_multifasciatus_626244	96.97	198	100	2.94e-90	331	genus	Eukaryota	Chordata	Actinopteri	Syngnathiformes	Mullidae	Parupeneus	Parupeneus sp.
ASV0123	LC499568.2.<1.890###root_1;Eukaryota_2759;Chordata_7711;Actinopteri_186623;Gobiiformes_1489878;Gobiidae_8220;Callogobius_166738;Callogobius_sclateri_166739	96.907	194	100	1.33e-88	326	genus	Eukaryota	Chordata	Actinopteri	Gobiiformes	Gobiidae	Callogobius	Callogobius sp.
ASV0124	MZ329993.1.70.1014###root_1;Eukaryota_2759;Chordata_7711;Actinopteri_186623;Beloniformes_76071;Belonidae_94935;Tylosurus_129072;Tylosurus_crocodilus_129077	100	196	100	1.03e-99	363	species	Eukaryota	Chordata	Actinopteri	Beloniformes	Belonidae	Tylosurus	Tylosurus crocodilus
ASV0125	OP718224.1.70.1024###root_1;Eukaryota_2759;Chordata_7711;Actinopteri_186623;Syngnathiformes_129912;Mullidae_30854;Parupeneus_334899;Parupeneus_barberinus_475168	99.495	198	100	3.75e-99	361	species	Eukaryota	Chordata	Actinopteri	Syngnathiformes	Mullidae	Parupeneus	Parupeneus barberinus
ASV0126	KT600971.1.<1.>764###root_1;Eukaryota_2759;Chordata_7711;Actinopteri_186623;Tetraodontiformes_31022;Balistidae_31024;Rhinecanthus_245704;Rhinecanthus_rectangulus_480297	98.99	198	100	1.74e-97	355	species	Eukaryota	Chordata	Actinopteri	Tetraodontiformes	Balistidae	Rhinecanthus	Rhinecanthus rectangulus
ASV0127	MW630192.1.<1.>841###root_1;Eukaryota_2759;Chordata_7711;Actinopteri_186623;order_Plesiopidae_30861;Plesiopidae_30861;Plesiops_270569;Plesiops_coeruleolineatus_1146978	100	196	100	1.03e-99	363	species	Eukaryota	Chordata	Actinopteri	Plesiopidae	Plesiopidae	Plesiops	Plesiops coeruleolineatus
ASV0128	OM302214.1.69.1027###root_1;Eukaryota_2759;Chordata_7711;Actinopteri_186623;Spariformes_1489931;Lethrinidae_30848;Gnathodentex_490322;Gnathodentex_aureolineatus_490323	100	197	100	2.88e-100	364	species	Eukaryota	Chordata	Actinopteri	Spariformes	Lethrinidae	Gnathodentex	Gnathodentex aureolineatus
ASV0129	KY815251.1.<1.>888###root_1;Eukaryota_2759;Chordata_7711;Actinopteri_186623;Labriformes_1489928;Labridae_8247;Cheilinus_202584;Cheilinus_trilobatus_290113	100	196	100	1.03e-99	363	species	Eukaryota	Chordata	Actinopteri	Labriformes	Labridae	Cheilinus	Cheilinus trilobatus
ASV0130	MW376909.1.69.1014###root_1;Eukaryota_2759;Chordata_7711;Actinopteri_186623;order_Siganidae_75382;Siganidae_75382;Siganus_75041;Siganus_luridus_226939	99.492	197	100	1.34e-98	359	species	Eukaryota	Chordata	Actinopteri	Siganidae	Siganidae	Siganus	Siganus luridus
ASV0131	OP035185.1.69.1023###root_1;Eukaryota_2759;Chordata_7711;Actinopteri_186623;Kurtiformes_1489876;Apogonidae_83881;Pristiapogon_638292;Pristiapogon_kallopterus_316349	100	196	100	1.03e-99	363	species	Eukaryota	Chordata	Actinopteri	Kurtiformes	Apogonidae	Pristiapogon	Pristiapogon kallopterus
ASV0132	PP467879.1.<1.>682###root_1;Eukaryota_2759;Chordata_7711;Actinopteri_186623;Stomiiformes_48438;Gonostomatidae_48439;Cyclothone_48440;Cyclothone_microdon_48447	87.047	193	99	1.08e-54	213	order	Eukaryota	Chordata	Actinopteri	Stomiiformes	NA	NA	NA
ASV0133	AP019601.1.69.1016###root_1;Eukaryota_2759;Chordata_7711;Actinopteri_186623;Tetraodontiformes_31022;Tetraodontidae_31031;Arothron_50368;Arothron_manilensis_300222	98.99	198	100	1.74e-97	355	species	Eukaryota	Chordata	Actinopteri	Tetraodontiformes	Tetraodontidae	Arothron	Arothron manilensis
ASV0134	LC458136.2.<1.890###root_1;Eukaryota_2759;Chordata_7711;Actinopteri_186623;Gerreiformes_2024538;Gerreidae_274463;Gerres_274464;Gerres_erythrourus_332416	95.918	196	100	8.08e-86	316	genus	Eukaryota	Chordata	Actinopteri	Gerreiformes	Gerreidae	Gerres	Gerres sp.
ASV0135	KT600964.1.<1.>763###root_1;Eukaryota_2759;Chordata_7711;Actinopteri_186623;Tetraodontiformes_31022;Balistidae_31024;Pseudobalistes_303694;Pseudobalistes_flavimarginatus_392903	99.492	197	100	1.34e-98	359	species	Eukaryota	Chordata	Actinopteri	Tetraodontiformes	Balistidae	Pseudobalistes	Pseudobalistes flavimarginatus
ASV0136	AP005991.1.70.1024###root_1;Eukaryota_2759;Chordata_7711;Actinopteri_186623;Perciformes_8111;Serranidae_30871;Epinephelus_94231;Epinephelus_merra_215346	96.939	196	100	1.04e-89	329	genus	Eukaryota	Chordata	Actinopteri	Perciformes	Serranidae	Epinephelus	Epinephelus sp.
ASV0137	OQ656152.1.70.1016###root_1;Eukaryota_2759;Chordata_7711;Actinopteri_186623;Anguilliformes_7933;Muraenidae_46660;Gymnothorax_121281;Gymnothorax_buroensis_876628	100	195	100	3.68e-99	361	species	Eukaryota	Chordata	Actinopteri	Anguilliformes	Muraenidae	Gymnothorax	Gymnothorax buroensis
ASV0138	LC830264.1.<1.885###root_1;Eukaryota_2759;Chordata_7711;Actinopteri_186623;Beloniformes_76071;Hemiramphidae_88694;Hemiramphus_88695;Hemiramphus_far_293920	98.469	196	100	1.04e-94	346	species	Eukaryota	Chordata	Actinopteri	Beloniformes	Hemiramphidae	Hemiramphus	Hemiramphus far
ASV0139	KT600964.1.<1.>763###root_1;Eukaryota_2759;Chordata_7711;Actinopteri_186623;Tetraodontiformes_31022;Balistidae_31024;Pseudobalistes_303694;Pseudobalistes_flavimarginatus_392903	100	197	100	2.88e-100	364	species	Eukaryota	Chordata	Actinopteri	Tetraodontiformes	Balistidae	Pseudobalistes	Pseudobalistes flavimarginatus
ASV0140	AP012310.1.70.1024###root_1;Eukaryota_2759;Chordata_7711;Actinopteri_186623;Syngnathiformes_129912;Mullidae_30854;Mulloidichthys_342442;Mulloidichthys_vanicolensis_342443	98.985	197	100	6.23e-97	353	species	Eukaryota	Chordata	Actinopteri	Syngnathiformes	Mullidae	Mulloidichthys	Mulloidichthys vanicolensis
ASV0141	LC710304.1.<1.889###root_1;Eukaryota_2759;Chordata_7711;Actinopteri_186623;Blenniiformes_1489921;Tripterygiidae_57771;Enneapterygius_130720;Enneapterygius_etheostoma_3354692	94.359	195	100	2.91e-80	298	family	Eukaryota	Chordata	Actinopteri	Blenniiformes	Tripterygiidae	NA	NA
ASV0142	MT954104.1.70.1016###root_1;Eukaryota_2759;Chordata_7711;Actinopteri_186623;order_Pomacentridae_30863;Pomacentridae_30863;Abudefduf_36213;Abudefduf_vaigiensis_192871	99.49	196	100	4.79e-98	357	species	Eukaryota	Chordata	Actinopteri	Pomacentridae	Pomacentridae	Abudefduf	Abudefduf vaigiensis
ASV0143	AY279603.1.<1.>902###root_1;Eukaryota_2759;Chordata_7711;Actinopteri_186623;Labriformes_1489928;Labridae_8247;Halichoeres_51788;Halichoeres_marginatus_241295	97.949	195	100	6.20e-92	337	genus	Eukaryota	Chordata	Actinopteri	Labriformes	Labridae	Halichoeres	Halichoeres sp.
ASV0145	KM224290.1.<1.>319###root_1;Eukaryota_2759;Chordata_7711;Mammalia_40674;Primates_9443;Hominidae_9604;Homo_9605;Homo_sapiens_9606	100	198	100	8.05e-101	366	species	Eukaryota	Chordata	Mammalia	Primates	Hominidae	Homo	Homo sapiens
ASV0146	AY279641.1.<1.>940###root_1;Eukaryota_2759;Chordata_7711;Actinopteri_186623;Labriformes_1489928;Labridae_8247;Pteragogus_202595;Pteragogus_cryptus_202596	90.355	197	100	5.00e-68	257	family	Eukaryota	Chordata	Actinopteri	Labriformes	Labridae	NA	NA
ASV0147	AP012310.1.70.1024###root_1;Eukaryota_2759;Chordata_7711;Actinopteri_186623;Syngnathiformes_129912;Mullidae_30854;Mulloidichthys_342442;Mulloidichthys_vanicolensis_342443	98.985	197	100	6.23e-97	353	species	Eukaryota	Chordata	Actinopteri	Syngnathiformes	Mullidae	Mulloidichthys	Mulloidichthys vanicolensis
ASV0148	AP009162.1.69.1016###root_1;Eukaryota_2759;Chordata_7711;Actinopteri_186623;Acanthuriformes_1489937;Zanclidae_75383;Zanclus_75043;Zanclus_cornutus_75044	99.49	196	100	4.79e-98	357	species	Eukaryota	Chordata	Actinopteri	Acanthuriformes	Zanclidae	Zanclus	Zanclus cornutus
ASV0149	JX242930.1.<1.>814###root_1;Eukaryota_2759;Chordata_7711;Actinopteri_186623;Anguilliformes_7933;Muraenidae_46660;Gymnothorax_121281;Gymnothorax_richardsonii_876637	100	195	100	3.68e-99	361	species	Eukaryota	Chordata	Actinopteri	Anguilliformes	Muraenidae	Gymnothorax	Gymnothorax richardsonii
ASV0150	LC649115.1.<1.887###root_1;Eukaryota_2759;Chordata_7711;Actinopteri_186623;Anguilliformes_7933;Muraenidae_46660;Gymnothorax_121281;Gymnothorax_meleagris_473458	100	196	100	1.03e-99	363	species	Eukaryota	Chordata	Actinopteri	Anguilliformes	Muraenidae	Gymnothorax	Gymnothorax meleagris
ASV0151	LC814899.1.<1.>740###root_1;Eukaryota_2759;Chordata_7711;Actinopteri_186623;order_Pomacentridae_30863;Pomacentridae_30863;Chrysiptera_80978;Chrysiptera_unimaculata_646023	100	195	100	3.68e-99	361	species	Eukaryota	Chordata	Actinopteri	Pomacentridae	Pomacentridae	Chrysiptera	Chrysiptera unimaculata
ASV0152	LC506702.2.<1.886###root_1;Eukaryota_2759;Chordata_7711;Actinopteri_186623;Atheriniformes_8075;Atherinidae_69128;Hypoatherina_123717;Hypoatherina_tsurugae_126353	96.429	196	100	4.86e-88	324	genus	Eukaryota	Chordata	Actinopteri	Atheriniformes	Atherinidae	Hypoatherina	Hypoatherina sp.
ASV0153	AB974508.2.<1.888###root_1;Eukaryota_2759;Chordata_7711;Actinopteri_186623;Holocentriformes_1490028;Holocentridae_47697;Myripristis_47699;Myripristis_greenfieldi_1522387	99.495	198	100	3.75e-99	361	species	Eukaryota	Chordata	Actinopteri	Holocentriformes	Holocentridae	Myripristis	Myripristis greenfieldi
ASV0154	LC579951.1.<1.>429###root_1;Eukaryota_2759;Chordata_7711;Actinopteri_186623;Blenniiformes_1489921;Gobiesocidae_63826;Aspasma_181475;Aspasma_ubauo_2740759	91.237	194	100	1.06e-69	263	family	Eukaryota	Chordata	Actinopteri	Blenniiformes	Gobiesocidae	NA	NA
ASV0155	AP006760.1.69.1014###root_1;Eukaryota_2759;Chordata_7711;Actinopteri_186623;Clupeiformes_32446;Chirocentridae_94304;Chirocentrus_94305;Chirocentrus_dorab_221863	95.408	196	100	3.76e-84	311	genus	Eukaryota	Chordata	Actinopteri	Clupeiformes	Chirocentridae	Chirocentrus	Chirocentrus sp.
ASV0156	MW630248.1.<1.>827###root_1;Eukaryota_2759;Chordata_7711;Actinopteri_186623;order_Pomacentridae_30863;Pomacentridae_30863;Plectroglyphidodon_80986;Plectroglyphidodon_johnstonianus_997975	97.475	198	100	1.76e-92	339	genus	Eukaryota	Chordata	Actinopteri	Pomacentridae	Pomacentridae	Plectroglyphidodon	Plectroglyphidodon sp.
ASV0157	LC715464.1.<1.898###root_1;Eukaryota_2759;Chordata_7711;Actinopteri_186623;Spariformes_1489931;Lethrinidae_30848;Lethrinus_119720;Lethrinus_amboinensis_1828435	96.923	195	100	3.73e-89	327	genus	Eukaryota	Chordata	Actinopteri	Spariformes	Lethrinidae	Lethrinus	Lethrinus sp.
ASV0158	LC458136.2.<1.890###root_1;Eukaryota_2759;Chordata_7711;Actinopteri_186623;Gerreiformes_2024538;Gerreidae_274463;Gerres_274464;Gerres_erythrourus_332416	94.388	196	100	8.09e-81	300	family	Eukaryota	Chordata	Actinopteri	Gerreiformes	Gerreidae	NA	NA
ASV0159	FJ616362.1.<1.>948###root_1;Eukaryota_2759;Chordata_7711;Actinopteri_186623;order_Pomacentridae_30863;Pomacentridae_30863;Stegastes_80992;Stegastes_lacrymatus_80988	97.5	200	100	4.91e-93	340	genus	Eukaryota	Chordata	Actinopteri	Pomacentridae	Pomacentridae	Stegastes	Stegastes sp.
ASV0160	OR148895.1.11122.12069###root_1;Eukaryota_2759;Chordata_7711;Actinopteri_186623;Holocentriformes_1490028;Holocentridae_47697;Myripristis_47699;Myripristis_murdjan_586833	100	198	100	8.05e-101	366	species	Eukaryota	Chordata	Actinopteri	Holocentriformes	Holocentridae	Myripristis	Myripristis murdjan
ASV0161	MT199208.1.70.1016###root_1;Eukaryota_2759;Chordata_7711;Actinopteri_186623;order_Pomacentridae_30863;Pomacentridae_30863;Chromis_80974;Chromis_viridis_80977	98.98	196	100	2.23e-96	351	species	Eukaryota	Chordata	Actinopteri	Pomacentridae	Pomacentridae	Chromis	Chromis viridis
ASV0162	LC669525.1.<1.888###root_1;Eukaryota_2759;Chordata_7711;Actinopteri_186623;Holocentriformes_1490028;Holocentridae_47697;Neoniphon_47703;Neoniphon_sammara_47706	99.495	198	100	3.75e-99	361	species	Eukaryota	Chordata	Actinopteri	Holocentriformes	Holocentridae	Neoniphon	Neoniphon sammara
ASV0163	OP035283.1.69.1027###root_1;Eukaryota_2759;Chordata_7711;Actinopteri_186623;Tetraodontiformes_31022;Balistidae_31024;Sufflamen_181477;Sufflamen_bursa_303704	100	199	100	2.25e-101	368	species	Eukaryota	Chordata	Actinopteri	Tetraodontiformes	Balistidae	Sufflamen	Sufflamen bursa
ASV0164	ON000828.2.<1.>875###root_1;Eukaryota_2759;Chordata_7711;Actinopteri_186623;Labriformes_1489928;Labridae_8247;Gomphosus_8248;Gomphosus_caeruleus_239037	100	194	100	1.32e-98	359	species	Eukaryota	Chordata	Actinopteri	Labriformes	Labridae	Gomphosus	Gomphosus caeruleus
ASV0165	JX242925.1.<1.>811###root_1;Eukaryota_2759;Chordata_7711;Actinopteri_186623;Anguilliformes_7933;Muraenidae_46660;Gymnothorax_121281;Gymnothorax_margaritophorus_473393	100	200	100	6.30e-102	370	species	Eukaryota	Chordata	Actinopteri	Anguilliformes	Muraenidae	Gymnothorax	Gymnothorax margaritophorus
ASV0166	PV053446.1.<1.>167###root_1;Eukaryota_2759;Chordata_7711;Actinopteri_186623;Blenniiformes_1489921;Blenniidae_56718;Petroscirtes_57846;Petroscirtes_xestus_1156125	98.204	167	86	1.35e-78	292	species	Eukaryota	Chordata	Actinopteri	Blenniiformes	Blenniidae	Petroscirtes	Petroscirtes xestus
ASV0167	OQ675584.1.70.1016###root_1;Eukaryota_2759;Chordata_7711;Actinopteri_186623;Anguilliformes_7933;Muraenidae_46660;Echidna_189497;Echidna_polyzona_876624	99.487	195	100	1.71e-97	355	species	Eukaryota	Chordata	Actinopteri	Anguilliformes	Muraenidae	Echidna	Echidna polyzona
ASV0168	ON210977.1.69.1018###root_1;Eukaryota_2759;Chordata_7711;Actinopteri_186623;Acanthuriformes_1489937;Acanthuridae_29146;Acanthurus_12912;Acanthurus_triostegus_175435	98.985	197	100	6.23e-97	353	species	Eukaryota	Chordata	Actinopteri	Acanthuriformes	Acanthuridae	Acanthurus	Acanthurus triostegus
ASV0169	AP011930.1.69.1017###root_1;Eukaryota_2759;Chordata_7711;Actinopteri_186623;Tetraodontiformes_31022;Tetraodontidae_31031;Arothron_50368;Arothron_hispidus_300221	99.495	198	100	3.75e-99	361	species	Eukaryota	Chordata	Actinopteri	Tetraodontiformes	Tetraodontidae	Arothron	Arothron hispidus
ASV0170	PQ628834.1.<1.>920###root_1;Eukaryota_2759;Chordata_7711;Actinopteri_186623;Beloniformes_76071;Belonidae_94935;Tylosurus_129072;Tylosurus_rafale_3361917	97.959	196	100	4.82e-93	340	genus	Eukaryota	Chordata	Actinopteri	Beloniformes	Belonidae	Tylosurus	Tylosurus sp.
ASV0171	KY815353.1.<1.>878###root_1;Eukaryota_2759;Chordata_7711;Actinopteri_186623;Labriformes_1489928;Labridae_8247;Thalassoma_76337;Thalassoma_trilobatum_239059	100	194	100	1.32e-98	359	species	Eukaryota	Chordata	Actinopteri	Labriformes	Labridae	Thalassoma	Thalassoma trilobatum
ASV0172	FJ616361.1.<1.>957###root_1;Eukaryota_2759;Chordata_7711;Actinopteri_186623;order_Pomacentridae_30863;Pomacentridae_30863;Plectroglyphidodon_80986;Plectroglyphidodon_dickii_80987	100	201	100	1.76e-102	372	species	Eukaryota	Chordata	Actinopteri	Pomacentridae	Pomacentridae	Plectroglyphidodon	Plectroglyphidodon dickii
ASV0173	AB969913.2.<1.891###root_1;Eukaryota_2759;Chordata_7711;Actinopteri_186623;Blenniiformes_1489921;Blenniidae_56718;Entomacrodus_57795;Entomacrodus_striatus_879491	98.974	195	100	7.97e-96	350	species	Eukaryota	Chordata	Actinopteri	Blenniiformes	Blenniidae	Entomacrodus	Entomacrodus striatus
ASV0174	LC278265.2.<1.888###root_1;Eukaryota_2759;Chordata_7711;Actinopteri_186623;Acanthuriformes_1489937;Acanthuridae_29146;Naso_75027;Naso_unicornis_175444	99.492	197	100	1.34e-98	359	species	Eukaryota	Chordata	Actinopteri	Acanthuriformes	Acanthuridae	Naso	Naso unicornis
ASV0175	PP140670.1.11089.12034###root_1;Eukaryota_2759;Chordata_7711;Actinopteri_186623;order_Siganidae_75382;Siganidae_75382;Siganus_75041;Siganus_argenteus_225755	98.985	197	100	6.23e-97	353	species	Eukaryota	Chordata	Actinopteri	Siganidae	Siganidae	Siganus	Siganus argenteus
ASV0176	KU360727.1.70.1012###root_1;Eukaryota_2759;Chordata_7711;Actinopteri_186623;Beloniformes_76071;Exocoetidae_76072;Cheilopogon_293908;Cheilopogon_unicolor_933979	98.469	196	100	1.04e-94	346	species	Eukaryota	Chordata	Actinopteri	Beloniformes	Exocoetidae	Cheilopogon	Cheilopogon unicolor
ASV0177	LC458146.1.<1.>168###root_1;Eukaryota_2759;Chordata_7711;Actinopteri_186623;Labriformes_1489928;Labridae_8247;Pseudojuloides_241338;Pseudojuloides_elongatus_1500729	97.024	168	86	8.20e-76	283	genus	Eukaryota	Chordata	Actinopteri	Labriformes	Labridae	Pseudojuloides	Pseudojuloides sp.
ASV0178	LC740496.1.<1.885###root_1;Eukaryota_2759;Chordata_7711;Actinopteri_186623;Gobiiformes_1489878;Gobiidae_8220;Acentrogobius_376738;Acentrogobius_moloanus_2608407	90.863	197	100	3.86e-69	261	family	Eukaryota	Chordata	Actinopteri	Gobiiformes	Gobiidae	NA	NA
ASV0179	MT954104.1.70.1016###root_1;Eukaryota_2759;Chordata_7711;Actinopteri_186623;order_Pomacentridae_30863;Pomacentridae_30863;Abudefduf_36213;Abudefduf_vaigiensis_192871	100	196	100	1.03e-99	363	species	Eukaryota	Chordata	Actinopteri	Pomacentridae	Pomacentridae	Abudefduf	Abudefduf vaigiensis
ASV0180	LC499404.2.<1.875###root_1;Eukaryota_2759;Chordata_7711;Actinopteri_186623;Syngnathiformes_129912;Syngnathidae_72045;Corythoichthys_161447;Corythoichthys_flavofasciatus_1146965	95.361	194	100	1.34e-83	309	genus	Eukaryota	Chordata	Actinopteri	Syngnathiformes	Syngnathidae	Corythoichthys	Corythoichthys sp.
ASV0181	JN935814.1.<1.>958###root_1;Eukaryota_2759;Chordata_7711;Actinopteri_186623;order_Pomacentridae_30863;Pomacentridae_30863;Plectroglyphidodon_80986;Plectroglyphidodon_gascoynei_1081383	95.431	197	100	2.94e-85	315	genus	Eukaryota	Chordata	Actinopteri	Pomacentridae	Pomacentridae	Plectroglyphidodon	Plectroglyphidodon sp.
ASV0182	KT600961.1.<1.>761###root_1;Eukaryota_2759;Chordata_7711;Actinopteri_186623;Tetraodontiformes_31022;Monacanthidae_143346;Pervagor_392924;Pervagor_janthinosoma_392925	99.495	198	100	3.75e-99	361	species	Eukaryota	Chordata	Actinopteri	Tetraodontiformes	Monacanthidae	Pervagor	Pervagor janthinosoma
ASV0183	MZ598167.1.<1.>169###root_1;Eukaryota_2759;Chordata_7711;Actinopteri_186623;Anguilliformes_7933;Muraenidae_46660;Gymnothorax_121281;Gymnothorax_thyrsoideus_1138762	99.408	169	86	4.89e-83	307	species	Eukaryota	Chordata	Actinopteri	Anguilliformes	Muraenidae	Gymnothorax	Gymnothorax thyrsoideus
ASV0184	OP035154.1.69.1013###root_1;Eukaryota_2759;Chordata_7711;Actinopteri_186623;Aulopiformes_68510;Synodontidae_81390;Synodus_81391;Synodus_dermatogenys_1146991	100	195	100	3.68e-99	361	species	Eukaryota	Chordata	Actinopteri	Aulopiformes	Synodontidae	Synodus	Synodus dermatogenys
ASV0185	LC731801.1.<1.890###root_1;Eukaryota_2759;Chordata_7711;Actinopteri_186623;Holocentriformes_1490028;Holocentridae_47697;Sargocentron_47707;Sargocentron_diadema_47709	100	200	100	6.30e-102	370	species	Eukaryota	Chordata	Actinopteri	Holocentriformes	Holocentridae	Sargocentron	Sargocentron diadema
ASV0186	KP893074.1.70.1018###root_1;Eukaryota_2759;Chordata_7711;Actinopteri_186623;Anguilliformes_7933;Muraenidae_46660;Enchelynassa_876646;Enchelynassa_canina_876647	99.49	196	100	4.79e-98	357	species	Eukaryota	Chordata	Actinopteri	Anguilliformes	Muraenidae	Enchelynassa	Enchelynassa canina
ASV0187	FJ595020.1.69.1020###root_1;Eukaryota_2759;Chordata_7711;Actinopteri_186623;Labriformes_1489928;Labridae_8247;Scarus_59660;Scarus_schlegeli_247629	99.497	199	100	1.05e-99	363	species	Eukaryota	Chordata	Actinopteri	Labriformes	Labridae	Scarus	Scarus schlegeli
ASV0188	OP035151.1.70.1017###root_1;Eukaryota_2759;Chordata_7711;Actinopteri_186623;Blenniiformes_1489921;Blenniidae_56718;Cirripectes_703910;Cirripectes_quagga_879476	98.462	195	100	3.71e-94	344	species	Eukaryota	Chordata	Actinopteri	Blenniiformes	Blenniidae	Cirripectes	Cirripectes quagga
ASV0189	OQ675584.1.70.1016###root_1;Eukaryota_2759;Chordata_7711;Actinopteri_186623;Anguilliformes_7933;Muraenidae_46660;Echidna_189497;Echidna_polyzona_876624	98.974	195	100	7.97e-96	350	species	Eukaryota	Chordata	Actinopteri	Anguilliformes	Muraenidae	Echidna	Echidna polyzona
ASV0190	OP035107.2.70.1024###root_1;Eukaryota_2759;Chordata_7711;Actinopteri_186623;Syngnathiformes_129912;Mullidae_30854;Mulloidichthys_342442;Mulloidichthys_flavolineatus_652446	99.492	197	100	1.34e-98	359	species	Eukaryota	Chordata	Actinopteri	Syngnathiformes	Mullidae	Mulloidichthys	Mulloidichthys flavolineatus
ASV0191	MW630248.1.<1.>827###root_1;Eukaryota_2759;Chordata_7711;Actinopteri_186623;order_Pomacentridae_30863;Pomacentridae_30863;Plectroglyphidodon_80986;Plectroglyphidodon_johnstonianus_997975	96.97	198	100	2.92e-90	331	genus	Eukaryota	Chordata	Actinopteri	Pomacentridae	Pomacentridae	Plectroglyphidodon	Plectroglyphidodon sp.
ASV0192	LC848706.1.<1.895###root_1;Eukaryota_2759;Chordata_7711;Actinopteri_186623;Pleuronectiformes_8252;Bothidae_8253;Bothus_94920;Bothus_pantherinus_366905	99.495	198	100	3.75e-99	361	species	Eukaryota	Chordata	Actinopteri	Pleuronectiformes	Bothidae	Bothus	Bothus pantherinus
ASV0193	LC649108.1.<1.886###root_1;Eukaryota_2759;Chordata_7711;Actinopteri_186623;Beloniformes_76071;Belonidae_94935;Platybelone_129058;Platybelone_argala_129059	100	196	100	1.03e-99	363	species	Eukaryota	Chordata	Actinopteri	Beloniformes	Belonidae	Platybelone	Platybelone argala
ASV0194	OP035101.1.70.1021###root_1;Eukaryota_2759;Chordata_7711;Actinopteri_186623;Anguilliformes_7933;Muraenidae_46660;Gymnothorax_121281;Gymnothorax_chilospilus_473452	99.5	200	100	2.93e-100	364	species	Eukaryota	Chordata	Actinopteri	Anguilliformes	Muraenidae	Gymnothorax	Gymnothorax chilospilus
ASV0195	LC814978.1.<1.>743###root_1;Eukaryota_2759;Chordata_7711;Actinopteri_186623;order_Pomacentridae_30863;Pomacentridae_30863;Pomachromis_229142;Pomachromis_richardsoni_646032	99.492	197	100	1.34e-98	359	species	Eukaryota	Chordata	Actinopteri	Pomacentridae	Pomacentridae	Pomachromis	Pomachromis richardsoni
ASV0196	LC779048.1.<1.>551###root_1;Eukaryota_2759;Chordata_7711;Actinopteri_186623;Gobiiformes_1489878;Gobiidae_8220;Eviota_166746;Eviota_afelei_166747	85.859	198	100	1.43e-53	209	order	Eukaryota	Chordata	Actinopteri	Gobiiformes	NA	NA	NA
ASV0197	LC812908.1.<1.890###root_1;Eukaryota_2759;Chordata_7711;Actinopteri_186623;Myctophiformes_68514;Myctophidae_68515;Ceratoscopelus_123250;Ceratoscopelus_warmingii_123251	98.492	199	100	2.27e-96	351	species	Eukaryota	Chordata	Actinopteri	Myctophiformes	Myctophidae	Ceratoscopelus	Ceratoscopelus warmingii
ASV0198	KP874183.1.71.1018###root_1;Eukaryota_2759;Chordata_7711;Actinopteri_186623;Anguilliformes_7933;Muraenidae_46660;Scuticaria_210591;Scuticaria_tigrina_391220	92.347	196	99	3.86e-74	278	family	Eukaryota	Chordata	Actinopteri	Anguilliformes	Muraenidae	NA	NA
ASV0199	KT600978.1.<1.>766###root_1;Eukaryota_2759;Chordata_7711;Actinopteri_186623;Tetraodontiformes_31022;Balistidae_31024;Sufflamen_181477;Sufflamen_chrysopterum_480300	100	199	100	2.25e-101	368	species	Eukaryota	Chordata	Actinopteri	Tetraodontiformes	Balistidae	Sufflamen	Sufflamen chrysopterum
ASV0200	MN381712.1.69.1025###root_1;Eukaryota_2759;Chordata_7711;Actinopteri_186623;Kurtiformes_1489876;Apogonidae_83881;Ostorhinchus_638290;Ostorhinchus_fleurieu_2057051	100	196	100	1.03e-99	363	species	Eukaryota	Chordata	Actinopteri	Kurtiformes	Apogonidae	Ostorhinchus	Ostorhinchus fleurieu
ASV0201	KT600945.1.<1.>761###root_1;Eukaryota_2759;Chordata_7711;Actinopteri_186623;Tetraodontiformes_31022;Monacanthidae_143346;Cantherhines_303711;Cantherhines_dumerilii_303712	100	197	100	2.88e-100	364	species	Eukaryota	Chordata	Actinopteri	Tetraodontiformes	Monacanthidae	Cantherhines	Cantherhines dumerilii
ASV0202	AP019337.1.69.1017###root_1;Eukaryota_2759;Chordata_7711;Actinopteri_186623;Gobiiformes_1489878;Gobiidae_8220;Eviota_166746;Eviota_prasina_595619	92.347	196	100	3.81e-74	278	family	Eukaryota	Chordata	Actinopteri	Gobiiformes	Gobiidae	NA	NA
ASV0203	LC776902.1.<1.888###root_1;Eukaryota_2759;Chordata_7711;Actinopteri_186623;Chaetodontiformes_1545895;Chaetodontidae_30828;Chaetodon_37948;Chaetodon_vagabundus_109709	100	195	100	3.68e-99	361	species	Eukaryota	Chordata	Actinopteri	Chaetodontiformes	Chaetodontidae	Chaetodon	Chaetodon vagabundus
ASV0204	AP011930.1.69.1017###root_1;Eukaryota_2759;Chordata_7711;Actinopteri_186623;Tetraodontiformes_31022;Tetraodontidae_31031;Arothron_50368;Arothron_hispidus_300221	100	198	100	8.05e-101	366	species	Eukaryota	Chordata	Actinopteri	Tetraodontiformes	Tetraodontidae	Arothron	Arothron hispidus
ASV0205	AY279629.1.<1.>915###root_1;Eukaryota_2759;Chordata_7711;Actinopteri_186623;Labriformes_1489928;Labridae_8247;Oxycheilinus_241326;Oxycheilinus_bimaculatus_241327	97.449	196	100	2.24e-91	335	genus	Eukaryota	Chordata	Actinopteri	Labriformes	Labridae	Oxycheilinus	Oxycheilinus sp.
ASV0206	OR546227.1.70.1017###root_1;Eukaryota_2759;Chordata_7711;Actinopteri_186623;Blenniiformes_1489921;Blenniidae_56718;Cirripectes_703910;Cirripectes_polyzona_879475	96.923	195	100	3.73e-89	327	genus	Eukaryota	Chordata	Actinopteri	Blenniiformes	Blenniidae	Cirripectes	Cirripectes sp.
ASV0207	MZ188982.1.69.1017###root_1;Eukaryota_2759;Chordata_7711;Actinopteri_186623;Tetraodontiformes_31022;Tetraodontidae_31031;Canthigaster_223138;Canthigaster_amboinensis_303742	100	200	100	6.30e-102	370	species	Eukaryota	Chordata	Actinopteri	Tetraodontiformes	Tetraodontidae	Canthigaster	Canthigaster amboinensis
ASV0208	AP018523.1.69.1020###root_1;Eukaryota_2759;Chordata_7711;Actinopteri_186623;Labriformes_1489928;Labridae_8247;Stethojulis_241347;Stethojulis_strigiventer_997987	98.462	195	100	3.71e-94	344	species	Eukaryota	Chordata	Actinopteri	Labriformes	Labridae	Stethojulis	Stethojulis strigiventer
ASV0209	LC277940.2.<1.897###root_1;Eukaryota_2759;Chordata_7711;Actinopteri_186623;Kurtiformes_1489876;Apogonidae_83881;Cheilodipterus_490317;Cheilodipterus_intermedius_1399763	97.97	197	100	1.35e-93	342	genus	Eukaryota	Chordata	Actinopteri	Kurtiformes	Apogonidae	Cheilodipterus	Cheilodipterus sp.
ASV0210	OP035061.1.69.1040###root_1;Eukaryota_2759;Chordata_7711;Actinopteri_186623;Centrarchiformes_1489940;Cirrhitidae_76914;Amblycirrhitus_390301;Amblycirrhitus_bimacula_529471	96.602	206	100	1.42e-93	342	genus	Eukaryota	Chordata	Actinopteri	Centrarchiformes	Cirrhitidae	Amblycirrhitus	Amblycirrhitus sp.
ASV0211	LC814906.1.<1.>741###root_1;Eukaryota_2759;Chordata_7711;Actinopteri_186623;order_Pomacentridae_30863;Pomacentridae_30863;Dascyllus_50744;Dascyllus_trimaculatus_50790	98.985	197	100	6.23e-97	353	species	Eukaryota	Chordata	Actinopteri	Pomacentridae	Pomacentridae	Dascyllus	Dascyllus trimaculatus
ASV0212	OP035224.1.69.1019###root_1;Eukaryota_2759;Chordata_7711;Actinopteri_186623;Acanthuriformes_1489937;Acanthuridae_29146;Acanthurus_12912;Acanthurus_blochii_238050	98.985	197	100	6.23e-97	353	species	Eukaryota	Chordata	Actinopteri	Acanthuriformes	Acanthuridae	Acanthurus	Acanthurus blochii
ASV0213	OR575556.1.70.1041###root_1;Eukaryota_2759;Chordata_7711;Actinopteri_186623;Gobiiformes_1489878;Gobiidae_8220;Eviota_166746;Eviota_epiphanes_1248218	92.574	202	100	1.82e-77	289	family	Eukaryota	Chordata	Actinopteri	Gobiiformes	Gobiidae	NA	NA
ASV0214	OP035121.1.69.1018###root_1;Eukaryota_2759;Chordata_7711;Actinopteri_186623;Chaetodontiformes_1545895;Chaetodontidae_30828;Chaetodon_37948;Chaetodon_citrinellus_109686	85.279	197	100	8.54e-51	200	order	Eukaryota	Chordata	Actinopteri	Chaetodontiformes	NA	NA	NA
ASV0215	LC669519.1.<1.890###root_1;Eukaryota_2759;Chordata_7711;Actinopteri_186623;Acropomatiformes_3051910;Pempheridae_30859;Pempheris_463599;Pempheris_adusta_475169	93.434	198	100	4.93e-78	291	family	Eukaryota	Chordata	Actinopteri	Acropomatiformes	Pempheridae	NA	NA
ASV0216	OQ656152.1.70.1016###root_1;Eukaryota_2759;Chordata_7711;Actinopteri_186623;Anguilliformes_7933;Muraenidae_46660;Gymnothorax_121281;Gymnothorax_buroensis_876628	99.487	195	100	1.71e-97	355	species	Eukaryota	Chordata	Actinopteri	Anguilliformes	Muraenidae	Gymnothorax	Gymnothorax buroensis
ASV0217	LC858680.1.<1.951###root_1;Eukaryota_2759;Chordata_7711;Actinopteri_186623;Gobiiformes_1489878;Gobiidae_8220;Vanderhorstia_579952;Vanderhorstia_phaeosticta_2768284	99.485	194	100	6.12e-97	353	species	Eukaryota	Chordata	Actinopteri	Gobiiformes	Gobiidae	Vanderhorstia	Vanderhorstia phaeosticta
ASV0218	LC499244.1.<1.>170###root_1;Eukaryota_2759;Chordata_7711;Actinopteri_186623;Kurtiformes_1489876;Apogonidae_83881;Apogonichthyoides_1003910;Apogonichthyoides_timorensis_2569468	96.491	171	86	2.98e-75	281	genus	Eukaryota	Chordata	Actinopteri	Kurtiformes	Apogonidae	Apogonichthyoides	Apogonichthyoides sp.
ASV0219	LC654206.1.<1.885###root_1;Eukaryota_2759;Chordata_7711;Actinopteri_186623;Atheriniformes_8075;Atherinidae_69128;Doboatherina_2697003;Doboatherina_bleekeri_2805493	86.935	199	100	2.36e-56	219	order	Eukaryota	Chordata	Actinopteri	Atheriniformes	NA	NA	NA
ASV0220	KT445895.1.70.1022###root_1;Eukaryota_2759;Chordata_7711;Actinopteri_186623;order_Sphyraenidae_27769;Sphyraenidae_27769;Sphyraena_13691;Sphyraena_jello_445362	100	198	100	8.05e-101	366	species	Eukaryota	Chordata	Actinopteri	Sphyraenidae	Sphyraenidae	Sphyraena	Sphyraena jello
ASV0221	ON210977.1.69.1018###root_1;Eukaryota_2759;Chordata_7711;Actinopteri_186623;Acanthuriformes_1489937;Acanthuridae_29146;Acanthurus_12912;Acanthurus_triostegus_175435	98.477	197	100	2.90e-95	348	species	Eukaryota	Chordata	Actinopteri	Acanthuriformes	Acanthuridae	Acanthurus	Acanthurus triostegus
ASV0222	OP035184.1.70.1018###root_1;Eukaryota_2759;Chordata_7711;Actinopteri_186623;Anguilliformes_7933;Muraenidae_46660;Echidna_189497;Echidna_nebulosa_586818	99.49	196	100	4.79e-98	357	species	Eukaryota	Chordata	Actinopteri	Anguilliformes	Muraenidae	Echidna	Echidna nebulosa
ASV0223	LC777724.1.<1.>168###root_1;Eukaryota_2759;Chordata_7711;Actinopteri_186623;Perciformes_8111;Scorpaenidae_8108;Sebastapistes_991003;Sebastapistes_mauritiana_1519039	96.988	166	85	1.06e-74	279	genus	Eukaryota	Chordata	Actinopteri	Perciformes	Scorpaenidae	Sebastapistes	Sebastapistes sp.
ASV0224	MT954104.1.70.1016###root_1;Eukaryota_2759;Chordata_7711;Actinopteri_186623;order_Pomacentridae_30863;Pomacentridae_30863;Abudefduf_36213;Abudefduf_vaigiensis_192871	98.98	196	100	2.23e-96	351	species	Eukaryota	Chordata	Actinopteri	Pomacentridae	Pomacentridae	Abudefduf	Abudefduf vaigiensis
ASV0225	OK576406.1.<1.>532###root_1;Eukaryota_2759;Chordata_7711;Actinopteri_186623;Mugiliformes_41872;Mugilidae_8189;Mugil_8190;Mugil_cephalus_48193	98.485	198	100	8.11e-96	350	species	Eukaryota	Chordata	Actinopteri	Mugiliformes	Mugilidae	Mugil	Mugil cephalus
ASV0226	LC848706.1.<1.895###root_1;Eukaryota_2759;Chordata_7711;Actinopteri_186623;Pleuronectiformes_8252;Bothidae_8253;Bothus_94920;Bothus_pantherinus_366905	98.99	198	100	1.74e-97	355	species	Eukaryota	Chordata	Actinopteri	Pleuronectiformes	Bothidae	Bothus	Bothus pantherinus
ASV0227	MH248200.1.<1.>658###root_1;Eukaryota_2759;Chordata_7711;Actinopteri_186623;Gobiiformes_1489878;Gobiidae_8220;Valenciennea_150331;Valenciennea_sexguttata_586873	100	194	100	1.32e-98	359	species	Eukaryota	Chordata	Actinopteri	Gobiiformes	Gobiidae	Valenciennea	Valenciennea sexguttata
ASV0228	LC506690.2.32.977###root_1;Eukaryota_2759;Chordata_7711;Actinopteri_186623;Blenniiformes_1489921;Blenniidae_56718;Istiblennius_587054;Istiblennius_enosimae_2012924	97.949	195	100	1.72e-92	339	genus	Eukaryota	Chordata	Actinopteri	Blenniiformes	Blenniidae	Istiblennius	Istiblennius sp.
ASV0229	KF374964.1.<1.>946###root_1;Eukaryota_2759;Chordata_7711;Actinopteri_186623;Mugiliformes_41872;Mugilidae_8189;Moolgarda_1111164;Moolgarda_seheli_1111465	97.487	199	100	4.91e-93	340	genus	Eukaryota	Chordata	Actinopteri	Mugiliformes	Mugilidae	Moolgarda	Moolgarda sp.
ASV0230	OP035184.1.70.1018###root_1;Eukaryota_2759;Chordata_7711;Actinopteri_186623;Anguilliformes_7933;Muraenidae_46660;Echidna_189497;Echidna_nebulosa_586818	99.49	196	100	4.79e-98	357	species	Eukaryota	Chordata	Actinopteri	Anguilliformes	Muraenidae	Echidna	Echidna nebulosa
ASV0231	MW160687.1.70.1020###root_1;Eukaryota_2759;Chordata_7711;Actinopteri_186623;Anguilliformes_7933;Muraenidae_46660;Gymnothorax_121281;Gymnothorax_flavimarginatus_217850	100	196	100	1.03e-99	363	species	Eukaryota	Chordata	Actinopteri	Anguilliformes	Muraenidae	Gymnothorax	Gymnothorax flavimarginatus
ASV0232	JX242925.1.<1.>811###root_1;Eukaryota_2759;Chordata_7711;Actinopteri_186623;Anguilliformes_7933;Muraenidae_46660;Gymnothorax_121281;Gymnothorax_margaritophorus_473393	99.5	200	100	2.93e-100	364	species	Eukaryota	Chordata	Actinopteri	Anguilliformes	Muraenidae	Gymnothorax	Gymnothorax margaritophorus
ASV0233	ON000828.2.<1.>875###root_1;Eukaryota_2759;Chordata_7711;Actinopteri_186623;Labriformes_1489928;Labridae_8247;Gomphosus_8248;Gomphosus_caeruleus_239037	99.485	194	100	6.12e-97	353	species	Eukaryota	Chordata	Actinopteri	Labriformes	Labridae	Gomphosus	Gomphosus caeruleus
ASV0234	MW376909.1.69.1014###root_1;Eukaryota_2759;Chordata_7711;Actinopteri_186623;order_Siganidae_75382;Siganidae_75382;Siganus_75041;Siganus_luridus_226939	99.492	197	100	1.34e-98	359	species	Eukaryota	Chordata	Actinopteri	Siganidae	Siganidae	Siganus	Siganus luridus
ASV0235	LC739786.1.<1.888###root_1;Eukaryota_2759;Chordata_7711;Actinopteri_186623;Blenniiformes_1489921;Blenniidae_56718;Petroscirtes_57846;Petroscirtes_mitratus_879517	95.918	196	100	8.08e-86	316	genus	Eukaryota	Chordata	Actinopteri	Blenniiformes	Blenniidae	Petroscirtes	Petroscirtes sp.
ASV0236	OP035246.1.69.1017###root_1;Eukaryota_2759;Chordata_7711;Actinopteri_186623;Tetraodontiformes_31022;Ostraciidae_31025;Ostracion_94238;Ostracion_meleagris_342444	100	194	100	1.32e-98	359	species	Eukaryota	Chordata	Actinopteri	Tetraodontiformes	Ostraciidae	Ostracion	Ostracion meleagris
ASV0237	MZ598287.1.<1.>170###root_1;Eukaryota_2759;Chordata_7711;Actinopteri_186623;Perciformes_8111;Scorpaenidae_8108;Sebastapistes_991003;Sebastapistes_tinkhami_1146990	99.412	170	86	1.37e-83	309	species	Eukaryota	Chordata	Actinopteri	Perciformes	Scorpaenidae	Sebastapistes	Sebastapistes tinkhami
ASV0238	ON360999.1.69.1019###root_1;Eukaryota_2759;Chordata_7711;Actinopteri_186623;Acanthuriformes_1489937;Acanthuridae_29146;Zebrasoma_75045;Zebrasoma_scopas_75046	99.49	196	100	4.79e-98	357	species	Eukaryota	Chordata	Actinopteri	Acanthuriformes	Acanthuridae	Zebrasoma	Zebrasoma scopas
ASV0239	GU256527.1.922.1870###root_1;Eukaryota_2759;Chordata_7711;Actinopteri_186623;Scombriformes_1489894;Scombridae_8224;Katsuwonus_13580;Katsuwonus_pelamis_8226	100	195	100	3.68e-99	361	species	Eukaryota	Chordata	Actinopteri	Scombriformes	Scombridae	Katsuwonus	Katsuwonus pelamis
ASV0240	KT600971.1.<1.>764###root_1;Eukaryota_2759;Chordata_7711;Actinopteri_186623;Tetraodontiformes_31022;Balistidae_31024;Rhinecanthus_245704;Rhinecanthus_rectangulus_480297	99.495	198	100	3.75e-99	361	species	Eukaryota	Chordata	Actinopteri	Tetraodontiformes	Balistidae	Rhinecanthus	Rhinecanthus rectangulus
ASV0241	OQ883823.1.<1.>171###root_1;Eukaryota_2759;Chordata_7711;Actinopteri_186623;Myctophiformes_68514;Myctophidae_68515;Bolinichthys_123244;Bolinichthys_photothorax_1519956	100	171	86	8.22e-86	316	species	Eukaryota	Chordata	Actinopteri	Myctophiformes	Myctophidae	Bolinichthys	Bolinichthys photothorax
ASV0242	AP006781.1.74.1047###root_1;Eukaryota_2759;Chordata_7711;Actinopteri_186623;Syngnathiformes_129912;Aulostomidae_150446;Aulostomus_150447;Aulostomus_chinensis_150448	99.5	200	100	2.93e-100	364	species	Eukaryota	Chordata	Actinopteri	Syngnathiformes	Aulostomidae	Aulostomus	Aulostomus chinensis
ASV0243	LC774649.1.<1.888###root_1;Eukaryota_2759;Chordata_7711;Actinopteri_186623;Chaetodontiformes_1545895;Chaetodontidae_30828;Chaetodon_37948;Chaetodon_auriga_39042	100	195	100	3.68e-99	361	species	Eukaryota	Chordata	Actinopteri	Chaetodontiformes	Chaetodontidae	Chaetodon	Chaetodon auriga
ASV0244	LC499178.1.<1.>168###root_1;Eukaryota_2759;Chordata_7711;Actinopteri_186623;Perciformes_8111;Caracanthidae_179985;Caracanthus_274727;Caracanthus_maculatus_274728	97.619	168	86	1.76e-77	289	genus	Eukaryota	Chordata	Actinopteri	Perciformes	Caracanthidae	Caracanthus	Caracanthus sp.
ASV0245	EU601212.1.22.>925###root_1;Eukaryota_2759;Chordata_7711;Actinopteri_186623;Labriformes_1489928;Labridae_8247;Scarus_59660;Scarus_rubroviolaceus_247628	98.492	199	100	2.27e-96	351	species	Eukaryota	Chordata	Actinopteri	Labriformes	Labridae	Scarus	Scarus rubroviolaceus
ASV0246	KY815306.1.<1.>881###root_1;Eukaryota_2759;Chordata_7711;Actinopteri_186623;Labriformes_1489928;Labridae_8247;Iniistius_315409;Iniistius_pavo_990596	100	196	100	1.03e-99	363	species	Eukaryota	Chordata	Actinopteri	Labriformes	Labridae	Iniistius	Iniistius pavo
ASV0247	AY279589.1.<1.>936###root_1;Eukaryota_2759;Chordata_7711;Actinopteri_186623;Labriformes_1489928;Labridae_8247;Coris_126328;Coris_aygula_241280	99.485	194	100	6.12e-97	353	species	Eukaryota	Chordata	Actinopteri	Labriformes	Labridae	Coris	Coris aygula
ASV0248	LC731882.1.<1.887###root_1;Eukaryota_2759;Chordata_7711;Actinopteri_186623;Holocentriformes_1490028;Holocentridae_47697;Myripristis_47699;Myripristis_pralinia_753646	100	197	100	2.88e-100	364	species	Eukaryota	Chordata	Actinopteri	Holocentriformes	Holocentridae	Myripristis	Myripristis pralinia
ASV0249	OP035098.1.69.1013###root_1;Eukaryota_2759;Chordata_7711;Actinopteri_186623;Labriformes_1489928;Labridae_8247;Thalassoma_76337;Thalassoma_trilobatum_239059	99.485	194	100	6.12e-97	353	species	Eukaryota	Chordata	Actinopteri	Labriformes	Labridae	Thalassoma	Thalassoma trilobatum
ASV0250	OP035151.1.70.1017###root_1;Eukaryota_2759;Chordata_7711;Actinopteri_186623;Blenniiformes_1489921;Blenniidae_56718;Cirripectes_703910;Cirripectes_quagga_879476	98.462	195	100	3.71e-94	344	species	Eukaryota	Chordata	Actinopteri	Blenniiformes	Blenniidae	Cirripectes	Cirripectes quagga
ASV0251	LC645264.1.<1.891###root_1;Eukaryota_2759;Chordata_7711;Actinopteri_186623;Blenniiformes_1489921;Blenniidae_56718;Blenniella_879711;Blenniella_bilitonensis_1405635	87.692	195	100	3.90e-59	228	order	Eukaryota	Chordata	Actinopteri	Blenniiformes	NA	NA	NA
ASV0252	OR095168.1.70.1014###root_1;Eukaryota_2759;Chordata_7711;Actinopteri_186623;Blenniiformes_1489921;Tripterygiidae_57771;Enneapterygius_130720;Enneapterygius_hsiojenae_3000270	90.452	199	100	5.03e-68	257	family	Eukaryota	Chordata	Actinopteri	Blenniiformes	Tripterygiidae	NA	NA
ASV0253	OP718224.1.70.1024###root_1;Eukaryota_2759;Chordata_7711;Actinopteri_186623;Syngnathiformes_129912;Mullidae_30854;Parupeneus_334899;Parupeneus_barberinus_475168	98.485	198	100	8.11e-96	350	species	Eukaryota	Chordata	Actinopteri	Syngnathiformes	Mullidae	Parupeneus	Parupeneus barberinus
ASV0254	LC584263.1.<1.>545###root_1;Eukaryota_2759;Chordata_7711;Actinopteri_186623;Kurtiformes_1489876;Apogonidae_83881;Ostorhinchus_638290;Ostorhinchus_taeniophorus_247547	98.974	195	100	7.97e-96	350	species	Eukaryota	Chordata	Actinopteri	Kurtiformes	Apogonidae	Ostorhinchus	Ostorhinchus taeniophorus
ASV0255	PQ369935.1.69.1017###root_1;Eukaryota_2759;Chordata_7711;Actinopteri_186623;Acanthuriformes_1489937;Acanthuridae_29146;Acanthurus_12912;Acanthurus_nigricauda_753644	100	197	100	2.88e-100	364	species	Eukaryota	Chordata	Actinopteri	Acanthuriformes	Acanthuridae	Acanthurus	Acanthurus nigricauda
ASV0256	MZ329994.1.69.1009###root_1;Eukaryota_2759;Chordata_7711;Actinopteri_186623;Aulopiformes_68510;Synodontidae_81390;Saurida_143309;Saurida_nebulosa_1074258	98.438	192	100	1.69e-92	339	species	Eukaryota	Chordata	Actinopteri	Aulopiformes	Synodontidae	Saurida	Saurida nebulosa
ASV0257	OP035253.1.69.1017###root_1;Eukaryota_2759;Chordata_7711;Actinopteri_186623;Acanthuriformes_1489937;Acanthuridae_29146;Naso_75027;Naso_lituratus_75028	100	197	100	2.88e-100	364	species	Eukaryota	Chordata	Actinopteri	Acanthuriformes	Acanthuridae	Naso	Naso lituratus
ASV0258	LC669519.1.<1.890###root_1;Eukaryota_2759;Chordata_7711;Actinopteri_186623;Acropomatiformes_3051910;Pempheridae_30859;Pempheris_463599;Pempheris_adusta_475169	94.949	198	100	1.37e-83	309	family	Eukaryota	Chordata	Actinopteri	Acropomatiformes	Pempheridae	NA	NA
ASV0259	OP035076.1.69.1018###root_1;Eukaryota_2759;Chordata_7711;Actinopteri_186623;Holocentriformes_1490028;Holocentridae_47697;Sargocentron_47707;Sargocentron_punctatissimum_47711	100	197	100	2.88e-100	364	species	Eukaryota	Chordata	Actinopteri	Holocentriformes	Holocentridae	Sargocentron	Sargocentron punctatissimum
ASV0260	AP009163.1.69.1018###root_1;Eukaryota_2759;Chordata_7711;Actinopteri_186623;Acanthuriformes_1489937;Acanthuridae_29146;Naso_75027;Naso_lopezi_238060	100	197	100	2.88e-100	364	species	Eukaryota	Chordata	Actinopteri	Acanthuriformes	Acanthuridae	Naso	Naso lopezi
ASV0261	AP006825.1.70.1023###root_1;Eukaryota_2759;Chordata_7711;Actinopteri_186623;Ephippiformes_1489930;Ephippidae_75381;Platax_75031;Platax_orbicularis_75032	100	196	100	1.03e-99	363	species	Eukaryota	Chordata	Actinopteri	Ephippiformes	Ephippidae	Platax	Platax orbicularis
ASV0262	EU601189.1.22.>927###root_1;Eukaryota_2759;Chordata_7711;Actinopteri_186623;Labriformes_1489928;Labridae_8247;Hipposcarus_188113;Hipposcarus_longiceps_188114	98.492	199	100	2.27e-96	351	species	Eukaryota	Chordata	Actinopteri	Labriformes	Labridae	Hipposcarus	Hipposcarus longiceps
ASV0263	MH248174.1.<1.>677###root_1;Eukaryota_2759;Chordata_7711;Actinopteri_186623;Anguilliformes_7933;Congridae_7941;Conger_7942;Conger_cinereus_1146962	94.5	200	100	4.98e-83	307	family	Eukaryota	Chordata	Actinopteri	Anguilliformes	Congridae	NA	NA
ASV0264	LC672493.1.<1.895###root_1;Eukaryota_2759;Chordata_7711;Actinopteri_186623;Carangiformes_1489907;Carangidae_8157;Scomberoides_173340;Scomberoides_lysan_334379	99.495	198	100	3.75e-99	361	species	Eukaryota	Chordata	Actinopteri	Carangiformes	Carangidae	Scomberoides	Scomberoides lysan
ASV0265	MH248183.1.<1.>671###root_1;Eukaryota_2759;Chordata_7711;Actinopteri_186623;Anguilliformes_7933;Muraenidae_46660;Gymnothorax_121281;Gymnothorax_undulatus_473461	99.492	197	100	1.34e-98	359	species	Eukaryota	Chordata	Actinopteri	Anguilliformes	Muraenidae	Gymnothorax	Gymnothorax undulatus
ASV0266	LC731801.1.<1.890###root_1;Eukaryota_2759;Chordata_7711;Actinopteri_186623;Holocentriformes_1490028;Holocentridae_47697;Sargocentron_47707;Sargocentron_diadema_47709	99.5	200	100	2.93e-100	364	species	Eukaryota	Chordata	Actinopteri	Holocentriformes	Holocentridae	Sargocentron	Sargocentron diadema
ASV0267	KY815249.1.<1.>888###root_1;Eukaryota_2759;Chordata_7711;Actinopteri_186623;Labriformes_1489928;Labridae_8247;Cheilinus_202584;Cheilinus_chlorourus_290105	100	196	100	1.03e-99	363	species	Eukaryota	Chordata	Actinopteri	Labriformes	Labridae	Cheilinus	Cheilinus chlorourus
ASV0268	KT600959.1.<1.>759###root_1;Eukaryota_2759;Chordata_7711;Actinopteri_186623;Tetraodontiformes_31022;Monacanthidae_143346;Oxymonacanthus_303723;Oxymonacanthus_longirostris_303724	95.408	196	100	1.05e-84	313	genus	Eukaryota	Chordata	Actinopteri	Tetraodontiformes	Monacanthidae	Oxymonacanthus	Oxymonacanthus sp.
ASV0269	LC069727.1.<1.>169###root_1;Eukaryota_2759;Chordata_7711;Actinopteri_186623;Blenniiformes_1489921;Blenniidae_56718;Entomacrodus_57795;Entomacrodus_decussatus_1405646	96.45	169	86	3.81e-74	278	genus	Eukaryota	Chordata	Actinopteri	Blenniiformes	Blenniidae	Entomacrodus	Entomacrodus sp.
ASV0270	MW133237.1.70.1019###root_1;Eukaryota_2759;Chordata_7711;Actinopteri_186623;Anguilliformes_7933;Muraenidae_46660;Gymnothorax_121281;Gymnothorax_rueppelliae_3040411	99.49	196	100	4.79e-98	357	species	Eukaryota	Chordata	Actinopteri	Anguilliformes	Muraenidae	Gymnothorax	Gymnothorax rueppelliae
ASV0271	AP019316.1.69.1018###root_1;Eukaryota_2759;Chordata_7711;Actinopteri_186623;Gobiiformes_1489878;Gobiidae_8220;Amblygobius_166730;Amblygobius_phalaena_166732	98.969	194	100	2.85e-95	348	species	Eukaryota	Chordata	Actinopteri	Gobiiformes	Gobiidae	Amblygobius	Amblygobius phalaena
ASV0272	KT600968.1.<1.>764###root_1;Eukaryota_2759;Chordata_7711;Actinopteri_186623;Tetraodontiformes_31022;Balistidae_31024;Rhinecanthus_245704;Rhinecanthus_aculeatus_245705	99.495	198	100	3.75e-99	361	species	Eukaryota	Chordata	Actinopteri	Tetraodontiformes	Balistidae	Rhinecanthus	Rhinecanthus aculeatus
ASV0273	OP035107.2.70.1024###root_1;Eukaryota_2759;Chordata_7711;Actinopteri_186623;Syngnathiformes_129912;Mullidae_30854;Mulloidichthys_342442;Mulloidichthys_flavolineatus_652446	99.492	197	100	1.34e-98	359	species	Eukaryota	Chordata	Actinopteri	Syngnathiformes	Mullidae	Mulloidichthys	Mulloidichthys flavolineatus
ASV0274	OP035147.1.70.1022###root_1;Eukaryota_2759;Chordata_7711;Actinopteri_186623;Scombriformes_1489894;Gempylidae_27767;Gempylus_13542;Gempylus_serpens_13543	100	195	100	3.68e-99	361	species	Eukaryota	Chordata	Actinopteri	Scombriformes	Gempylidae	Gempylus	Gempylus serpens
ASV0275	AP009169.1.69.1016###root_1;Eukaryota_2759;Chordata_7711;Actinopteri_186623;order_Monodactylidae_30853;Monodactylidae_30853;Monodactylus_334895;Monodactylus_argenteus_334896	96.939	196	100	1.04e-89	329	genus	Eukaryota	Chordata	Actinopteri	Monodactylidae	Monodactylidae	Monodactylus	Monodactylus sp.
ASV0276	OM494539.1.69.1018###root_1;Eukaryota_2759;Chordata_7711;Actinopteri_186623;Acanthuriformes_1489937;Acanthuridae_29146;Naso_75027;Naso_hexacanthus_175442	100	197	100	2.88e-100	364	species	Eukaryota	Chordata	Actinopteri	Acanthuriformes	Acanthuridae	Naso	Naso hexacanthus
ASV0277	PP467742.1.<1.>675###root_1;Eukaryota_2759;Chordata_7711;Actinopteri_186623;Spariformes_1489931;Sparidae_8169;Spondyliosoma_50594;Spondyliosoma_cantharus_50595	95.939	197	100	6.32e-87	320	genus	Eukaryota	Chordata	Actinopteri	Spariformes	Sparidae	Spondyliosoma	Spondyliosoma sp.
ASV0278	JQ707060.1.<1.>843###root_1;Eukaryota_2759;Chordata_7711;Actinopteri_186623;order_Pomacentridae_30863;Pomacentridae_30863;Stegastes_80992;Stegastes_albifasciatus_997984	96	200	100	4.94e-88	324	genus	Eukaryota	Chordata	Actinopteri	Pomacentridae	Pomacentridae	Stegastes	Stegastes sp.
ASV0279	AY279590.1.<1.>875###root_1;Eukaryota_2759;Chordata_7711;Actinopteri_186623;Labriformes_1489928;Labridae_8247;Coris_126328;Coris_gaimard_241281	99.485	194	100	6.12e-97	353	species	Eukaryota	Chordata	Actinopteri	Labriformes	Labridae	Coris	Coris gaimard
ASV0280	OP718224.1.70.1024###root_1;Eukaryota_2759;Chordata_7711;Actinopteri_186623;Syngnathiformes_129912;Mullidae_30854;Parupeneus_334899;Parupeneus_barberinus_475168	100	198	100	8.05e-101	366	species	Eukaryota	Chordata	Actinopteri	Syngnathiformes	Mullidae	Parupeneus	Parupeneus barberinus
ASV0281	LC499415.1.<1.>168###root_1;Eukaryota_2759;Chordata_7711;Actinopteri_186623;Blenniiformes_1489921;Blenniidae_56718;Blenniella_879711;Blenniella_periophthalmus_1146955	99.405	168	86	1.75e-82	305	species	Eukaryota	Chordata	Actinopteri	Blenniiformes	Blenniidae	Blenniella	Blenniella periophthalmus
ASV0282	PQ412525.1.69.1020###root_1;Eukaryota_2759;Chordata_7711;Actinopteri_186623;Acanthuriformes_1489937;Acanthuridae_29146;Acanthurus_12912;Acanthurus_tennentii_586769	100	197	100	2.88e-100	364	species	Eukaryota	Chordata	Actinopteri	Acanthuriformes	Acanthuridae	Acanthurus	Acanthurus tennentii
ASV0283	MW630248.1.<1.>827###root_1;Eukaryota_2759;Chordata_7711;Actinopteri_186623;order_Pomacentridae_30863;Pomacentridae_30863;Plectroglyphidodon_80986;Plectroglyphidodon_johnstonianus_997975	97.475	198	100	6.28e-92	337	genus	Eukaryota	Chordata	Actinopteri	Pomacentridae	Pomacentridae	Plectroglyphidodon	Plectroglyphidodon sp.
ASV0284	AP011912.1.69.1018###root_1;Eukaryota_2759;Chordata_7711;Actinopteri_186623;Tetraodontiformes_31022;Tetraodontidae_31031;Canthigaster_223138;Canthigaster_valentini_223152	100	200	100	6.30e-102	370	species	Eukaryota	Chordata	Actinopteri	Tetraodontiformes	Tetraodontidae	Canthigaster	Canthigaster valentini
ASV0285	EU601180.1.22.>926###root_1;Eukaryota_2759;Chordata_7711;Actinopteri_186623;Labriformes_1489928;Labridae_8247;Calotomus_188111;Calotomus_spinidens_544409	95.918	196	100	8.13e-86	316	genus	Eukaryota	Chordata	Actinopteri	Labriformes	Labridae	Calotomus	Calotomus sp.
ASV0286	MH248213.1.<1.>651###root_1;Eukaryota_2759;Chordata_7711;Actinopteri_186623;Spariformes_1489931;Lethrinidae_30848;Lethrinus_119720;Lethrinus_nebulosus_182658	95.918	196	100	8.08e-86	316	genus	Eukaryota	Chordata	Actinopteri	Spariformes	Lethrinidae	Lethrinus	Lethrinus sp.
ASV0287	AP009144.1.70.1023###root_1;Eukaryota_2759;Chordata_7711;Actinopteri_186623;Clupeiformes_32446;Clupeidae_55118;Spratelloides_365051;Spratelloides_delicatulus_373251	97.561	205	100	2.34e-96	351	genus	Eukaryota	Chordata	Actinopteri	Clupeiformes	Clupeidae	Spratelloides	Spratelloides sp.
ASV0288	PP140670.1.11089.12034###root_1;Eukaryota_2759;Chordata_7711;Actinopteri_186623;order_Siganidae_75382;Siganidae_75382;Siganus_75041;Siganus_argenteus_225755	98.985	197	100	6.23e-97	353	species	Eukaryota	Chordata	Actinopteri	Siganidae	Siganidae	Siganus	Siganus argenteus
ASV0289	KF374981.1.<1.>951###root_1;Eukaryota_2759;Chordata_7711;Actinopteri_186623;Mugiliformes_41872;Mugilidae_8189;Mugil_8190;Mugil_rubrioculus_1111466	98.485	198	100	8.11e-96	350	species	Eukaryota	Chordata	Actinopteri	Mugiliformes	Mugilidae	Mugil	Mugil rubrioculus
ASV0290	MZ329993.1.70.1014###root_1;Eukaryota_2759;Chordata_7711;Actinopteri_186623;Beloniformes_76071;Belonidae_94935;Tylosurus_129072;Tylosurus_crocodilus_129077	99.49	196	100	4.79e-98	357	species	Eukaryota	Chordata	Actinopteri	Beloniformes	Belonidae	Tylosurus	Tylosurus crocodilus
ASV0291	AP006034.1.69.1015###root_1;Eukaryota_2759;Chordata_7711;Actinopteri_186623;Scombriformes_1489894;Scombridae_8224;Thunnus_8234;Thunnus_thynnus_8237	100	195	100	3.68e-99	361	species	Eukaryota	Chordata	Actinopteri	Scombriformes	Scombridae	Thunnus	Thunnus thynnus
ASV0292	LC584263.1.<1.>545###root_1;Eukaryota_2759;Chordata_7711;Actinopteri_186623;Kurtiformes_1489876;Apogonidae_83881;Ostorhinchus_638290;Ostorhinchus_taeniophorus_247547	98.462	195	100	3.71e-94	344	species	Eukaryota	Chordata	Actinopteri	Kurtiformes	Apogonidae	Ostorhinchus	Ostorhinchus taeniophorus
ASV0293	LC499243.2.<1.892###root_1;Eukaryota_2759;Chordata_7711;Actinopteri_186623;Kurtiformes_1489876;Apogonidae_83881;Pseudamiops_475183;Pseudamiops_gracilicauda_1156134	86.935	199	100	2.36e-56	219	order	Eukaryota	Chordata	Actinopteri	Kurtiformes	NA	NA	NA
ASV0294	EU601190.1.22.>927###root_1;Eukaryota_2759;Chordata_7711;Actinopteri_186623;Labriformes_1489928;Labridae_8247;Leptoscarus_188115;Leptoscarus_vaigiensis_2913886	99.5	200	100	2.93e-100	364	species	Eukaryota	Chordata	Actinopteri	Labriformes	Labridae	Leptoscarus	Leptoscarus vaigiensis
ASV0295	AY279601.1.<1.>947###root_1;Eukaryota_2759;Chordata_7711;Actinopteri_186623;Labriformes_1489928;Labridae_8247;Halichoeres_51788;Halichoeres_hortulanus_241293	100	196	100	1.03e-99	363	species	Eukaryota	Chordata	Actinopteri	Labriformes	Labridae	Halichoeres	Halichoeres hortulanus
ASV0296	OR095168.1.70.1014###root_1;Eukaryota_2759;Chordata_7711;Actinopteri_186623;Blenniiformes_1489921;Tripterygiidae_57771;Enneapterygius_130720;Enneapterygius_hsiojenae_3000270	88.832	197	100	1.81e-62	239	order	Eukaryota	Chordata	Actinopteri	Blenniiformes	NA	NA	NA
ASV0297	MG255108.1.<1.>514###root_1;Eukaryota_2759;Chordata_7711;Actinopteri_186623;Lutjaniformes_2024539;Lutjanidae_30850;Lutjanus_40493;Lutjanus_fulvus_260524	99.49	196	100	4.79e-98	357	species	Eukaryota	Chordata	Actinopteri	Lutjaniformes	Lutjanidae	Lutjanus	Lutjanus fulvus
ASV0298	LC589580.1.<1.>401###root_1;Eukaryota_2759;Chordata_7711;Actinopteri_186623;order_Pomacentridae_30863;Pomacentridae_30863;Abudefduf_36213;Abudefduf_septemfasciatus_229092	99.49	196	100	4.79e-98	357	species	Eukaryota	Chordata	Actinopteri	Pomacentridae	Pomacentridae	Abudefduf	Abudefduf septemfasciatus
ASV0299	KJ192332.1.69.1022###root_1;Eukaryota_2759;Chordata_7711;Actinopteri_186623;Carangiformes_1489907;Carangidae_8157;Parastromateus_435271;Parastromateus_niger_435272	97.462	197	100	2.24e-91	335	genus	Eukaryota	Chordata	Actinopteri	Carangiformes	Carangidae	Parastromateus	Parastromateus sp.
ASV0300	MZ598087.1.<1.>167###root_1;Eukaryota_2759;Chordata_7711;Actinopteri_186623;Blenniiformes_1489921;Blenniidae_56718;Stanulus_1156474;Stanulus_seychellensis_1156475	92.216	167	86	6.47e-62	237	family	Eukaryota	Chordata	Actinopteri	Blenniiformes	Blenniidae	NA	NA
ASV0301	LC649141.1.<1.888###root_1;Eukaryota_2759;Chordata_7711;Actinopteri_186623;Acanthuriformes_1489937;Acanthuridae_29146;Naso_75027;Naso_unicornis_175444	99.492	197	100	1.34e-98	359	species	Eukaryota	Chordata	Actinopteri	Acanthuriformes	Acanthuridae	Naso	Naso unicornis
ASV0302	OP035104.1.69.1018###root_1;Eukaryota_2759;Chordata_7711;Actinopteri_186623;Blenniiformes_1489921;Blenniidae_56718;Exallias_1147084;Exallias_brevis_1147085	100	195	100	3.68e-99	361	species	Eukaryota	Chordata	Actinopteri	Blenniiformes	Blenniidae	Exallias	Exallias brevis
ASV0303	LC589571.1.<1.>516###root_1;Eukaryota_2759;Chordata_7711;Actinopteri_186623;order_Pomacentridae_30863;Pomacentridae_30863;Abudefduf_36213;Abudefduf_sordidus_192870	99.49	196	100	4.79e-98	357	species	Eukaryota	Chordata	Actinopteri	Pomacentridae	Pomacentridae	Abudefduf	Abudefduf sordidus
ASV0304	OP035171.2.6523.7475###root_1;Eukaryota_2759;Chordata_7711;Actinopteri_186623;order_Pomacentridae_30863;Pomacentridae_30863;Plectroglyphidodon_80986;Plectroglyphidodon_phoenixensis_997976	100	196	100	1.03e-99	363	species	Eukaryota	Chordata	Actinopteri	Pomacentridae	Pomacentridae	Plectroglyphidodon	Plectroglyphidodon phoenixensis
ASV0305	AP019601.1.69.1016###root_1;Eukaryota_2759;Chordata_7711;Actinopteri_186623;Tetraodontiformes_31022;Tetraodontidae_31031;Arothron_50368;Arothron_manilensis_300222	100	198	100	8.05e-101	366	species	Eukaryota	Chordata	Actinopteri	Tetraodontiformes	Tetraodontidae	Arothron	Arothron manilensis
ASV0306	OR575555.1.71.1018###root_1;Eukaryota_2759;Chordata_7711;Actinopteri_186623;Anguilliformes_7933;Muraenidae_46660;Uropterygius_189495;Uropterygius_macrocephalus_876643	100	198	100	8.05e-101	366	species	Eukaryota	Chordata	Actinopteri	Anguilliformes	Muraenidae	Uropterygius	Uropterygius macrocephalus
ASV0307	KT600968.1.<1.>764###root_1;Eukaryota_2759;Chordata_7711;Actinopteri_186623;Tetraodontiformes_31022;Balistidae_31024;Rhinecanthus_245704;Rhinecanthus_aculeatus_245705	99.495	198	100	3.75e-99	361	species	Eukaryota	Chordata	Actinopteri	Tetraodontiformes	Balistidae	Rhinecanthus	Rhinecanthus aculeatus
ASV0308	MH248213.1.<1.>651###root_1;Eukaryota_2759;Chordata_7711;Actinopteri_186623;Spariformes_1489931;Lethrinidae_30848;Lethrinus_119720;Lethrinus_nebulosus_182658	99.49	196	100	4.79e-98	357	species	Eukaryota	Chordata	Actinopteri	Spariformes	Lethrinidae	Lethrinus	Lethrinus nebulosus
ASV0309	JX242922.1.<1.>634###root_1;Eukaryota_2759;Chordata_7711;Actinopteri_186623;Anguilliformes_7933;Muraenidae_46660;Gymnothorax_121281;Gymnothorax_eurostus_473453	100	196	100	1.03e-99	363	species	Eukaryota	Chordata	Actinopteri	Anguilliformes	Muraenidae	Gymnothorax	Gymnothorax eurostus
ASV0310	JX242929.1.<1.>850###root_1;Eukaryota_2759;Chordata_7711;Actinopteri_186623;Anguilliformes_7933;Muraenidae_46660;Gymnothorax_121281;Gymnothorax_pictus_876633	100	196	100	1.03e-99	363	species	Eukaryota	Chordata	Actinopteri	Anguilliformes	Muraenidae	Gymnothorax	Gymnothorax pictus
ASV0311	LC589580.1.<1.>401###root_1;Eukaryota_2759;Chordata_7711;Actinopteri_186623;order_Pomacentridae_30863;Pomacentridae_30863;Abudefduf_36213;Abudefduf_septemfasciatus_229092	93.878	196	100	1.06e-79	296	family	Eukaryota	Chordata	Actinopteri	Pomacentridae	Pomacentridae	NA	NA
ASV0312	LC649116.1.<1.889###root_1;Eukaryota_2759;Chordata_7711;Actinopteri_186623;Blenniiformes_1489921;Gobiesocidae_63826;Pherallodichthys_2740790;Pherallodichthys_meshimaensis_2873921	89.231	195	100	4.97e-63	241	order	Eukaryota	Chordata	Actinopteri	Blenniiformes	NA	NA	NA
ASV0313	PV053466.1.<1.>167###root_1;Eukaryota_2759;Chordata_7711;Actinopteri_186623;Blenniiformes_1489921;Blenniidae_56718;Entomacrodus_57795;Entomacrodus_thalassinus_1892334	95.21	167	86	2.95e-70	265	genus	Eukaryota	Chordata	Actinopteri	Blenniiformes	Blenniidae	Entomacrodus	Entomacrodus sp.
ASV0314	LC630797.1.<1.914###root_1;Eukaryota_2759;Chordata_7711;Actinopteri_186623;Carangiformes_1489907;Carangidae_8157;Caranx_8158;Caranx_ignobilis_376895	100	196	100	1.03e-99	363	species	Eukaryota	Chordata	Actinopteri	Carangiformes	Carangidae	Caranx	Caranx ignobilis
ASV0315	OQ536443.1.70.1017###root_1;Eukaryota_2759;Chordata_7711;Actinopteri_186623;Anguilliformes_7933;Muraenidae_46660;Gymnothorax_121281;Gymnothorax_miliaris_584627	100	196	100	1.03e-99	363	species	Eukaryota	Chordata	Actinopteri	Anguilliformes	Muraenidae	Gymnothorax	Gymnothorax miliaris
ASV0316	PV053492.1.<1.>167###root_1;Eukaryota_2759;Chordata_7711;Actinopteri_186623;Gobiiformes_1489878;Gobiidae_8220;Istigobius_150305;Istigobius_rigilius_622413	97.605	167	86	6.30e-77	287	genus	Eukaryota	Chordata	Actinopteri	Gobiiformes	Gobiidae	Istigobius	Istigobius sp.
ASV0317	AP019601.1.69.1016###root_1;Eukaryota_2759;Chordata_7711;Actinopteri_186623;Tetraodontiformes_31022;Tetraodontidae_31031;Arothron_50368;Arothron_manilensis_300222	98.99	198	100	6.23e-97	353	species	Eukaryota	Chordata	Actinopteri	Tetraodontiformes	Tetraodontidae	Arothron	Arothron manilensis
ASV0318	LC814893.1.<1.>740###root_1;Eukaryota_2759;Chordata_7711;Actinopteri_186623;order_Pomacentridae_30863;Pomacentridae_30863;Chrysiptera_80978;Chrysiptera_glauca_229119	98.98	196	100	2.23e-96	351	species	Eukaryota	Chordata	Actinopteri	Pomacentridae	Pomacentridae	Chrysiptera	Chrysiptera glauca
ASV0319	AP012254.1.242.1225###root_1;Eukaryota_2759;Chordata_7711;Actinopteri_186623;Myctophiformes_68514;Myctophidae_68515;Myctophum_68516;Myctophum_orientale_1069387	97.512	201	100	1.37e-93	342	genus	Eukaryota	Chordata	Actinopteri	Myctophiformes	Myctophidae	Myctophum	Myctophum sp.
ASV0320	OP035240.1.69.1019###root_1;Eukaryota_2759;Chordata_7711;Actinopteri_186623;Myctophiformes_68514;Myctophidae_68515;Lampadena_123246;Lampadena_luminosa_123247	98.492	199	100	2.27e-96	351	species	Eukaryota	Chordata	Actinopteri	Myctophiformes	Myctophidae	Lampadena	Lampadena luminosa
ASV0321	MZ597907.1.<1.>169###root_1;Eukaryota_2759;Chordata_7711;Actinopteri_186623;Blenniiformes_1489921;Blenniidae_56718;Glyptoparus_1156468;Glyptoparus_delicatulus_1156469	98.817	169	86	2.28e-81	302	species	Eukaryota	Chordata	Actinopteri	Blenniiformes	Blenniidae	Glyptoparus	Glyptoparus delicatulus
ASV0322	AF285920.1.<1.>880###root_1;Eukaryota_2759;Chordata_7711;Actinopteri_186623;order_Pomacentridae_30863;Pomacentridae_30863;Abudefduf_36213;Abudefduf_saxatilis_50731	99.49	196	100	4.79e-98	357	species	Eukaryota	Chordata	Actinopteri	Pomacentridae	Pomacentridae	Abudefduf	Abudefduf saxatilis
ASV0323	MH248183.1.<1.>671###root_1;Eukaryota_2759;Chordata_7711;Actinopteri_186623;Anguilliformes_7933;Muraenidae_46660;Gymnothorax_121281;Gymnothorax_undulatus_473461	99.492	197	100	1.34e-98	359	species	Eukaryota	Chordata	Actinopteri	Anguilliformes	Muraenidae	Gymnothorax	Gymnothorax undulatus
ASV0325	AP009144.1.70.1023###root_1;Eukaryota_2759;Chordata_7711;Actinopteri_186623;Clupeiformes_32446;Clupeidae_55118;Spratelloides_365051;Spratelloides_delicatulus_373251	88.78	205	100	1.10e-64	246	order	Eukaryota	Chordata	Actinopteri	Clupeiformes	NA	NA	NA
ASV0326	EU601180.1.22.>926###root_1;Eukaryota_2759;Chordata_7711;Actinopteri_186623;Labriformes_1489928;Labridae_8247;Calotomus_188111;Calotomus_spinidens_544409	100	194	100	1.32e-98	359	species	Eukaryota	Chordata	Actinopteri	Labriformes	Labridae	Calotomus	Calotomus spinidens
ASV0327	AY279561.1.<1.>912###root_1;Eukaryota_2759;Chordata_7711;Actinopteri_186623;Centrarchiformes_1489940;Kyphosidae_30843;Kyphosus_163142;Kyphosus_vaigiensis_163143	100	198	100	8.05e-101	366	species	Eukaryota	Chordata	Actinopteri	Centrarchiformes	Kyphosidae	Kyphosus	Kyphosus vaigiensis
ASV0328	LC672493.1.<1.895###root_1;Eukaryota_2759;Chordata_7711;Actinopteri_186623;Carangiformes_1489907;Carangidae_8157;Scomberoides_173340;Scomberoides_lysan_334379	98.99	198	100	1.74e-97	355	species	Eukaryota	Chordata	Actinopteri	Carangiformes	Carangidae	Scomberoides	Scomberoides lysan
ASV0329	EU601180.1.22.>926###root_1;Eukaryota_2759;Chordata_7711;Actinopteri_186623;Labriformes_1489928;Labridae_8247;Calotomus_188111;Calotomus_spinidens_544409	96.429	196	100	1.75e-87	322	genus	Eukaryota	Chordata	Actinopteri	Labriformes	Labridae	Calotomus	Calotomus sp.
ASV0330	MW145336.1.70.1020###root_1;Eukaryota_2759;Chordata_7711;Actinopteri_186623;Anguilliformes_7933;Muraenidae_46660;Gymnothorax_121281;Gymnothorax_javanicus_473457	98.98	196	100	2.23e-96	351	species	Eukaryota	Chordata	Actinopteri	Anguilliformes	Muraenidae	Gymnothorax	Gymnothorax javanicus
ASV0331	KP893074.1.70.1018###root_1;Eukaryota_2759;Chordata_7711;Actinopteri_186623;Anguilliformes_7933;Muraenidae_46660;Enchelynassa_876646;Enchelynassa_canina_876647	99.49	196	100	4.79e-98	357	species	Eukaryota	Chordata	Actinopteri	Anguilliformes	Muraenidae	Enchelynassa	Enchelynassa canina
ASV0332	KF374994.1.<1.>952###root_1;Eukaryota_2759;Chordata_7711;Actinopteri_186623;Mugiliformes_41872;Mugilidae_8189;Osteomugil_435239;Osteomugil_robustus_1003821	100	198	100	8.05e-101	366	species	Eukaryota	Chordata	Actinopteri	Mugiliformes	Mugilidae	Osteomugil	Osteomugil robustus
ASV0333	AP005980.1.70.1019###root_1;Eukaryota_2759;Chordata_7711;Actinopteri_186623;Atheriniformes_8075;Atherinidae_69128;Atherinomorus_69129;Atherinomorus_lacunosus_215336	97.959	196	100	4.82e-93	340	genus	Eukaryota	Chordata	Actinopteri	Atheriniformes	Atherinidae	Atherinomorus	Atherinomorus sp.
ASV0334	LC710304.1.<1.889###root_1;Eukaryota_2759;Chordata_7711;Actinopteri_186623;Blenniiformes_1489921;Tripterygiidae_57771;Enneapterygius_130720;Enneapterygius_etheostoma_3354692	94.359	195	100	8.14e-81	300	family	Eukaryota	Chordata	Actinopteri	Blenniiformes	Tripterygiidae	NA	NA
ASV0335	LC640041.1.<1.888###root_1;Eukaryota_2759;Chordata_7711;Actinopteri_186623;Chaetodontiformes_1545895;Chaetodontidae_30828;Chaetodon_37948;Chaetodon_lunula_109694	100	195	100	3.68e-99	361	species	Eukaryota	Chordata	Actinopteri	Chaetodontiformes	Chaetodontidae	Chaetodon	Chaetodon lunula
ASV0336	AY279590.1.<1.>875###root_1;Eukaryota_2759;Chordata_7711;Actinopteri_186623;Labriformes_1489928;Labridae_8247;Coris_126328;Coris_gaimard_241281	100	194	100	1.32e-98	359	species	Eukaryota	Chordata	Actinopteri	Labriformes	Labridae	Coris	Coris gaimard
ASV0337	LC622101.1.<1.909###root_1;Eukaryota_2759;Chordata_7711;Actinopteri_186623;Blenniiformes_1489921;Blenniidae_56718;Entomacrodus_57795;Entomacrodus_caudofasciatus_1892330	93.333	195	100	1.76e-77	289	family	Eukaryota	Chordata	Actinopteri	Blenniiformes	Blenniidae	NA	NA
ASV0338	MT712150.1.69.1017###root_1;Eukaryota_2759;Chordata_7711;Actinopteri_186623;Tetraodontiformes_31022;Ostraciidae_31025;Lactoria_319756;Lactoria_cornuta_586829	100	196	100	1.03e-99	363	species	Eukaryota	Chordata	Actinopteri	Tetraodontiformes	Ostraciidae	Lactoria	Lactoria cornuta
ASV0339	LC037050.1.<1.>177###root_1;Eukaryota_2759;Chordata_7711;Actinopteri_186623;Centrarchiformes_1489940;Cirrhitidae_76914;Cirrhitus_76915;Cirrhitus_pinnulatus_490258	99.435	177	87	1.83e-87	322	species	Eukaryota	Chordata	Actinopteri	Centrarchiformes	Cirrhitidae	Cirrhitus	Cirrhitus pinnulatus
ASV0340	PV434815.1.69.1008###root_1;Eukaryota_2759;Chordata_7711;Actinopteri_186623;Aulopiformes_68510;Synodontidae_81390;Saurida_143309;Saurida_gracilis_990639	96.354	192	100	7.94e-86	316	genus	Eukaryota	Chordata	Actinopteri	Aulopiformes	Synodontidae	Saurida	Saurida sp.
ASV0341	MT954104.1.70.1016###root_1;Eukaryota_2759;Chordata_7711;Actinopteri_186623;order_Pomacentridae_30863;Pomacentridae_30863;Abudefduf_36213;Abudefduf_vaigiensis_192871	98.98	196	100	2.23e-96	351	species	Eukaryota	Chordata	Actinopteri	Pomacentridae	Pomacentridae	Abudefduf	Abudefduf vaigiensis
ASV0342	MW630153.1.<1.>846###root_1;Eukaryota_2759;Chordata_7711;Actinopteri_186623;Labriformes_1489928;Labridae_8247;Hemigymnus_241302;Hemigymnus_fasciatus_290114	100	195	100	3.68e-99	361	species	Eukaryota	Chordata	Actinopteri	Labriformes	Labridae	Hemigymnus	Hemigymnus fasciatus
ASV0343	EU601210.1.22.>925###root_1;Eukaryota_2759;Chordata_7711;Actinopteri_186623;Labriformes_1489928;Labridae_8247;Scarus_59660;Scarus_quoyi_247626	99.497	199	100	1.05e-99	363	species	Eukaryota	Chordata	Actinopteri	Labriformes	Labridae	Scarus	Scarus quoyi
ASV0344	LC597210.1.<1.>804###root_1;Eukaryota_2759;Chordata_7711;Actinopteri_186623;Gobiiformes_1489878;Gobiidae_8220;Psammogobius_508058;Psammogobius_biocellatus_508059	87.31	197	100	1.80e-57	222	order	Eukaryota	Chordata	Actinopteri	Gobiiformes	NA	NA	NA
ASV0345	MH248169.1.<1.>666###root_1;Eukaryota_2759;Chordata_7711;Actinopteri_186623;Lutjaniformes_2024539;Lutjanidae_30850;Caesio_119693;Caesio_varilineata_1311421	99.492	197	100	1.34e-98	359	species	Eukaryota	Chordata	Actinopteri	Lutjaniformes	Lutjanidae	Caesio	Caesio varilineata
ASV0346	LC026678.1.<1.>169###root_1;Eukaryota_2759;Chordata_7711;Actinopteri_186623;Priacanthiformes_2024536;Priacanthidae_30865;Priacanthus_270571;Priacanthus_zaiserae_1609311	100	169	86	1.05e-84	313	species	Eukaryota	Chordata	Actinopteri	Priacanthiformes	Priacanthidae	Priacanthus	Priacanthus zaiserae
ASV0347	LC814893.1.<1.>740###root_1;Eukaryota_2759;Chordata_7711;Actinopteri_186623;order_Pomacentridae_30863;Pomacentridae_30863;Chrysiptera_80978;Chrysiptera_glauca_229119	98.469	196	100	1.04e-94	346	species	Eukaryota	Chordata	Actinopteri	Pomacentridae	Pomacentridae	Chrysiptera	Chrysiptera glauca
ASV0348	OP718221.1.69.1023###root_1;Eukaryota_2759;Chordata_7711;Actinopteri_186623;Syngnathiformes_129912;Mullidae_30854;Parupeneus_334899;Parupeneus_multifasciatus_626244	99.492	197	100	1.34e-98	359	species	Eukaryota	Chordata	Actinopteri	Syngnathiformes	Mullidae	Parupeneus	Parupeneus multifasciatus
ASV0349	DQ645653.1.<1.>955###root_1;Eukaryota_2759;Chordata_7711;Actinopteri_186623;Anguilliformes_7933;Ophichthidae_54912;Myrichthys_182434;Myrichthys_maculosus_391189	99.492	197	100	1.34e-98	359	species	Eukaryota	Chordata	Actinopteri	Anguilliformes	Ophichthidae	Myrichthys	Myrichthys maculosus
ASV0350	KT600962.1.<1.>761###root_1;Eukaryota_2759;Chordata_7711;Actinopteri_186623;Tetraodontiformes_31022;Monacanthidae_143346;Pervagor_392924;Pervagor_melanocephalus_586846	98.485	198	100	8.11e-96	350	species	Eukaryota	Chordata	Actinopteri	Tetraodontiformes	Monacanthidae	Pervagor	Pervagor melanocephalus
ASV0352	LC579377.1.<1.>517###root_1;Eukaryota_2759;Chordata_7711;Actinopteri_186623;Perciformes_8111;Anthiadidae_3363800;Pseudanthias_270577;Pseudanthias_leucozonus_2768290	94.33	194	100	1.04e-79	296	family	Eukaryota	Chordata	Actinopteri	Perciformes	Anthiadidae	NA	NA
ASV0353	MK253669.1.69.1013###root_1;Eukaryota_2759;Chordata_7711;Actinopteri_186623;Gobiiformes_1489878;Gobiidae_8220;Acanthogobius_86196;Acanthogobius_hasta_267130	86.364	198	100	3.97e-54	211	order	Eukaryota	Chordata	Actinopteri	Gobiiformes	NA	NA	NA
ASV0354	MH248213.1.<1.>651###root_1;Eukaryota_2759;Chordata_7711;Actinopteri_186623;Spariformes_1489931;Lethrinidae_30848;Lethrinus_119720;Lethrinus_nebulosus_182658	99.49	196	100	4.79e-98	357	species	Eukaryota	Chordata	Actinopteri	Spariformes	Lethrinidae	Lethrinus	Lethrinus nebulosus
ASV0355	AP011912.1.69.1018###root_1;Eukaryota_2759;Chordata_7711;Actinopteri_186623;Tetraodontiformes_31022;Tetraodontidae_31031;Canthigaster_223138;Canthigaster_valentini_223152	99.5	200	100	2.93e-100	364	species	Eukaryota	Chordata	Actinopteri	Tetraodontiformes	Tetraodontidae	Canthigaster	Canthigaster valentini
ASV0356	AP005991.1.70.1024###root_1;Eukaryota_2759;Chordata_7711;Actinopteri_186623;Perciformes_8111;Serranidae_30871;Epinephelus_94231;Epinephelus_merra_215346	98.98	196	100	2.23e-96	351	species	Eukaryota	Chordata	Actinopteri	Perciformes	Serranidae	Epinephelus	Epinephelus merra
ASV0357	AP005991.1.70.1024###root_1;Eukaryota_2759;Chordata_7711;Actinopteri_186623;Perciformes_8111;Serranidae_30871;Epinephelus_94231;Epinephelus_merra_215346	97.959	196	100	4.82e-93	340	genus	Eukaryota	Chordata	Actinopteri	Perciformes	Serranidae	Epinephelus	Epinephelus sp.
ASV0358	AY279593.1.<1.>933###root_1;Eukaryota_2759;Chordata_7711;Actinopteri_186623;Labriformes_1489928;Labridae_8247;Cymolutes_241283;Cymolutes_praetextatus_241284	98.985	197	100	2.24e-96	351	species	Eukaryota	Chordata	Actinopteri	Labriformes	Labridae	Cymolutes	Cymolutes praetextatus
ASV0360	OP035107.2.70.1024###root_1;Eukaryota_2759;Chordata_7711;Actinopteri_186623;Syngnathiformes_129912;Mullidae_30854;Mulloidichthys_342442;Mulloidichthys_flavolineatus_652446	98.985	197	100	6.23e-97	353	species	Eukaryota	Chordata	Actinopteri	Syngnathiformes	Mullidae	Mulloidichthys	Mulloidichthys flavolineatus
ASV0361	AP012235.1.361.1317###root_1;Eukaryota_2759;Chordata_7711;Actinopteri_186623;Myctophiformes_68514;Myctophidae_68515;Diaphus_88678;Diaphus_gigas_292501	98.492	199	100	2.27e-96	351	species	Eukaryota	Chordata	Actinopteri	Myctophiformes	Myctophidae	Diaphus	Diaphus gigas
ASV0362	ON360999.1.69.1019###root_1;Eukaryota_2759;Chordata_7711;Actinopteri_186623;Acanthuriformes_1489937;Acanthuridae_29146;Zebrasoma_75045;Zebrasoma_scopas_75046	98.98	196	100	2.23e-96	351	species	Eukaryota	Chordata	Actinopteri	Acanthuriformes	Acanthuridae	Zebrasoma	Zebrasoma scopas
ASV0363	OR148895.1.11122.12069###root_1;Eukaryota_2759;Chordata_7711;Actinopteri_186623;Holocentriformes_1490028;Holocentridae_47697;Myripristis_47699;Myripristis_murdjan_586833	98.99	198	100	1.74e-97	355	species	Eukaryota	Chordata	Actinopteri	Holocentriformes	Holocentridae	Myripristis	Myripristis murdjan
ASV0364	AY279583.1.<1.>943###root_1;Eukaryota_2759;Chordata_7711;Actinopteri_186623;Labriformes_1489928;Labridae_8247;Cheilio_241272;Cheilio_inermis_241273	99.49	196	100	4.79e-98	357	species	Eukaryota	Chordata	Actinopteri	Labriformes	Labridae	Cheilio	Cheilio inermis
ASV0365	AY279593.1.<1.>933###root_1;Eukaryota_2759;Chordata_7711;Actinopteri_186623;Labriformes_1489928;Labridae_8247;Cymolutes_241283;Cymolutes_praetextatus_241284	98.985	197	100	2.24e-96	351	species	Eukaryota	Chordata	Actinopteri	Labriformes	Labridae	Cymolutes	Cymolutes praetextatus
ASV0366	KF161880.1.648.1601###root_1;Eukaryota_2759;Chordata_7711;Mammalia_40674;Primates_9443;Hominidae_9604;Homo_9605;Homo_sapiens_9606	98.99	198	100	4.85e-98	357	species	Eukaryota	Chordata	Mammalia	Primates	Hominidae	Homo	Homo sapiens
ASV0367	MZ597913.1.<1.>169###root_1;Eukaryota_2759;Chordata_7711;Actinopteri_186623;order_Pomacentridae_30863;Pomacentridae_30863;Stegastes_80992;Stegastes_lividus_80995	98.817	169	86	2.28e-81	302	species	Eukaryota	Chordata	Actinopteri	Pomacentridae	Pomacentridae	Stegastes	Stegastes lividus
ASV0368	OQ656152.1.70.1016###root_1;Eukaryota_2759;Chordata_7711;Actinopteri_186623;Anguilliformes_7933;Muraenidae_46660;Gymnothorax_121281;Gymnothorax_buroensis_876628	99.487	195	100	1.71e-97	355	species	Eukaryota	Chordata	Actinopteri	Anguilliformes	Muraenidae	Gymnothorax	Gymnothorax buroensis
ASV0369	LC145990.2.<1.895###root_1;Eukaryota_2759;Chordata_7711;Actinopteri_186623;Myctophiformes_68514;Myctophidae_68515;Diaphus_88678;Diaphus_effulgens_473308	100	199	100	2.25e-101	368	species	Eukaryota	Chordata	Actinopteri	Myctophiformes	Myctophidae	Diaphus	Diaphus effulgens
ASV0370	MW160687.1.70.1020###root_1;Eukaryota_2759;Chordata_7711;Actinopteri_186623;Anguilliformes_7933;Muraenidae_46660;Gymnothorax_121281;Gymnothorax_flavimarginatus_217850	99.49	196	100	4.79e-98	357	species	Eukaryota	Chordata	Actinopteri	Anguilliformes	Muraenidae	Gymnothorax	Gymnothorax flavimarginatus
ASV0371	LC145877.2.<1.957###root_1;Eukaryota_2759;Chordata_7711;Actinopteri_186623;Gobiiformes_1489878;Eleotridae_86197;Eleotris_86231;Eleotris_acanthopomus_86232	100	194	100	1.32e-98	359	species	Eukaryota	Chordata	Actinopteri	Gobiiformes	Eleotridae	Eleotris	Eleotris acanthopomus
ASV0372	MH248202.1.<1.>664###root_1;Eukaryota_2759;Chordata_7711;Actinopteri_186623;Acanthuriformes_1489937;Acanthuridae_29146;Zebrasoma_75045;Zebrasoma_xanthurum_1484168	98.98	196	100	2.23e-96	351	species	Eukaryota	Chordata	Actinopteri	Acanthuriformes	Acanthuridae	Zebrasoma	Zebrasoma xanthurum
ASV0373	LC661346.1.<1.890###root_1;Eukaryota_2759;Chordata_7711;Actinopteri_186623;Holocentriformes_1490028;Holocentridae_47697;Sargocentron_47707;Sargocentron_ittodai_699551	99.5	200	100	2.93e-100	364	species	Eukaryota	Chordata	Actinopteri	Holocentriformes	Holocentridae	Sargocentron	Sargocentron ittodai
ASV0374	LC622103.1.<1.886###root_1;Eukaryota_2759;Chordata_7711;Actinopteri_186623;Blenniiformes_1489921;Tripterygiidae_57771;Helcogramma_490332;Helcogramma_nesion_2979723	92.893	197	100	6.41e-77	287	family	Eukaryota	Chordata	Actinopteri	Blenniiformes	Tripterygiidae	NA	NA
ASV0375	OP749983.1.70.1017###root_1;Eukaryota_2759;Chordata_7711;Actinopteri_186623;Blenniiformes_1489921;Blenniidae_56718;Cirripectes_703910;Cirripectes_randalli_2999979	99.487	195	100	1.71e-97	355	species	Eukaryota	Chordata	Actinopteri	Blenniiformes	Blenniidae	Cirripectes	Cirripectes randalli
ASV0376	LC715464.1.<1.898###root_1;Eukaryota_2759;Chordata_7711;Actinopteri_186623;Spariformes_1489931;Lethrinidae_30848;Lethrinus_119720;Lethrinus_amboinensis_1828435	97.436	195	100	8.02e-91	333	genus	Eukaryota	Chordata	Actinopteri	Spariformes	Lethrinidae	Lethrinus	Lethrinus sp.
ASV0377	LC834791.1.<1.953###root_1;Eukaryota_2759;Chordata_7711;Actinopteri_186623;Syngnathiformes_129912;Mullidae_30854;Parupeneus_334899;Parupeneus_indicus_334904	100	196	100	1.03e-99	363	species	Eukaryota	Chordata	Actinopteri	Syngnathiformes	Mullidae	Parupeneus	Parupeneus indicus
ASV0378	LC458136.2.<1.890###root_1;Eukaryota_2759;Chordata_7711;Actinopteri_186623;Gerreiformes_2024538;Gerreidae_274463;Gerres_274464;Gerres_erythrourus_332416	95.408	196	100	3.76e-84	311	genus	Eukaryota	Chordata	Actinopteri	Gerreiformes	Gerreidae	Gerres	Gerres sp.
ASV0379	MZ598359.1.<1.>170###root_1;Eukaryota_2759;Chordata_7711;Actinopteri_186623;Anguilliformes_7933;Muraenidae_46660;Uropterygius_189495;Uropterygius_alboguttatus_1156147	92.941	170	86	3.03e-65	248	family	Eukaryota	Chordata	Actinopteri	Anguilliformes	Muraenidae	NA	NA
ASV0380	AP006029.1.69.1001###root_1;Eukaryota_2759;Chordata_7711;Actinopteri_186623;Gobiiformes_1489878;Schindleriidae_30918;Schindleria_166781;Schindleria_praematura_166783	86.528	193	100	1.08e-54	213	order	Eukaryota	Chordata	Actinopteri	Gobiiformes	NA	NA	NA
ASV0381	LC622103.1.<1.886###root_1;Eukaryota_2759;Chordata_7711;Actinopteri_186623;Blenniiformes_1489921;Tripterygiidae_57771;Helcogramma_490332;Helcogramma_nesion_2979723	94.924	197	100	1.37e-83	309	family	Eukaryota	Chordata	Actinopteri	Blenniiformes	Tripterygiidae	NA	NA
ASV0382	KP893074.1.70.1018###root_1;Eukaryota_2759;Chordata_7711;Actinopteri_186623;Anguilliformes_7933;Muraenidae_46660;Enchelynassa_876646;Enchelynassa_canina_876647	99.492	197	100	4.82e-98	357	species	Eukaryota	Chordata	Actinopteri	Anguilliformes	Muraenidae	Enchelynassa	Enchelynassa canina
ASV0383	MT199208.1.70.1016###root_1;Eukaryota_2759;Chordata_7711;Actinopteri_186623;order_Pomacentridae_30863;Pomacentridae_30863;Chromis_80974;Chromis_viridis_80977	95.408	196	100	1.05e-84	313	genus	Eukaryota	Chordata	Actinopteri	Pomacentridae	Pomacentridae	Chromis	Chromis sp.
ASV0384	LC026706.1.<1.>168###root_1;Eukaryota_2759;Chordata_7711;Actinopteri_186623;Perciformes_8111;Scorpaenidae_8108;Parascorpaena_626228;Parascorpaena_mossambica_1003773	94.048	168	86	1.79e-67	255	family	Eukaryota	Chordata	Actinopteri	Perciformes	Scorpaenidae	NA	NA
ASV0385	KP218259.1.73.1031###root_1;Eukaryota_2759;Chordata_7711;Actinopteri_186623;order_Pomacanthidae_30862;Pomacanthidae_30862;Pomacanthus_51797;Pomacanthus_imperator_109711	99.497	199	100	1.05e-99	363	species	Eukaryota	Chordata	Actinopteri	Pomacanthidae	Pomacanthidae	Pomacanthus	Pomacanthus imperator
ASV0386	OP718224.1.70.1024###root_1;Eukaryota_2759;Chordata_7711;Actinopteri_186623;Syngnathiformes_129912;Mullidae_30854;Parupeneus_334899;Parupeneus_barberinus_475168	99.495	198	100	3.75e-99	361	species	Eukaryota	Chordata	Actinopteri	Syngnathiformes	Mullidae	Parupeneus	Parupeneus barberinus
ASV0387	FJ595020.1.69.1020###root_1;Eukaryota_2759;Chordata_7711;Actinopteri_186623;Labriformes_1489928;Labridae_8247;Scarus_59660;Scarus_schlegeli_247629	98.492	199	100	2.27e-96	351	species	Eukaryota	Chordata	Actinopteri	Labriformes	Labridae	Scarus	Scarus schlegeli
ASV0388	MH248175.1.<1.>659###root_1;Eukaryota_2759;Chordata_7711;Actinopteri_186623;Syngnathiformes_129912;Syngnathidae_72045;Doryrhamphus_161449;Doryrhamphus_excisus_161450	98.969	194	100	1.02e-94	346	species	Eukaryota	Chordata	Actinopteri	Syngnathiformes	Syngnathidae	Doryrhamphus	Doryrhamphus excisus
ASV0389	OP035101.1.70.1021###root_1;Eukaryota_2759;Chordata_7711;Actinopteri_186623;Anguilliformes_7933;Muraenidae_46660;Gymnothorax_121281;Gymnothorax_chilospilus_473452	99.5	200	100	2.93e-100	364	species	Eukaryota	Chordata	Actinopteri	Anguilliformes	Muraenidae	Gymnothorax	Gymnothorax chilospilus
ASV0390	LC780147.1.<1.895###root_1;Eukaryota_2759;Chordata_7711;Actinopteri_186623;Gobiiformes_1489878;Gobiidae_8220;Gnatholepis_151727;Gnatholepis_anjerensis_194857	98.969	194	100	2.85e-95	348	species	Eukaryota	Chordata	Actinopteri	Gobiiformes	Gobiidae	Gnatholepis	Gnatholepis anjerensis
ASV0391	KY815349.1.<1.>879###root_1;Eukaryota_2759;Chordata_7711;Actinopteri_186623;Labriformes_1489928;Labridae_8247;Thalassoma_76337;Thalassoma_lutescens_239049	98.454	194	100	1.33e-93	342	species	Eukaryota	Chordata	Actinopteri	Labriformes	Labridae	Thalassoma	Thalassoma lutescens
ASV0392	LC622103.1.<1.886###root_1;Eukaryota_2759;Chordata_7711;Actinopteri_186623;Blenniiformes_1489921;Tripterygiidae_57771;Helcogramma_490332;Helcogramma_nesion_2979723	94.416	197	100	2.28e-81	302	family	Eukaryota	Chordata	Actinopteri	Blenniiformes	Tripterygiidae	NA	NA
ASV0393	EF616826.1.<1.>883###root_1;Eukaryota_2759;Chordata_7711;Actinopteri_186623;Chaetodontiformes_1545895;Chaetodontidae_30828;Chaetodon_37948;Chaetodon_austriacus_109684	100	195	100	3.68e-99	361	species	Eukaryota	Chordata	Actinopteri	Chaetodontiformes	Chaetodontidae	Chaetodon	Chaetodon austriacus
ASV0394	FJ616363.1.<1.>945###root_1;Eukaryota_2759;Chordata_7711;Actinopteri_186623;order_Pomacentridae_30863;Pomacentridae_30863;Plectroglyphidodon_80986;Plectroglyphidodon_leucozona_3359602	96.447	197	100	1.36e-88	326	genus	Eukaryota	Chordata	Actinopteri	Pomacentridae	Pomacentridae	Plectroglyphidodon	Plectroglyphidodon sp.
ASV0395	MZ598359.1.<1.>170###root_1;Eukaryota_2759;Chordata_7711;Actinopteri_186623;Anguilliformes_7933;Muraenidae_46660;Uropterygius_189495;Uropterygius_alboguttatus_1156147	100	170	86	2.94e-85	315	species	Eukaryota	Chordata	Actinopteri	Anguilliformes	Muraenidae	Uropterygius	Uropterygius alboguttatus
ASV0396	AP019337.1.69.1017###root_1;Eukaryota_2759;Chordata_7711;Actinopteri_186623;Gobiiformes_1489878;Gobiidae_8220;Eviota_166746;Eviota_prasina_595619	92.347	196	100	3.81e-74	278	family	Eukaryota	Chordata	Actinopteri	Gobiiformes	Gobiidae	NA	NA
ASV0397	LC630796.1.<1.>900###root_1;Eukaryota_2759;Chordata_7711;Actinopteri_186623;Gobiiformes_1489878;Gobiidae_8220;Parachaeturichthys_376885;Parachaeturichthys_polynema_376886	91.795	195	100	1.77e-72	272	family	Eukaryota	Chordata	Actinopteri	Gobiiformes	Gobiidae	NA	NA
ASV0398	OP035267.1.69.1028###root_1;Eukaryota_2759;Chordata_7711;Actinopteri_186623;Kurtiformes_1489876;Apogonidae_83881;Apogonichthys_1147078;Apogonichthys_perdix_1431478	94.271	192	97	1.39e-78	292	family	Eukaryota	Chordata	Actinopteri	Kurtiformes	Apogonidae	NA	NA
ASV0399	AY279608.1.<1.>941###root_1;Eukaryota_2759;Chordata_7711;Actinopteri_186623;Labriformes_1489928;Labridae_8247;Halichoeres_51788;Halichoeres_scapularis_241300	99.492	197	100	1.34e-98	359	species	Eukaryota	Chordata	Actinopteri	Labriformes	Labridae	Halichoeres	Halichoeres scapularis
ASV0400	LC806059.1.<1.881###root_1;Eukaryota_2759;Chordata_7711;Actinopteri_186623;Beloniformes_76071;Hemiramphidae_88694;Hyporhamphus_115870;Hyporhamphus_yuri_2012922	92.857	196	100	2.95e-75	281	family	Eukaryota	Chordata	Actinopteri	Beloniformes	Hemiramphidae	NA	NA
ASV0401	LC649141.1.<1.888###root_1;Eukaryota_2759;Chordata_7711;Actinopteri_186623;Acanthuriformes_1489937;Acanthuridae_29146;Naso_75027;Naso_unicornis_175444	99.492	197	100	1.34e-98	359	species	Eukaryota	Chordata	Actinopteri	Acanthuriformes	Acanthuridae	Naso	Naso unicornis
ASV0402	OP718221.1.69.1023###root_1;Eukaryota_2759;Chordata_7711;Actinopteri_186623;Syngnathiformes_129912;Mullidae_30854;Parupeneus_334899;Parupeneus_multifasciatus_626244	97.475	198	100	6.31e-92	337	genus	Eukaryota	Chordata	Actinopteri	Syngnathiformes	Mullidae	Parupeneus	Parupeneus sp.
ASV0403	KC847086.1.72.1024###root_1;Eukaryota_2759;Chordata_7711;Actinopteri_186623;Perciformes_8111;Serranidae_30871;Epinephelus_94231;Epinephelus_trimaculatus_308562	98.469	196	100	1.04e-94	346	species	Eukaryota	Chordata	Actinopteri	Perciformes	Serranidae	Epinephelus	Epinephelus trimaculatus
ASV0404	MZ597946.1.<1.>169###root_1;Eukaryota_2759;Chordata_7711;Actinopteri_186623;Kurtiformes_1489876;Apogonidae_83881;Nectamia_638237;Nectamia_savayensis_316373	98.795	166	85	1.06e-79	296	species	Eukaryota	Chordata	Actinopteri	Kurtiformes	Apogonidae	Nectamia	Nectamia savayensis
ASV0405	AF265391.1.1.970###root_1;Eukaryota_2759;Chordata_7711;Actinopteri_186623;Gobiiformes_1489878;Gobiidae_8220;Ptereleotris_86206;Ptereleotris_evides_150323	97.99	199	100	1.33e-93	342	genus	Eukaryota	Chordata	Actinopteri	Gobiiformes	Gobiidae	Ptereleotris	Ptereleotris sp.
ASV0406	LC773520.1.<1.883###root_1;Eukaryota_2759;Chordata_7711;Actinopteri_186623;Syngnathiformes_129912;Callionymidae_30908;Callionymus_34784;Callionymus_japonicus_1503350	89.175	194	100	1.77e-62	239	order	Eukaryota	Chordata	Actinopteri	Syngnathiformes	NA	NA	NA
ASV0407	ON210977.1.69.1018###root_1;Eukaryota_2759;Chordata_7711;Actinopteri_186623;Acanthuriformes_1489937;Acanthuridae_29146;Acanthurus_12912;Acanthurus_triostegus_175435	98.985	197	100	6.23e-97	353	species	Eukaryota	Chordata	Actinopteri	Acanthuriformes	Acanthuridae	Acanthurus	Acanthurus triostegus
ASV0408	KT600934.1.<1.>761###root_1;Eukaryota_2759;Chordata_7711;Actinopteri_186623;Tetraodontiformes_31022;Monacanthidae_143346;Amanses_245706;Amanses_scopas_245707	99.492	197	100	1.34e-98	359	species	Eukaryota	Chordata	Actinopteri	Tetraodontiformes	Monacanthidae	Amanses	Amanses scopas
ASV0409	LC499173.1.<1.>168###root_1;Eukaryota_2759;Chordata_7711;Actinopteri_186623;Syngnathiformes_129912;Syngnathidae_72045;Corythoichthys_161447;Corythoichthys_schultzi_1311431	97.024	168	86	8.20e-76	283	genus	Eukaryota	Chordata	Actinopteri	Syngnathiformes	Syngnathidae	Corythoichthys	Corythoichthys sp.
ASV0410	AB049982.1.1.676###root_1;Eukaryota_2759;Chordata_7711;Actinopteri_186623;Anguilliformes_7933;Moringuidae_118143;Moringua_118144;Moringua_edwardsi_139719	100	196	100	1.03e-99	363	species	Eukaryota	Chordata	Actinopteri	Anguilliformes	Moringuidae	Moringua	Moringua edwardsi
ASV0411	MZ188982.1.69.1017###root_1;Eukaryota_2759;Chordata_7711;Actinopteri_186623;Tetraodontiformes_31022;Tetraodontidae_31031;Canthigaster_223138;Canthigaster_amboinensis_303742	99	200	100	1.36e-98	359	species	Eukaryota	Chordata	Actinopteri	Tetraodontiformes	Tetraodontidae	Canthigaster	Canthigaster amboinensis
ASV0412	EU601180.1.22.>926###root_1;Eukaryota_2759;Chordata_7711;Actinopteri_186623;Labriformes_1489928;Labridae_8247;Calotomus_188111;Calotomus_spinidens_544409	95.918	196	100	8.13e-86	316	genus	Eukaryota	Chordata	Actinopteri	Labriformes	Labridae	Calotomus	Calotomus sp.
ASV0413	OR575550.1.70.1017###root_1;Eukaryota_2759;Chordata_7711;Actinopteri_186623;Anguilliformes_7933;Muraenidae_46660;Gymnomuraena_876648;Gymnomuraena_zebra_876649	100	197	100	2.88e-100	364	species	Eukaryota	Chordata	Actinopteri	Anguilliformes	Muraenidae	Gymnomuraena	Gymnomuraena zebra
ASV0414	OP035213.1.69.1018###root_1;Eukaryota_2759;Chordata_7711;Actinopteri_186623;Acanthuriformes_1489937;Acanthuridae_29146;Naso_75027;Naso_brevirostris_238055	100	197	100	2.88e-100	364	species	Eukaryota	Chordata	Actinopteri	Acanthuriformes	Acanthuridae	Naso	Naso brevirostris
ASV0415	LC037046.1.<1.>173###root_1;Eukaryota_2759;Chordata_7711;Actinopteri_186623;Centrarchiformes_1489940;Cirrhitidae_76914;Cirrhitops_529472;Cirrhitops_hubbardi_1633476	95.376	173	87	1.41e-73	276	genus	Eukaryota	Chordata	Actinopteri	Centrarchiformes	Cirrhitidae	Cirrhitops	Cirrhitops sp.
ASV0416	LC710304.1.<1.889###root_1;Eukaryota_2759;Chordata_7711;Actinopteri_186623;Blenniiformes_1489921;Tripterygiidae_57771;Enneapterygius_130720;Enneapterygius_etheostoma_3354692	94.359	195	100	8.14e-81	300	family	Eukaryota	Chordata	Actinopteri	Blenniiformes	Tripterygiidae	NA	NA
ASV0417	OR603866.1.<1.>958###root_1;Eukaryota_2759;Chordata_7711;Actinopteri_186623;Anguilliformes_7933;Ophichthidae_54912;Leiuranus_1156472;Leiuranus_semicinctus_1156473	96.482	199	100	1.06e-89	329	genus	Eukaryota	Chordata	Actinopteri	Anguilliformes	Ophichthidae	Leiuranus	Leiuranus sp.
ASV0418	LC710281.1.<1.892###root_1;Eukaryota_2759;Chordata_7711;Actinopteri_186623;Myctophiformes_68514;Myctophidae_68515;Hygophum_81365;Hygophum_proximum_89988	94.059	202	100	6.44e-82	303	family	Eukaryota	Chordata	Actinopteri	Myctophiformes	Myctophidae	NA	NA
ASV0419	LC552461.2.<1.907###root_1;Eukaryota_2759;Chordata_7711;Actinopteri_186623;Uranoscopiformes_1489926;Pinguipedidae_206137;Parapercis_215380;Parapercis_pulchella_1003772	89.447	199	100	8.51e-66	250	order	Eukaryota	Chordata	Actinopteri	Uranoscopiformes	NA	NA	NA
ASV0420	KF573188.1.70.1026###root_1;Eukaryota_2759;Chordata_7711;Actinopteri_186623;Pleuronectiformes_8252;Soleidae_30948;Liachirus_1286139;Liachirus_melanospilos_367195	89	200	100	3.98e-64	244	order	Eukaryota	Chordata	Actinopteri	Pleuronectiformes	NA	NA	NA
ASV0421	OP035224.1.69.1019###root_1;Eukaryota_2759;Chordata_7711;Actinopteri_186623;Acanthuriformes_1489937;Acanthuridae_29146;Acanthurus_12912;Acanthurus_blochii_238050	99.492	197	100	1.34e-98	359	species	Eukaryota	Chordata	Actinopteri	Acanthuriformes	Acanthuridae	Acanthurus	Acanthurus blochii
ASV0422	JX242929.1.<1.>850###root_1;Eukaryota_2759;Chordata_7711;Actinopteri_186623;Anguilliformes_7933;Muraenidae_46660;Gymnothorax_121281;Gymnothorax_pictus_876633	99.49	196	100	4.79e-98	357	species	Eukaryota	Chordata	Actinopteri	Anguilliformes	Muraenidae	Gymnothorax	Gymnothorax pictus
ASV0423	ON210977.1.69.1018###root_1;Eukaryota_2759;Chordata_7711;Actinopteri_186623;Acanthuriformes_1489937;Acanthuridae_29146;Acanthurus_12912;Acanthurus_triostegus_175435	98.477	197	100	2.90e-95	348	species	Eukaryota	Chordata	Actinopteri	Acanthuriformes	Acanthuridae	Acanthurus	Acanthurus triostegus
ASV0424	KY815349.1.<1.>879###root_1;Eukaryota_2759;Chordata_7711;Actinopteri_186623;Labriformes_1489928;Labridae_8247;Thalassoma_76337;Thalassoma_lutescens_239049	99.485	194	100	6.12e-97	353	species	Eukaryota	Chordata	Actinopteri	Labriformes	Labridae	Thalassoma	Thalassoma lutescens
ASV0425	OP718221.1.69.1023###root_1;Eukaryota_2759;Chordata_7711;Actinopteri_186623;Syngnathiformes_129912;Mullidae_30854;Parupeneus_334899;Parupeneus_multifasciatus_626244	99.492	197	100	1.34e-98	359	species	Eukaryota	Chordata	Actinopteri	Syngnathiformes	Mullidae	Parupeneus	Parupeneus multifasciatus
ASV0426	OP749983.1.70.1017###root_1;Eukaryota_2759;Chordata_7711;Actinopteri_186623;Blenniiformes_1489921;Blenniidae_56718;Cirripectes_703910;Cirripectes_randalli_2999979	99.487	195	100	1.71e-97	355	species	Eukaryota	Chordata	Actinopteri	Blenniiformes	Blenniidae	Cirripectes	Cirripectes randalli
ASV0427	AY279593.1.<1.>933###root_1;Eukaryota_2759;Chordata_7711;Actinopteri_186623;Labriformes_1489928;Labridae_8247;Cymolutes_241283;Cymolutes_praetextatus_241284	98.985	197	100	2.24e-96	351	species	Eukaryota	Chordata	Actinopteri	Labriformes	Labridae	Cymolutes	Cymolutes praetextatus
ASV0428	LC649141.1.<1.888###root_1;Eukaryota_2759;Chordata_7711;Actinopteri_186623;Acanthuriformes_1489937;Acanthuridae_29146;Naso_75027;Naso_unicornis_175444	99.492	197	100	1.34e-98	359	species	Eukaryota	Chordata	Actinopteri	Acanthuriformes	Acanthuridae	Naso	Naso unicornis
ASV0429	LC499365.1.<1.>458###root_1;Eukaryota_2759;Chordata_7711;Actinopteri_186623;Centrarchiformes_1489940;Cirrhitidae_76914;Paracirrhites_100205;Paracirrhites_arcatus_215373	99.507	203	100	6.40e-102	370	species	Eukaryota	Chordata	Actinopteri	Centrarchiformes	Cirrhitidae	Paracirrhites	Paracirrhites arcatus
ASV0430	OR575603.1.69.1021###root_1;Eukaryota_2759;Chordata_7711;Actinopteri_186623;Myctophiformes_68514;Myctophidae_68515;Bolinichthys_123244;Bolinichthys_supralateralis_473300	100	199	100	2.25e-101	368	species	Eukaryota	Chordata	Actinopteri	Myctophiformes	Myctophidae	Bolinichthys	Bolinichthys supralateralis
ASV0431	OP035151.1.70.1017###root_1;Eukaryota_2759;Chordata_7711;Actinopteri_186623;Blenniiformes_1489921;Blenniidae_56718;Cirripectes_703910;Cirripectes_quagga_879476	98.462	195	100	3.71e-94	344	species	Eukaryota	Chordata	Actinopteri	Blenniiformes	Blenniidae	Cirripectes	Cirripectes quagga
ASV0432	PV053460.1.<1.>168###root_1;Eukaryota_2759;Chordata_7711;Actinopteri_186623;Blenniiformes_1489921;Blenniidae_56718;Blenniella_879711;Blenniella_chrysospilos_879712	94.643	168	86	3.84e-69	261	family	Eukaryota	Chordata	Actinopteri	Blenniiformes	Blenniidae	NA	NA
ASV0433	LC579345.2.<1.889###root_1;Eukaryota_2759;Chordata_7711;Actinopteri_186623;Acanthuriformes_1489937;Acanthuridae_29146;Naso_75027;Naso_mcdadei_238062	100	197	100	2.88e-100	364	species	Eukaryota	Chordata	Actinopteri	Acanthuriformes	Acanthuridae	Naso	Naso mcdadei
ASV0434	OR546227.1.70.1017###root_1;Eukaryota_2759;Chordata_7711;Actinopteri_186623;Blenniiformes_1489921;Blenniidae_56718;Cirripectes_703910;Cirripectes_polyzona_879475	99.487	195	100	1.71e-97	355	species	Eukaryota	Chordata	Actinopteri	Blenniiformes	Blenniidae	Cirripectes	Cirripectes polyzona
ASV0435	OP035184.1.70.1018###root_1;Eukaryota_2759;Chordata_7711;Actinopteri_186623;Anguilliformes_7933;Muraenidae_46660;Echidna_189497;Echidna_nebulosa_586818	99.49	196	100	4.79e-98	357	species	Eukaryota	Chordata	Actinopteri	Anguilliformes	Muraenidae	Echidna	Echidna nebulosa
ASV0436	AP005980.1.70.1019###root_1;Eukaryota_2759;Chordata_7711;Actinopteri_186623;Atheriniformes_8075;Atherinidae_69128;Atherinomorus_69129;Atherinomorus_lacunosus_215336	97.959	196	100	4.82e-93	340	genus	Eukaryota	Chordata	Actinopteri	Atheriniformes	Atherinidae	Atherinomorus	Atherinomorus sp.
ASV0437	LC710304.1.<1.889###root_1;Eukaryota_2759;Chordata_7711;Actinopteri_186623;Blenniiformes_1489921;Tripterygiidae_57771;Enneapterygius_130720;Enneapterygius_etheostoma_3354692	94.359	195	100	8.14e-81	300	family	Eukaryota	Chordata	Actinopteri	Blenniiformes	Tripterygiidae	NA	NA
ASV0438	EU601208.1.22.>926###root_1;Eukaryota_2759;Chordata_7711;Actinopteri_186623;Labriformes_1489928;Labridae_8247;Scarus_59660;Scarus_psittacus_247625	99.497	199	100	1.05e-99	363	species	Eukaryota	Chordata	Actinopteri	Labriformes	Labridae	Scarus	Scarus psittacus
ASV0439	PV053446.1.<1.>167###root_1;Eukaryota_2759;Chordata_7711;Actinopteri_186623;Blenniiformes_1489921;Blenniidae_56718;Petroscirtes_57846;Petroscirtes_xestus_1156125	97.605	167	86	6.30e-77	287	genus	Eukaryota	Chordata	Actinopteri	Blenniiformes	Blenniidae	Petroscirtes	Petroscirtes sp.
ASV0440	KT600968.1.<1.>764###root_1;Eukaryota_2759;Chordata_7711;Actinopteri_186623;Tetraodontiformes_31022;Balistidae_31024;Rhinecanthus_245704;Rhinecanthus_aculeatus_245705	99.495	198	100	3.75e-99	361	species	Eukaryota	Chordata	Actinopteri	Tetraodontiformes	Balistidae	Rhinecanthus	Rhinecanthus aculeatus
ASV0441	AY279589.1.<1.>936###root_1;Eukaryota_2759;Chordata_7711;Actinopteri_186623;Labriformes_1489928;Labridae_8247;Coris_126328;Coris_aygula_241280	98.969	194	100	2.85e-95	348	species	Eukaryota	Chordata	Actinopteri	Labriformes	Labridae	Coris	Coris aygula
ASV0442	KT445895.1.70.1022###root_1;Eukaryota_2759;Chordata_7711;Actinopteri_186623;order_Sphyraenidae_27769;Sphyraenidae_27769;Sphyraena_13691;Sphyraena_jello_445362	98.99	198	100	1.74e-97	355	species	Eukaryota	Chordata	Actinopteri	Sphyraenidae	Sphyraenidae	Sphyraena	Sphyraena jello
ASV0443	LC458200.2.<1.923###root_1;Eukaryota_2759;Chordata_7711;Actinopteri_186623;Gobiiformes_1489878;Gobiidae_8220;Bathygobius_163631;Bathygobius_cotticeps_1156088	89.394	198	100	3.87e-64	244	order	Eukaryota	Chordata	Actinopteri	Gobiiformes	NA	NA	NA
ASV0444	OR603860.1.<1.>949###root_1;Eukaryota_2759;Chordata_7711;Actinopteri_186623;Gobiiformes_1489878;Gobiidae_8220;Fusigobius_151724;Fusigobius_duospilus_990218	96.41	195	99	1.75e-87	322	genus	Eukaryota	Chordata	Actinopteri	Gobiiformes	Gobiidae	Fusigobius	Fusigobius sp.
ASV0445	MZ605530.1.<1.>167###root_1;Eukaryota_2759;Chordata_7711;Actinopteri_186623;Chaetodontiformes_1545895;Leiognathidae_30846;Aurigequula_979558;Aurigequula_fasciata_274456	100	167	86	1.34e-83	309	species	Eukaryota	Chordata	Actinopteri	Chaetodontiformes	Leiognathidae	Aurigequula	Aurigequula fasciata
ASV0446	LC812908.1.<1.890###root_1;Eukaryota_2759;Chordata_7711;Actinopteri_186623;Myctophiformes_68514;Myctophidae_68515;Ceratoscopelus_123250;Ceratoscopelus_warmingii_123251	97.99	199	100	1.05e-94	346	genus	Eukaryota	Chordata	Actinopteri	Myctophiformes	Myctophidae	Ceratoscopelus	Ceratoscopelus sp.
ASV0447	LC780147.1.<1.895###root_1;Eukaryota_2759;Chordata_7711;Actinopteri_186623;Gobiiformes_1489878;Gobiidae_8220;Gnatholepis_151727;Gnatholepis_anjerensis_194857	98.969	194	100	2.85e-95	348	species	Eukaryota	Chordata	Actinopteri	Gobiiformes	Gobiidae	Gnatholepis	Gnatholepis anjerensis
ASV0448	MW133237.1.70.1019###root_1;Eukaryota_2759;Chordata_7711;Actinopteri_186623;Anguilliformes_7933;Muraenidae_46660;Gymnothorax_121281;Gymnothorax_rueppelliae_3040411	99.49	196	100	4.79e-98	357	species	Eukaryota	Chordata	Actinopteri	Anguilliformes	Muraenidae	Gymnothorax	Gymnothorax rueppelliae
ASV0449	OP035224.1.69.1019###root_1;Eukaryota_2759;Chordata_7711;Actinopteri_186623;Acanthuriformes_1489937;Acanthuridae_29146;Acanthurus_12912;Acanthurus_blochii_238050	98.985	197	100	6.23e-97	353	species	Eukaryota	Chordata	Actinopteri	Acanthuriformes	Acanthuridae	Acanthurus	Acanthurus blochii
ASV0450	MH248172.1.<1.>670###root_1;Eukaryota_2759;Chordata_7711;Actinopteri_186623;Carangiformes_1489907;Carangidae_8157;Caranx_8158;Caranx_sexfasciatus_173346	99.49	196	100	4.79e-98	357	species	Eukaryota	Chordata	Actinopteri	Carangiformes	Carangidae	Caranx	Caranx sexfasciatus
ASV0451	AP006044.1.70.1035###root_1;Eukaryota_2759;Chordata_7711;Actinopteri_186623;Pleuronectiformes_8252;Soleidae_30948;Pardachirus_8285;Pardachirus_pavoninus_8286	89	200	100	1.11e-64	246	order	Eukaryota	Chordata	Actinopteri	Pleuronectiformes	NA	NA	NA
ASV0452	OP035101.1.70.1021###root_1;Eukaryota_2759;Chordata_7711;Actinopteri_186623;Anguilliformes_7933;Muraenidae_46660;Gymnothorax_121281;Gymnothorax_chilospilus_473452	99.5	200	100	2.93e-100	364	species	Eukaryota	Chordata	Actinopteri	Anguilliformes	Muraenidae	Gymnothorax	Gymnothorax chilospilus
ASV0453	OP035282.1.69.1017###root_1;Eukaryota_2759;Chordata_7711;Actinopteri_186623;Acanthuriformes_1489937;Acanthuridae_29146;Acanthurus_12912;Acanthurus_nigrofuscus_12913	98.98	196	100	2.23e-96	351	species	Eukaryota	Chordata	Actinopteri	Acanthuriformes	Acanthuridae	Acanthurus	Acanthurus nigrofuscus
ASV0454	MG677546.1.69.1015###root_1;Eukaryota_2759;Chordata_7711;Actinopteri_186623;order_Siganidae_75382;Siganidae_75382;Siganus_75041;Siganus_sutor_439892	98.99	198	100	1.74e-97	355	species	Eukaryota	Chordata	Actinopteri	Siganidae	Siganidae	Siganus	Siganus sutor
ASV0455	MG677546.1.69.1015###root_1;Eukaryota_2759;Chordata_7711;Actinopteri_186623;order_Siganidae_75382;Siganidae_75382;Siganus_75041;Siganus_sutor_439892	98.99	198	100	1.74e-97	355	species	Eukaryota	Chordata	Actinopteri	Siganidae	Siganidae	Siganus	Siganus sutor
ASV0456	KY815349.1.<1.>879###root_1;Eukaryota_2759;Chordata_7711;Actinopteri_186623;Labriformes_1489928;Labridae_8247;Thalassoma_76337;Thalassoma_lutescens_239049	99.485	194	100	6.12e-97	353	species	Eukaryota	Chordata	Actinopteri	Labriformes	Labridae	Thalassoma	Thalassoma lutescens
ASV0457	OP035101.1.70.1021###root_1;Eukaryota_2759;Chordata_7711;Actinopteri_186623;Anguilliformes_7933;Muraenidae_46660;Gymnothorax_121281;Gymnothorax_chilospilus_473452	99.5	200	100	2.93e-100	364	species	Eukaryota	Chordata	Actinopteri	Anguilliformes	Muraenidae	Gymnothorax	Gymnothorax chilospilus
ASV0458	MG677546.1.69.1015###root_1;Eukaryota_2759;Chordata_7711;Actinopteri_186623;order_Siganidae_75382;Siganidae_75382;Siganus_75041;Siganus_sutor_439892	98.99	198	100	1.74e-97	355	species	Eukaryota	Chordata	Actinopteri	Siganidae	Siganidae	Siganus	Siganus sutor
ASV0459	LC726202.1.<1.884###root_1;Eukaryota_2759;Chordata_7711;Actinopteri_186623;Gobiiformes_1489878;Xenisthmidae_86214;Xenisthmus_86215;Xenisthmus_clarus_2768272	97.423	194	100	2.87e-90	331	genus	Eukaryota	Chordata	Actinopteri	Gobiiformes	Xenisthmidae	Xenisthmus	Xenisthmus sp.
ASV0460	MH248169.1.<1.>666###root_1;Eukaryota_2759;Chordata_7711;Actinopteri_186623;Lutjaniformes_2024539;Lutjanidae_30850;Caesio_119693;Caesio_varilineata_1311421	100	197	100	2.88e-100	364	species	Eukaryota	Chordata	Actinopteri	Lutjaniformes	Lutjanidae	Caesio	Caesio varilineata
ASV0461	OP057124.2.70.1014###root_1;Eukaryota_2759;Chordata_7711;Actinopteri_186623;Stomiiformes_48438;Phosichthyidae_210573;Vinciguerria_258047;Vinciguerria_nimbaria_270541	100	194	100	1.32e-98	359	species	Eukaryota	Chordata	Actinopteri	Stomiiformes	Phosichthyidae	Vinciguerria	Vinciguerria nimbaria
ASV0462	ON210977.1.69.1018###root_1;Eukaryota_2759;Chordata_7711;Actinopteri_186623;Acanthuriformes_1489937;Acanthuridae_29146;Acanthurus_12912;Acanthurus_triostegus_175435	100	197	100	2.88e-100	364	species	Eukaryota	Chordata	Actinopteri	Acanthuriformes	Acanthuridae	Acanthurus	Acanthurus triostegus
ASV0463	MT810460.1.69.1022###root_1;Eukaryota_2759;Chordata_7711;Actinopteri_186623;Perciformes_8111;Serranidae_30871;Pogonoperca_160737;Pogonoperca_punctata_160738	97.449	196	100	2.24e-91	335	genus	Eukaryota	Chordata	Actinopteri	Perciformes	Serranidae	Pogonoperca	Pogonoperca sp.
ASV0464	MH248183.1.<1.>671###root_1;Eukaryota_2759;Chordata_7711;Actinopteri_186623;Anguilliformes_7933;Muraenidae_46660;Gymnothorax_121281;Gymnothorax_undulatus_473461	99.492	197	100	1.34e-98	359	species	Eukaryota	Chordata	Actinopteri	Anguilliformes	Muraenidae	Gymnothorax	Gymnothorax undulatus
ASV0465	MH248213.1.<1.>651###root_1;Eukaryota_2759;Chordata_7711;Actinopteri_186623;Spariformes_1489931;Lethrinidae_30848;Lethrinus_119720;Lethrinus_nebulosus_182658	97.959	196	100	4.82e-93	340	genus	Eukaryota	Chordata	Actinopteri	Spariformes	Lethrinidae	Lethrinus	Lethrinus sp.
ASV0466	LC327200.2.<1.945###root_1;Eukaryota_2759;Chordata_7711;Actinopteri_186623;Mugiliformes_41872;Mugilidae_8189;Planiliza_1935872;Planiliza_macrolepis_1111460	98.485	198	100	2.90e-95	348	species	Eukaryota	Chordata	Actinopteri	Mugiliformes	Mugilidae	Planiliza	Planiliza macrolepis
ASV0467	OQ656152.1.70.1016###root_1;Eukaryota_2759;Chordata_7711;Actinopteri_186623;Anguilliformes_7933;Muraenidae_46660;Gymnothorax_121281;Gymnothorax_buroensis_876628	98.974	195	100	7.97e-96	350	species	Eukaryota	Chordata	Actinopteri	Anguilliformes	Muraenidae	Gymnothorax	Gymnothorax buroensis
ASV0468	AP006794.1.69.1022###root_1;Eukaryota_2759;Chordata_7711;Actinopteri_186623;Perciformes_8111;Serranidae_30871;Grammistes_270575;Grammistes_sexlineatus_270576	99.49	196	100	4.79e-98	357	species	Eukaryota	Chordata	Actinopteri	Perciformes	Serranidae	Grammistes	Grammistes sexlineatus
ASV0469	MG677546.1.69.1015###root_1;Eukaryota_2759;Chordata_7711;Actinopteri_186623;order_Siganidae_75382;Siganidae_75382;Siganus_75041;Siganus_sutor_439892	98.99	198	100	1.74e-97	355	species	Eukaryota	Chordata	Actinopteri	Siganidae	Siganidae	Siganus	Siganus sutor
ASV0470	OP056898.1.69.1017###root_1;Eukaryota_2759;Chordata_7711;Actinopteri_186623;Holocentriformes_1490028;Holocentridae_47697;Sargocentron_47707;Sargocentron_bullisi_2024619	97.98	198	100	3.77e-94	344	genus	Eukaryota	Chordata	Actinopteri	Holocentriformes	Holocentridae	Sargocentron	Sargocentron sp.
ASV0471	EU601189.1.22.>927###root_1;Eukaryota_2759;Chordata_7711;Actinopteri_186623;Labriformes_1489928;Labridae_8247;Hipposcarus_188113;Hipposcarus_longiceps_188114	97.99	199	100	1.05e-94	346	genus	Eukaryota	Chordata	Actinopteri	Labriformes	Labridae	Hipposcarus	Hipposcarus sp.
ASV0472	AP006029.1.69.1001###root_1;Eukaryota_2759;Chordata_7711;Actinopteri_186623;Gobiiformes_1489878;Schindleriidae_30918;Schindleria_166781;Schindleria_praematura_166783	86.01	193	100	5.02e-53	207	order	Eukaryota	Chordata	Actinopteri	Gobiiformes	NA	NA	NA
ASV0473	MZ598359.1.<1.>170###root_1;Eukaryota_2759;Chordata_7711;Actinopteri_186623;Anguilliformes_7933;Muraenidae_46660;Uropterygius_189495;Uropterygius_alboguttatus_1156147	97.059	170	86	6.41e-77	287	genus	Eukaryota	Chordata	Actinopteri	Anguilliformes	Muraenidae	Uropterygius	Uropterygius sp.
ASV0474	LC622103.1.<1.886###root_1;Eukaryota_2759;Chordata_7711;Actinopteri_186623;Blenniiformes_1489921;Tripterygiidae_57771;Helcogramma_490332;Helcogramma_nesion_2979723	94.924	197	100	4.89e-83	307	family	Eukaryota	Chordata	Actinopteri	Blenniiformes	Tripterygiidae	NA	NA
ASV0475	OP035185.1.69.1023###root_1;Eukaryota_2759;Chordata_7711;Actinopteri_186623;Kurtiformes_1489876;Apogonidae_83881;Pristiapogon_638292;Pristiapogon_kallopterus_316349	99.49	196	100	4.79e-98	357	species	Eukaryota	Chordata	Actinopteri	Kurtiformes	Apogonidae	Pristiapogon	Pristiapogon kallopterus
ASV0476	LC145990.2.<1.895###root_1;Eukaryota_2759;Chordata_7711;Actinopteri_186623;Myctophiformes_68514;Myctophidae_68515;Diaphus_88678;Diaphus_effulgens_473308	99.497	199	100	1.05e-99	363	species	Eukaryota	Chordata	Actinopteri	Myctophiformes	Myctophidae	Diaphus	Diaphus effulgens
ASV0477	LC669525.1.<1.888###root_1;Eukaryota_2759;Chordata_7711;Actinopteri_186623;Holocentriformes_1490028;Holocentridae_47697;Neoniphon_47703;Neoniphon_sammara_47706	98.99	198	100	1.74e-97	355	species	Eukaryota	Chordata	Actinopteri	Holocentriformes	Holocentridae	Neoniphon	Neoniphon sammara
ASV0478	OR148895.1.11122.12069###root_1;Eukaryota_2759;Chordata_7711;Actinopteri_186623;Holocentriformes_1490028;Holocentridae_47697;Myripristis_47699;Myripristis_murdjan_586833	99.495	198	100	3.75e-99	361	species	Eukaryota	Chordata	Actinopteri	Holocentriformes	Holocentridae	Myripristis	Myripristis murdjan
ASV0479	OP035151.1.70.1017###root_1;Eukaryota_2759;Chordata_7711;Actinopteri_186623;Blenniiformes_1489921;Blenniidae_56718;Cirripectes_703910;Cirripectes_quagga_879476	98.462	195	100	3.71e-94	344	species	Eukaryota	Chordata	Actinopteri	Blenniiformes	Blenniidae	Cirripectes	Cirripectes quagga
ASV0480	PV329697.1.69.1022###root_1;Eukaryota_2759;Chordata_7711;Actinopteri_186623;Ophidiiformes_94929;Bythitidae_181401;Ogilbia_722520;Ogilbia_jeffwilliamsi_3065008	90.244	205	100	3.13e-70	265	family	Eukaryota	Chordata	Actinopteri	Ophidiiformes	Bythitidae	NA	NA
ASV0481	OP035224.1.69.1019###root_1;Eukaryota_2759;Chordata_7711;Actinopteri_186623;Acanthuriformes_1489937;Acanthuridae_29146;Acanthurus_12912;Acanthurus_blochii_238050	100	197	100	2.88e-100	364	species	Eukaryota	Chordata	Actinopteri	Acanthuriformes	Acanthuridae	Acanthurus	Acanthurus blochii
ASV0482	KT600968.1.<1.>764###root_1;Eukaryota_2759;Chordata_7711;Actinopteri_186623;Tetraodontiformes_31022;Balistidae_31024;Rhinecanthus_245704;Rhinecanthus_aculeatus_245705	99.495	198	100	3.75e-99	361	species	Eukaryota	Chordata	Actinopteri	Tetraodontiformes	Balistidae	Rhinecanthus	Rhinecanthus aculeatus
ASV0483	AP009144.1.70.1023###root_1;Eukaryota_2759;Chordata_7711;Actinopteri_186623;Clupeiformes_32446;Clupeidae_55118;Spratelloides_365051;Spratelloides_delicatulus_373251	88.293	205	100	1.83e-62	239	order	Eukaryota	Chordata	Actinopteri	Clupeiformes	NA	NA	NA
ASV0484	MH248200.1.<1.>658###root_1;Eukaryota_2759;Chordata_7711;Actinopteri_186623;Gobiiformes_1489878;Gobiidae_8220;Valenciennea_150331;Valenciennea_sexguttata_586873	99.485	194	100	6.12e-97	353	species	Eukaryota	Chordata	Actinopteri	Gobiiformes	Gobiidae	Valenciennea	Valenciennea sexguttata
ASV0485	EU601208.1.22.>926###root_1;Eukaryota_2759;Chordata_7711;Actinopteri_186623;Labriformes_1489928;Labridae_8247;Scarus_59660;Scarus_psittacus_247625	99.497	199	100	1.05e-99	363	species	Eukaryota	Chordata	Actinopteri	Labriformes	Labridae	Scarus	Scarus psittacus
ASV0486	MW630257.1.<1.>824###root_1;Eukaryota_2759;Chordata_7711;Actinopteri_186623;order_Pomacentridae_30863;Pomacentridae_30863;Stegastes_80992;Stegastes_nigricans_351694	95.477	199	99	1.06e-84	313	genus	Eukaryota	Chordata	Actinopteri	Pomacentridae	Pomacentridae	Stegastes	Stegastes sp.
ASV0488	OP718224.1.70.1024###root_1;Eukaryota_2759;Chordata_7711;Actinopteri_186623;Syngnathiformes_129912;Mullidae_30854;Parupeneus_334899;Parupeneus_barberinus_475168	98.485	198	100	8.11e-96	350	species	Eukaryota	Chordata	Actinopteri	Syngnathiformes	Mullidae	Parupeneus	Parupeneus barberinus
ASV0489	KC593377.1.72.1027###root_1;Eukaryota_2759;Chordata_7711;Actinopteri_186623;Perciformes_8111;Serranidae_30871;Cephalopholis_91742;Cephalopholis_argus_309930	100	197	100	2.88e-100	364	species	Eukaryota	Chordata	Actinopteri	Perciformes	Serranidae	Cephalopholis	Cephalopholis argus
ASV0490	LC852809.1.<1.885###root_1;Eukaryota_2759;Chordata_7711;Actinopteri_186623;Gobiiformes_1489878;Gobiidae_8220;Cryptocentrus_94313;Cryptocentrus_melanopus_2608427	97.423	194	100	2.87e-90	331	genus	Eukaryota	Chordata	Actinopteri	Gobiiformes	Gobiidae	Cryptocentrus	Cryptocentrus sp.
ASV0491	LC278265.2.<1.888###root_1;Eukaryota_2759;Chordata_7711;Actinopteri_186623;Acanthuriformes_1489937;Acanthuridae_29146;Naso_75027;Naso_unicornis_175444	100	197	100	2.88e-100	364	species	Eukaryota	Chordata	Actinopteri	Acanthuriformes	Acanthuridae	Naso	Naso unicornis
ASV0492	KP789313.1.70.1019###root_1;Eukaryota_2759;Chordata_7711;Actinopteri_186623;Perciformes_8111;Synanceiidae_274706;Synanceia_13278;Synanceia_verrucosa_51996	100	197	100	2.88e-100	364	species	Eukaryota	Chordata	Actinopteri	Perciformes	Synanceiidae	Synanceia	Synanceia verrucosa
ASV0493	LC780147.1.<1.895###root_1;Eukaryota_2759;Chordata_7711;Actinopteri_186623;Gobiiformes_1489878;Gobiidae_8220;Gnatholepis_151727;Gnatholepis_anjerensis_194857	98.969	194	100	2.85e-95	348	species	Eukaryota	Chordata	Actinopteri	Gobiiformes	Gobiidae	Gnatholepis	Gnatholepis anjerensis
ASV0494	LC719509.1.<1.>165###root_1;Eukaryota_2759;Chordata_7711;Actinopteri_186623;Stomiiformes_48438;Gonostomatidae_48439;Cyclothone_48440;Cyclothone_signata_48453	93.939	165	86	8.17e-66	250	family	Eukaryota	Chordata	Actinopteri	Stomiiformes	Gonostomatidae	NA	NA
ASV0495	LC645299.1.<1.846###root_1;Eukaryota_2759;Chordata_7711;Actinopteri_186623;Kurtiformes_1489876;Apogonidae_83881;Siphamia_397597;Siphamia_majimai_1431493	86.01	193	100	6.45e-52	204	order	Eukaryota	Chordata	Actinopteri	Kurtiformes	NA	NA	NA
ASV0496	OP035282.1.69.1017###root_1;Eukaryota_2759;Chordata_7711;Actinopteri_186623;Acanthuriformes_1489937;Acanthuridae_29146;Acanthurus_12912;Acanthurus_nigrofuscus_12913	99.485	194	99	6.20e-97	353	species	Eukaryota	Chordata	Actinopteri	Acanthuriformes	Acanthuridae	Acanthurus	Acanthurus nigrofuscus
ASV0497	LC780147.1.<1.895###root_1;Eukaryota_2759;Chordata_7711;Actinopteri_186623;Gobiiformes_1489878;Gobiidae_8220;Gnatholepis_151727;Gnatholepis_anjerensis_194857	98.454	194	100	1.33e-93	342	species	Eukaryota	Chordata	Actinopteri	Gobiiformes	Gobiidae	Gnatholepis	Gnatholepis anjerensis
ASV0498	LC458116.2.<1.952###root_1;Eukaryota_2759;Chordata_7711;Actinopteri_186623;Mugiliformes_41872;Mugilidae_8189;Moolgarda_1111164;Moolgarda_pedaraki_3419122	98.995	199	100	4.87e-98	357	species	Eukaryota	Chordata	Actinopteri	Mugiliformes	Mugilidae	Moolgarda	Moolgarda pedaraki
ASV0499	LC026706.1.<1.>168###root_1;Eukaryota_2759;Chordata_7711;Actinopteri_186623;Perciformes_8111;Scorpaenidae_8108;Parascorpaena_626228;Parascorpaena_mossambica_1003773	94.643	168	86	3.84e-69	261	family	Eukaryota	Chordata	Actinopteri	Perciformes	Scorpaenidae	NA	NA
ASV0500	OQ536444.1.70.1019###root_1;Eukaryota_2759;Chordata_7711;Actinopteri_186623;Anguilliformes_7933;Muraenidae_46660;Gymnothorax_121281;Gymnothorax_pictus_876633	100	196	100	1.03e-99	363	species	Eukaryota	Chordata	Actinopteri	Anguilliformes	Muraenidae	Gymnothorax	Gymnothorax pictus
ASV0501	MH248214.1.<1.>665###root_1;Eukaryota_2759;Chordata_7711;Actinopteri_186623;Lutjaniformes_2024539;Lutjanidae_30850;Lutjanus_40493;Lutjanus_fulviflamma_260525	100	196	100	1.03e-99	363	species	Eukaryota	Chordata	Actinopteri	Lutjaniformes	Lutjanidae	Lutjanus	Lutjanus fulviflamma
ASV0502	AB938154.1.<1.>168###root_1;Eukaryota_2759;Chordata_7711;Actinopteri_186623;Spariformes_1489931;Lethrinidae_30848;Lethrinus_119720;Lethrinus_rubrioperculatus_119722	99.405	168	86	1.75e-82	305	species	Eukaryota	Chordata	Actinopteri	Spariformes	Lethrinidae	Lethrinus	Lethrinus rubrioperculatus
ASV0503	OP035184.1.70.1018###root_1;Eukaryota_2759;Chordata_7711;Actinopteri_186623;Anguilliformes_7933;Muraenidae_46660;Echidna_189497;Echidna_nebulosa_586818	99.49	196	100	4.79e-98	357	species	Eukaryota	Chordata	Actinopteri	Anguilliformes	Muraenidae	Echidna	Echidna nebulosa
ASV0504	LC778714.1.<1.894###root_1;Eukaryota_2759;Chordata_7711;Actinopteri_186623;Lophiiformes_8070;Antennariidae_241819;Histrio_242980;Histrio_histrio_242981	100	197	100	2.88e-100	364	species	Eukaryota	Chordata	Actinopteri	Lophiiformes	Antennariidae	Histrio	Histrio histrio
ASV0505	OP035101.1.70.1021###root_1;Eukaryota_2759;Chordata_7711;Actinopteri_186623;Anguilliformes_7933;Muraenidae_46660;Gymnothorax_121281;Gymnothorax_chilospilus_473452	99.5	200	100	2.93e-100	364	species	Eukaryota	Chordata	Actinopteri	Anguilliformes	Muraenidae	Gymnothorax	Gymnothorax chilospilus
ASV0506	MZ598322.1.<1.>168###root_1;Eukaryota_2759;Chordata_7711;Actinopteri_186623;Perciformes_8111;Scorpaenidae_8108;Scorpaenodes_274701;Scorpaenodes_guamensis_990641	97.619	168	86	1.76e-77	289	genus	Eukaryota	Chordata	Actinopteri	Perciformes	Scorpaenidae	Scorpaenodes	Scorpaenodes sp.
ASV0507	AP019337.1.69.1017###root_1;Eukaryota_2759;Chordata_7711;Actinopteri_186623;Gobiiformes_1489878;Gobiidae_8220;Eviota_166746;Eviota_prasina_595619	92.893	197	100	8.20e-76	283	family	Eukaryota	Chordata	Actinopteri	Gobiiformes	Gobiidae	NA	NA
ASV0508	KC847086.1.72.1024###root_1;Eukaryota_2759;Chordata_7711;Actinopteri_186623;Perciformes_8111;Serranidae_30871;Epinephelus_94231;Epinephelus_trimaculatus_308562	97.959	196	100	4.82e-93	340	genus	Eukaryota	Chordata	Actinopteri	Perciformes	Serranidae	Epinephelus	Epinephelus sp.
ASV0509	AY279593.1.<1.>933###root_1;Eukaryota_2759;Chordata_7711;Actinopteri_186623;Labriformes_1489928;Labridae_8247;Cymolutes_241283;Cymolutes_praetextatus_241284	98.985	197	100	2.24e-96	351	species	Eukaryota	Chordata	Actinopteri	Labriformes	Labridae	Cymolutes	Cymolutes praetextatus
ASV0510	MH248213.1.<1.>651###root_1;Eukaryota_2759;Chordata_7711;Actinopteri_186623;Spariformes_1489931;Lethrinidae_30848;Lethrinus_119720;Lethrinus_nebulosus_182658	99.49	196	100	4.79e-98	357	species	Eukaryota	Chordata	Actinopteri	Spariformes	Lethrinidae	Lethrinus	Lethrinus nebulosus
ASV0511	LC858680.1.<1.951###root_1;Eukaryota_2759;Chordata_7711;Actinopteri_186623;Gobiiformes_1489878;Gobiidae_8220;Vanderhorstia_579952;Vanderhorstia_phaeosticta_2768284	99.485	194	100	6.12e-97	353	species	Eukaryota	Chordata	Actinopteri	Gobiiformes	Gobiidae	Vanderhorstia	Vanderhorstia phaeosticta
ASV0512	OR575623.1.69.1025###root_1;Eukaryota_2759;Chordata_7711;Actinopteri_186623;Myctophiformes_68514;Myctophidae_68515;Diaphus_88678;Diaphus_fulgens_1519963	95.96	198	100	1.77e-87	322	genus	Eukaryota	Chordata	Actinopteri	Myctophiformes	Myctophidae	Diaphus	Diaphus sp.
ASV0513	AB974508.2.<1.888###root_1;Eukaryota_2759;Chordata_7711;Actinopteri_186623;Holocentriformes_1490028;Holocentridae_47697;Myripristis_47699;Myripristis_greenfieldi_1522387	99.495	198	100	3.75e-99	361	species	Eukaryota	Chordata	Actinopteri	Holocentriformes	Holocentridae	Myripristis	Myripristis greenfieldi
ASV0514	AP009183.1.69.1017###root_1;Eukaryota_2759;Chordata_7711;Actinopteri_186623;Tetraodontiformes_31022;Monacanthidae_143346;Aluterus_303709;Aluterus_scriptus_303710	100	197	100	2.88e-100	364	species	Eukaryota	Chordata	Actinopteri	Tetraodontiformes	Monacanthidae	Aluterus	Aluterus scriptus
ASV0515	AP019337.1.69.1017###root_1;Eukaryota_2759;Chordata_7711;Actinopteri_186623;Gobiiformes_1489878;Gobiidae_8220;Eviota_166746;Eviota_prasina_595619	92.347	196	100	3.81e-74	278	family	Eukaryota	Chordata	Actinopteri	Gobiiformes	Gobiidae	NA	NA
ASV0516	PV590092.1.69.1030###root_1;Eukaryota_2759;Chordata_7711;Actinopteri_186623;order_Polynemidae_30917;Polynemidae_30917;Polydactylus_320381;Polydactylus_sexfilis_621112	100	197	100	2.88e-100	364	species	Eukaryota	Chordata	Actinopteri	Polynemidae	Polynemidae	Polydactylus	Polydactylus sexfilis
ASV0517	KY815349.1.<1.>879###root_1;Eukaryota_2759;Chordata_7711;Actinopteri_186623;Labriformes_1489928;Labridae_8247;Thalassoma_76337;Thalassoma_lutescens_239049	99.485	194	100	6.12e-97	353	species	Eukaryota	Chordata	Actinopteri	Labriformes	Labridae	Thalassoma	Thalassoma lutescens
ASV0518	OQ656152.1.70.1016###root_1;Eukaryota_2759;Chordata_7711;Actinopteri_186623;Anguilliformes_7933;Muraenidae_46660;Gymnothorax_121281;Gymnothorax_buroensis_876628	99.487	195	100	1.71e-97	355	species	Eukaryota	Chordata	Actinopteri	Anguilliformes	Muraenidae	Gymnothorax	Gymnothorax buroensis
ASV0519	LC649141.1.<1.888###root_1;Eukaryota_2759;Chordata_7711;Actinopteri_186623;Acanthuriformes_1489937;Acanthuridae_29146;Naso_75027;Naso_unicornis_175444	99.492	197	100	1.34e-98	359	species	Eukaryota	Chordata	Actinopteri	Acanthuriformes	Acanthuridae	Naso	Naso unicornis
ASV0520	OP035214.1.69.1021###root_1;Eukaryota_2759;Chordata_7711;Actinopteri_186623;Kurtiformes_1489876;Apogonidae_83881;Zapogon_638294;Zapogon_evermanni_638296	93.367	196	100	1.77e-77	289	family	Eukaryota	Chordata	Actinopteri	Kurtiformes	Apogonidae	NA	NA
ASV0521	MH248213.1.<1.>651###root_1;Eukaryota_2759;Chordata_7711;Actinopteri_186623;Spariformes_1489931;Lethrinidae_30848;Lethrinus_119720;Lethrinus_nebulosus_182658	97.449	196	100	2.24e-91	335	genus	Eukaryota	Chordata	Actinopteri	Spariformes	Lethrinidae	Lethrinus	Lethrinus sp.
ASV0522	AP005991.1.70.1024###root_1;Eukaryota_2759;Chordata_7711;Actinopteri_186623;Perciformes_8111;Serranidae_30871;Epinephelus_94231;Epinephelus_merra_215346	96.429	196	100	4.86e-88	324	genus	Eukaryota	Chordata	Actinopteri	Perciformes	Serranidae	Epinephelus	Epinephelus sp.
ASV0523	DQ645678.1.<1.>949###root_1;Eukaryota_2759;Chordata_7711;Actinopteri_186623;Anguilliformes_7933;Muraenidae_46660;Scuticaria_210591;Scuticaria_tigrina_391220	98.485	198	100	8.11e-96	350	species	Eukaryota	Chordata	Actinopteri	Anguilliformes	Muraenidae	Scuticaria	Scuticaria tigrina
ASV0524	OP035184.1.70.1018###root_1;Eukaryota_2759;Chordata_7711;Actinopteri_186623;Anguilliformes_7933;Muraenidae_46660;Echidna_189497;Echidna_nebulosa_586818	98.98	196	100	2.23e-96	351	species	Eukaryota	Chordata	Actinopteri	Anguilliformes	Muraenidae	Echidna	Echidna nebulosa
ASV0525	FJ616363.1.<1.>945###root_1;Eukaryota_2759;Chordata_7711;Actinopteri_186623;order_Pomacentridae_30863;Pomacentridae_30863;Plectroglyphidodon_80986;Plectroglyphidodon_leucozona_3359602	99.492	197	100	1.34e-98	359	species	Eukaryota	Chordata	Actinopteri	Pomacentridae	Pomacentridae	Plectroglyphidodon	Plectroglyphidodon leucozona
ASV0526	JQ707028.1.<1.>860###root_1;Eukaryota_2759;Chordata_7711;Actinopteri_186623;order_Pomacentridae_30863;Pomacentridae_30863;Abudefduf_36213;Abudefduf_sparoides_229093	98.98	196	100	2.23e-96	351	species	Eukaryota	Chordata	Actinopteri	Pomacentridae	Pomacentridae	Abudefduf	Abudefduf sparoides
ASV0527	PP140670.1.11089.12034###root_1;Eukaryota_2759;Chordata_7711;Actinopteri_186623;order_Siganidae_75382;Siganidae_75382;Siganus_75041;Siganus_argenteus_225755	98.985	197	100	6.23e-97	353	species	Eukaryota	Chordata	Actinopteri	Siganidae	Siganidae	Siganus	Siganus argenteus
ASV0528	LC812908.1.<1.890###root_1;Eukaryota_2759;Chordata_7711;Actinopteri_186623;Myctophiformes_68514;Myctophidae_68515;Ceratoscopelus_123250;Ceratoscopelus_warmingii_123251	98.492	199	100	2.27e-96	351	species	Eukaryota	Chordata	Actinopteri	Myctophiformes	Myctophidae	Ceratoscopelus	Ceratoscopelus warmingii
ASV0529	MW194890.1.71.1026###root_1;Eukaryota_2759;Chordata_7711;Actinopteri_186623;Perciformes_8111;Serranidae_30871;Epinephelus_94231;Epinephelus_tauvina_203262	100	196	100	1.03e-99	363	species	Eukaryota	Chordata	Actinopteri	Perciformes	Serranidae	Epinephelus	Epinephelus tauvina
ASV0530	LC888373.1.<1.885###root_1;Eukaryota_2759;Chordata_7711;Actinopteri_186623;Blenniiformes_1489921;Blenniidae_56718;Andamia_879700;Andamia_tetradactylus_879702	95.385	195	100	3.76e-84	311	genus	Eukaryota	Chordata	Actinopteri	Blenniiformes	Blenniidae	Andamia	Andamia sp.
ASV0531	OR575608.1.15422.16370###root_1;Eukaryota_2759;Chordata_7711;Actinopteri_186623;Chaetodontiformes_1545895;Chaetodontidae_30828;Chaetodon_37948;Chaetodon_trifascialis_109706	99.487	195	100	1.71e-97	355	species	Eukaryota	Chordata	Actinopteri	Chaetodontiformes	Chaetodontidae	Chaetodon	Chaetodon trifascialis
ASV0532	PV053460.1.<1.>168###root_1;Eukaryota_2759;Chordata_7711;Actinopteri_186623;Blenniiformes_1489921;Blenniidae_56718;Blenniella_879711;Blenniella_chrysospilos_879712	94.643	168	86	3.84e-69	261	family	Eukaryota	Chordata	Actinopteri	Blenniiformes	Blenniidae	NA	NA
ASV0533	LC858680.1.<1.951###root_1;Eukaryota_2759;Chordata_7711;Actinopteri_186623;Gobiiformes_1489878;Gobiidae_8220;Vanderhorstia_579952;Vanderhorstia_phaeosticta_2768284	98.969	194	100	2.85e-95	348	species	Eukaryota	Chordata	Actinopteri	Gobiiformes	Gobiidae	Vanderhorstia	Vanderhorstia phaeosticta
ASV0534	LC649116.1.<1.889###root_1;Eukaryota_2759;Chordata_7711;Actinopteri_186623;Blenniiformes_1489921;Gobiesocidae_63826;Pherallodichthys_2740790;Pherallodichthys_meshimaensis_2873921	93.264	193	100	2.25e-76	285	family	Eukaryota	Chordata	Actinopteri	Blenniiformes	Gobiesocidae	NA	NA
ASV0535	OP035059.1.69.1032###root_1;Eukaryota_2759;Chordata_7711;Actinopteri_186623;Scombriformes_1489894;Scombrolabracidae_30885;Scombrolabrax_372793;Scombrolabrax_heterolepis_372794	99.495	198	100	3.75e-99	361	species	Eukaryota	Chordata	Actinopteri	Scombriformes	Scombrolabracidae	Scombrolabrax	Scombrolabrax heterolepis
ASV0536	MW133237.1.70.1019###root_1;Eukaryota_2759;Chordata_7711;Actinopteri_186623;Anguilliformes_7933;Muraenidae_46660;Gymnothorax_121281;Gymnothorax_rueppelliae_3040411	98.98	196	100	2.23e-96	351	species	Eukaryota	Chordata	Actinopteri	Anguilliformes	Muraenidae	Gymnothorax	Gymnothorax rueppelliae
ASV0537	LC848706.1.<1.895###root_1;Eukaryota_2759;Chordata_7711;Actinopteri_186623;Pleuronectiformes_8252;Bothidae_8253;Bothus_94920;Bothus_pantherinus_366905	99.495	198	100	3.75e-99	361	species	Eukaryota	Chordata	Actinopteri	Pleuronectiformes	Bothidae	Bothus	Bothus pantherinus
ASV0538	JX242913.1.<1.>630###root_1;Eukaryota_2759;Chordata_7711;Actinopteri_186623;Anguilliformes_7933;Moringuidae_118143;Moringua_118144;Moringua_javanica_391223	100	195	100	3.68e-99	361	species	Eukaryota	Chordata	Actinopteri	Anguilliformes	Moringuidae	Moringua	Moringua javanica
ASV0539	OP035185.1.69.1023###root_1;Eukaryota_2759;Chordata_7711;Actinopteri_186623;Kurtiformes_1489876;Apogonidae_83881;Pristiapogon_638292;Pristiapogon_kallopterus_316349	99.49	196	100	4.79e-98	357	species	Eukaryota	Chordata	Actinopteri	Kurtiformes	Apogonidae	Pristiapogon	Pristiapogon kallopterus
ASV0540	OR582716.1.69.1018###root_1;Eukaryota_2759;Chordata_7711;Actinopteri_186623;Labriformes_1489928;Labridae_8247;Cymolutes_241283;Cymolutes_torquatus_241285	100	196	100	1.03e-99	363	species	Eukaryota	Chordata	Actinopteri	Labriformes	Labridae	Cymolutes	Cymolutes torquatus
ASV0541	OP718224.1.70.1024###root_1;Eukaryota_2759;Chordata_7711;Actinopteri_186623;Syngnathiformes_129912;Mullidae_30854;Parupeneus_334899;Parupeneus_barberinus_475168	98.99	198	100	1.74e-97	355	species	Eukaryota	Chordata	Actinopteri	Syngnathiformes	Mullidae	Parupeneus	Parupeneus barberinus
ASV0542	KT600965.1.<1.>764###root_1;Eukaryota_2759;Chordata_7711;Actinopteri_186623;Tetraodontiformes_31022;Balistidae_31024;Pseudobalistes_303694;Pseudobalistes_fuscus_303695	100	198	100	8.05e-101	366	species	Eukaryota	Chordata	Actinopteri	Tetraodontiformes	Balistidae	Pseudobalistes	Pseudobalistes fuscus
ASV0543	LC092055.2.<1.894###root_1;Eukaryota_2759;Chordata_7711;Actinopteri_186623;Gobiiformes_1489878;Gobiidae_8220;Bathygobius_163631;Bathygobius_cocosensis_166735	98.477	197	100	2.90e-95	348	species	Eukaryota	Chordata	Actinopteri	Gobiiformes	Gobiidae	Bathygobius	Bathygobius cocosensis
ASV0544	AP005991.1.70.1024###root_1;Eukaryota_2759;Chordata_7711;Actinopteri_186623;Perciformes_8111;Serranidae_30871;Epinephelus_94231;Epinephelus_merra_215346	97.959	196	100	4.82e-93	340	genus	Eukaryota	Chordata	Actinopteri	Perciformes	Serranidae	Epinephelus	Epinephelus sp.
ASV0545	LC780147.1.<1.895###root_1;Eukaryota_2759;Chordata_7711;Actinopteri_186623;Gobiiformes_1489878;Gobiidae_8220;Gnatholepis_151727;Gnatholepis_anjerensis_194857	98.969	194	100	2.85e-95	348	species	Eukaryota	Chordata	Actinopteri	Gobiiformes	Gobiidae	Gnatholepis	Gnatholepis anjerensis
ASV0546	MZ329992.1.70.1019###root_1;Eukaryota_2759;Chordata_7711;Actinopteri_186623;Anguilliformes_7933;Muraenidae_46660;Gymnothorax_121281;Gymnothorax_undulatus_473461	99.49	196	100	4.79e-98	357	species	Eukaryota	Chordata	Actinopteri	Anguilliformes	Muraenidae	Gymnothorax	Gymnothorax undulatus
ASV0547	OP035265.1.71.1022###root_1;Eukaryota_2759;Chordata_7711;Actinopteri_186623;Holocentriformes_1490028;Holocentridae_47697;Sargocentron_47707;Sargocentron_tiere_47713	100	199	100	2.25e-101	368	species	Eukaryota	Chordata	Actinopteri	Holocentriformes	Holocentridae	Sargocentron	Sargocentron tiere
ASV0548	LC499207.2.<1.>803###root_1;Eukaryota_2759;Chordata_7711;Actinopteri_186623;Perciformes_8111;Anthiadidae_3363800;Pseudanthias_270577;Pseudanthias_hypselosoma_1293902	93.814	194	100	4.84e-78	291	family	Eukaryota	Chordata	Actinopteri	Perciformes	Anthiadidae	NA	NA
ASV0549	KP893074.1.70.1018###root_1;Eukaryota_2759;Chordata_7711;Actinopteri_186623;Anguilliformes_7933;Muraenidae_46660;Enchelynassa_876646;Enchelynassa_canina_876647	99.49	196	100	4.79e-98	357	species	Eukaryota	Chordata	Actinopteri	Anguilliformes	Muraenidae	Enchelynassa	Enchelynassa canina
ASV0550	OP035203.1.70.1019###root_1;Eukaryota_2759;Chordata_7711;Actinopteri_186623;Acanthuriformes_1489937;Acanthuridae_29146;Acanthurus_12912;Acanthurus_xanthopterus_75014	100	197	100	2.88e-100	364	species	Eukaryota	Chordata	Actinopteri	Acanthuriformes	Acanthuridae	Acanthurus	Acanthurus xanthopterus
ASV0551	LC579310.2.<1.888###root_1;Eukaryota_2759;Chordata_7711;Actinopteri_186623;Gobiiformes_1489878;Gobiidae_8220;Valenciennea_150331;Valenciennea_randalli_2768283	97.423	194	100	2.87e-90	331	genus	Eukaryota	Chordata	Actinopteri	Gobiiformes	Gobiidae	Valenciennea	Valenciennea sp.
ASV0552	LC340097.1.<1.>168###root_1;Eukaryota_2759;Chordata_7711;Actinopteri_186623;Perciformes_8111;Scorpaenidae_8108;Scorpaenodes_274701;Scorpaenodes_kelloggi_1146986	100	168	86	3.76e-84	311	species	Eukaryota	Chordata	Actinopteri	Perciformes	Scorpaenidae	Scorpaenodes	Scorpaenodes kelloggi
ASV0553	MZ597986.1.<1.>169###root_1;Eukaryota_2759;Chordata_7711;Actinopteri_186623;Kurtiformes_1489876;Apogonidae_83881;Apogon_83882;Apogon_doryssa_1156427	99.408	169	86	4.89e-83	307	species	Eukaryota	Chordata	Actinopteri	Kurtiformes	Apogonidae	Apogon	Apogon doryssa
ASV0554	OP035282.1.69.1017###root_1;Eukaryota_2759;Chordata_7711;Actinopteri_186623;Acanthuriformes_1489937;Acanthuridae_29146;Acanthurus_12912;Acanthurus_nigrofuscus_12913	98.98	196	100	2.23e-96	351	species	Eukaryota	Chordata	Actinopteri	Acanthuriformes	Acanthuridae	Acanthurus	Acanthurus nigrofuscus
ASV0555	AP005991.1.70.1024###root_1;Eukaryota_2759;Chordata_7711;Actinopteri_186623;Perciformes_8111;Serranidae_30871;Epinephelus_94231;Epinephelus_merra_215346	97.959	196	100	4.82e-93	340	genus	Eukaryota	Chordata	Actinopteri	Perciformes	Serranidae	Epinephelus	Epinephelus sp.
ASV0556	MH248213.1.<1.>651###root_1;Eukaryota_2759;Chordata_7711;Actinopteri_186623;Spariformes_1489931;Lethrinidae_30848;Lethrinus_119720;Lethrinus_nebulosus_182658	97.449	196	100	2.24e-91	335	genus	Eukaryota	Chordata	Actinopteri	Spariformes	Lethrinidae	Lethrinus	Lethrinus sp.
ASV0557	MW560469.1.70.1023###root_1;Eukaryota_2759;Chordata_7711;Actinopteri_186623;Perciformes_8111;Serranidae_30871;Epinephelus_94231;Epinephelus_hexagonatus_163121	98.98	196	100	2.23e-96	351	species	Eukaryota	Chordata	Actinopteri	Perciformes	Serranidae	Epinephelus	Epinephelus hexagonatus
ASV0558	KT600971.1.<1.>764###root_1;Eukaryota_2759;Chordata_7711;Actinopteri_186623;Tetraodontiformes_31022;Balistidae_31024;Rhinecanthus_245704;Rhinecanthus_rectangulus_480297	98.99	198	100	1.74e-97	355	species	Eukaryota	Chordata	Actinopteri	Tetraodontiformes	Balistidae	Rhinecanthus	Rhinecanthus rectangulus
ASV0559	AY279626.1.<1.>932###root_1;Eukaryota_2759;Chordata_7711;Actinopteri_186623;Labriformes_1489928;Labridae_8247;Novaculoides_315408;Novaculoides_macrolepidotus_241323	95.455	198	100	2.96e-85	315	genus	Eukaryota	Chordata	Actinopteri	Labriformes	Labridae	Novaculoides	Novaculoides sp.
ASV0560	LC681773.1.<1.896###root_1;Eukaryota_2759;Chordata_7711;Actinopteri_186623;Myctophiformes_68514;Myctophidae_68515;Diaphus_88678;Diaphus_watasei_88679	96.552	203	100	8.40e-91	333	genus	Eukaryota	Chordata	Actinopteri	Myctophiformes	Myctophidae	Diaphus	Diaphus sp.
ASV0561	OP035265.1.71.1022###root_1;Eukaryota_2759;Chordata_7711;Actinopteri_186623;Holocentriformes_1490028;Holocentridae_47697;Sargocentron_47707;Sargocentron_tiere_47713	98.995	199	100	4.87e-98	357	species	Eukaryota	Chordata	Actinopteri	Holocentriformes	Holocentridae	Sargocentron	Sargocentron tiere
ASV0562	AY279593.1.<1.>933###root_1;Eukaryota_2759;Chordata_7711;Actinopteri_186623;Labriformes_1489928;Labridae_8247;Cymolutes_241283;Cymolutes_praetextatus_241284	97.475	198	100	2.26e-91	335	genus	Eukaryota	Chordata	Actinopteri	Labriformes	Labridae	Cymolutes	Cymolutes sp.
ASV0563	OR482446.1.70.1012###root_1;Eukaryota_2759;Chordata_7711;Actinopteri_186623;Beloniformes_76071;Exocoetidae_76072;Parexocoetus_129056;Parexocoetus_brachypterus_129057	100	196	100	1.03e-99	363	species	Eukaryota	Chordata	Actinopteri	Beloniformes	Exocoetidae	Parexocoetus	Parexocoetus brachypterus
ASV0564	OP035151.1.70.1017###root_1;Eukaryota_2759;Chordata_7711;Actinopteri_186623;Blenniiformes_1489921;Blenniidae_56718;Cirripectes_703910;Cirripectes_quagga_879476	98.462	195	100	3.71e-94	344	species	Eukaryota	Chordata	Actinopteri	Blenniiformes	Blenniidae	Cirripectes	Cirripectes quagga
ASV0565	OP035187.2.69.1025###root_1;Eukaryota_2759;Chordata_7711;Actinopteri_186623;Anguilliformes_7933;Ophichthidae_54912;Callechelys_1156453;Callechelys_marmorata_1156455	99.5	200	100	2.93e-100	364	species	Eukaryota	Chordata	Actinopteri	Anguilliformes	Ophichthidae	Callechelys	Callechelys marmorata
ASV0566	FJ595020.1.69.1020###root_1;Eukaryota_2759;Chordata_7711;Actinopteri_186623;Labriformes_1489928;Labridae_8247;Scarus_59660;Scarus_schlegeli_247629	97.99	199	100	3.77e-94	344	genus	Eukaryota	Chordata	Actinopteri	Labriformes	Labridae	Scarus	Scarus sp.
ASV0567	AF417312.1.1.948###root_1;Eukaryota_2759;Chordata_7711;Actinopteri_186623;Anguilliformes_7933;Muraenidae_46660;Uropterygius_189495;Uropterygius_micropterus_189496	89.95	199	100	6.50e-67	254	order	Eukaryota	Chordata	Actinopteri	Anguilliformes	NA	NA	NA
ASV0568	LC458136.2.<1.890###root_1;Eukaryota_2759;Chordata_7711;Actinopteri_186623;Gerreiformes_2024538;Gerreidae_274463;Gerres_274464;Gerres_erythrourus_332416	94.388	196	100	8.09e-81	300	family	Eukaryota	Chordata	Actinopteri	Gerreiformes	Gerreidae	NA	NA
ASV0569	OP035101.1.70.1021###root_1;Eukaryota_2759;Chordata_7711;Actinopteri_186623;Anguilliformes_7933;Muraenidae_46660;Gymnothorax_121281;Gymnothorax_chilospilus_473452	99	200	100	1.36e-98	359	species	Eukaryota	Chordata	Actinopteri	Anguilliformes	Muraenidae	Gymnothorax	Gymnothorax chilospilus
ASV0570	OP035253.1.69.1017###root_1;Eukaryota_2759;Chordata_7711;Actinopteri_186623;Acanthuriformes_1489937;Acanthuridae_29146;Naso_75027;Naso_lituratus_75028	99.492	197	100	1.34e-98	359	species	Eukaryota	Chordata	Actinopteri	Acanthuriformes	Acanthuridae	Naso	Naso lituratus
ASV0571	OP749983.1.70.1017###root_1;Eukaryota_2759;Chordata_7711;Actinopteri_186623;Blenniiformes_1489921;Blenniidae_56718;Cirripectes_703910;Cirripectes_randalli_2999979	99.487	195	100	1.71e-97	355	species	Eukaryota	Chordata	Actinopteri	Blenniiformes	Blenniidae	Cirripectes	Cirripectes randalli
ASV0572	OP035218.2.69.1017###root_1;Eukaryota_2759;Chordata_7711;Actinopteri_186623;Acanthuriformes_1489937;Acanthuridae_29146;Zebrasoma_75045;Zebrasoma_velifer_1311505	99.49	196	100	4.79e-98	357	species	Eukaryota	Chordata	Actinopteri	Acanthuriformes	Acanthuridae	Zebrasoma	Zebrasoma velifer
ASV0573	EU601186.1.22.>926###root_1;Eukaryota_2759;Chordata_7711;Actinopteri_186623;Labriformes_1489928;Labridae_8247;Chlorurus_126670;Chlorurus_oedema_188108	98.995	199	100	4.87e-98	357	species	Eukaryota	Chordata	Actinopteri	Labriformes	Labridae	Chlorurus	Chlorurus oedema
ASV0574	AP019601.1.69.1016###root_1;Eukaryota_2759;Chordata_7711;Actinopteri_186623;Tetraodontiformes_31022;Tetraodontidae_31031;Arothron_50368;Arothron_manilensis_300222	99.495	198	100	3.75e-99	361	species	Eukaryota	Chordata	Actinopteri	Tetraodontiformes	Tetraodontidae	Arothron	Arothron manilensis
ASV0575	PV053446.1.<1.>167###root_1;Eukaryota_2759;Chordata_7711;Actinopteri_186623;Blenniiformes_1489921;Blenniidae_56718;Petroscirtes_57846;Petroscirtes_xestus_1156125	97.605	167	86	6.30e-77	287	genus	Eukaryota	Chordata	Actinopteri	Blenniiformes	Blenniidae	Petroscirtes	Petroscirtes sp.
ASV0576	LC858680.1.<1.951###root_1;Eukaryota_2759;Chordata_7711;Actinopteri_186623;Gobiiformes_1489878;Gobiidae_8220;Vanderhorstia_579952;Vanderhorstia_phaeosticta_2768284	99.485	194	100	6.12e-97	353	species	Eukaryota	Chordata	Actinopteri	Gobiiformes	Gobiidae	Vanderhorstia	Vanderhorstia phaeosticta
ASV0577	OQ342818.1.<1.>219###root_1;Eukaryota_2759;Chordata_7711;Actinopteri_186623;Centrarchiformes_1489940;Kyphosidae_30843;Kyphosus_163142;Kyphosus_sectatrix_1099869	99.495	198	100	3.75e-99	361	species	Eukaryota	Chordata	Actinopteri	Centrarchiformes	Kyphosidae	Kyphosus	Kyphosus sectatrix
ASV0578	JX242930.1.<1.>814###root_1;Eukaryota_2759;Chordata_7711;Actinopteri_186623;Anguilliformes_7933;Muraenidae_46660;Gymnothorax_121281;Gymnothorax_richardsonii_876637	99.487	195	100	1.71e-97	355	species	Eukaryota	Chordata	Actinopteri	Anguilliformes	Muraenidae	Gymnothorax	Gymnothorax richardsonii
ASV0579	AP012253.1.333.1281###root_1;Eukaryota_2759;Chordata_7711;Actinopteri_186623;Myctophiformes_68514;Myctophidae_68515;Benthosema_123334;Benthosema_fibulatum_363172	95.522	201	100	6.47e-87	320	genus	Eukaryota	Chordata	Actinopteri	Myctophiformes	Myctophidae	Benthosema	Benthosema sp.
ASV0580	LC026706.1.<1.>168###root_1;Eukaryota_2759;Chordata_7711;Actinopteri_186623;Perciformes_8111;Scorpaenidae_8108;Parascorpaena_626228;Parascorpaena_mossambica_1003773	92.262	168	86	1.80e-62	239	family	Eukaryota	Chordata	Actinopteri	Perciformes	Scorpaenidae	NA	NA
ASV0581	LC739786.1.<1.888###root_1;Eukaryota_2759;Chordata_7711;Actinopteri_186623;Blenniiformes_1489921;Blenniidae_56718;Petroscirtes_57846;Petroscirtes_mitratus_879517	95.918	196	100	8.08e-86	316	genus	Eukaryota	Chordata	Actinopteri	Blenniiformes	Blenniidae	Petroscirtes	Petroscirtes sp.
ASV0582	OP035107.2.70.1024###root_1;Eukaryota_2759;Chordata_7711;Actinopteri_186623;Syngnathiformes_129912;Mullidae_30854;Mulloidichthys_342442;Mulloidichthys_flavolineatus_652446	99.492	197	100	1.34e-98	359	species	Eukaryota	Chordata	Actinopteri	Syngnathiformes	Mullidae	Mulloidichthys	Mulloidichthys flavolineatus
ASV0583	LC579312.2.<1.792###root_1;Eukaryota_2759;Chordata_7711;Actinopteri_186623;Gobiiformes_1489878;Gobiidae_8220;Gobiodon_150299;Gobiodon_unicolor_459510	86.935	199	100	6.59e-57	220	order	Eukaryota	Chordata	Actinopteri	Gobiiformes	NA	NA	NA
ASV0584	LC649116.1.<1.889###root_1;Eukaryota_2759;Chordata_7711;Actinopteri_186623;Blenniiformes_1489921;Gobiesocidae_63826;Pherallodichthys_2740790;Pherallodichthys_meshimaensis_2873921	89.744	195	100	1.07e-64	246	order	Eukaryota	Chordata	Actinopteri	Blenniiformes	NA	NA	NA
ASV0585	MK253669.1.69.1013###root_1;Eukaryota_2759;Chordata_7711;Actinopteri_186623;Gobiiformes_1489878;Gobiidae_8220;Acanthogobius_86196;Acanthogobius_hasta_267130	86.364	198	100	3.97e-54	211	order	Eukaryota	Chordata	Actinopteri	Gobiiformes	NA	NA	NA
ASV0586	KY815355.1.<1.>879###root_1;Eukaryota_2759;Chordata_7711;Actinopteri_186623;Labriformes_1489928;Labridae_8247;Xenojulis_1984850;Xenojulis_margaritaceus_1984852	95.408	196	100	3.78e-84	311	genus	Eukaryota	Chordata	Actinopteri	Labriformes	Labridae	Xenojulis	Xenojulis sp.
ASV0587	MH248213.1.<1.>651###root_1;Eukaryota_2759;Chordata_7711;Actinopteri_186623;Spariformes_1489931;Lethrinidae_30848;Lethrinus_119720;Lethrinus_nebulosus_182658	97.959	196	100	4.82e-93	340	genus	Eukaryota	Chordata	Actinopteri	Spariformes	Lethrinidae	Lethrinus	Lethrinus sp.
ASV0588	EU921686.1.<1.>731###root_1;Eukaryota_2759;Chordata_7711;Actinopteri_186623;Anguilliformes_7933;Muraenidae_46660;Gymnothorax_121281;Gymnothorax_miliaris_584627	100	196	100	1.03e-99	363	species	Eukaryota	Chordata	Actinopteri	Anguilliformes	Muraenidae	Gymnothorax	Gymnothorax miliaris
ASV0589	KU360727.1.70.1012###root_1;Eukaryota_2759;Chordata_7711;Actinopteri_186623;Beloniformes_76071;Exocoetidae_76072;Cheilopogon_293908;Cheilopogon_unicolor_933979	99.49	196	100	4.79e-98	357	species	Eukaryota	Chordata	Actinopteri	Beloniformes	Exocoetidae	Cheilopogon	Cheilopogon unicolor
ASV0590	AP009144.1.70.1023###root_1;Eukaryota_2759;Chordata_7711;Actinopteri_186623;Clupeiformes_32446;Clupeidae_55118;Spratelloides_365051;Spratelloides_delicatulus_373251	87.805	205	100	2.40e-61	235	order	Eukaryota	Chordata	Actinopteri	Clupeiformes	NA	NA	NA
ASV0591	MW160687.1.70.1020###root_1;Eukaryota_2759;Chordata_7711;Actinopteri_186623;Anguilliformes_7933;Muraenidae_46660;Gymnothorax_121281;Gymnothorax_flavimarginatus_217850	100	194	99	1.33e-98	359	species	Eukaryota	Chordata	Actinopteri	Anguilliformes	Muraenidae	Gymnothorax	Gymnothorax flavimarginatus
ASV0592	OP035295.1.70.1017###root_1;Eukaryota_2759;Chordata_7711;Actinopteri_186623;Anguilliformes_7933;Muraenidae_46660;Echidna_189497;Echidna_unicolor_2589299	100	196	100	1.03e-99	363	species	Eukaryota	Chordata	Actinopteri	Anguilliformes	Muraenidae	Echidna	Echidna unicolor
ASV0593	PV053466.1.<1.>167###root_1;Eukaryota_2759;Chordata_7711;Actinopteri_186623;Blenniiformes_1489921;Blenniidae_56718;Entomacrodus_57795;Entomacrodus_thalassinus_1892334	95.21	167	86	2.95e-70	265	genus	Eukaryota	Chordata	Actinopteri	Blenniiformes	Blenniidae	Entomacrodus	Entomacrodus sp.
ASV0594	LC858680.1.<1.951###root_1;Eukaryota_2759;Chordata_7711;Actinopteri_186623;Gobiiformes_1489878;Gobiidae_8220;Vanderhorstia_579952;Vanderhorstia_phaeosticta_2768284	99.485	194	100	6.12e-97	353	species	Eukaryota	Chordata	Actinopteri	Gobiiformes	Gobiidae	Vanderhorstia	Vanderhorstia phaeosticta
ASV0595	LC720143.1.<1.895###root_1;Eukaryota_2759;Chordata_7711;Actinopteri_186623;Kurtiformes_1489876;Apogonidae_83881;Ostorhinchus_638290;Ostorhinchus_wassinki_2966342	94.444	198	100	2.26e-81	302	family	Eukaryota	Chordata	Actinopteri	Kurtiformes	Apogonidae	NA	NA
ASV0596	LC499258.1.<1.>171###root_1;Eukaryota_2759;Chordata_7711;Actinopteri_186623;Kurtiformes_1489876;Apogonidae_83881;Apogon_83882;Apogon_erythrinus_316344	97.661	171	86	3.85e-79	294	genus	Eukaryota	Chordata	Actinopteri	Kurtiformes	Apogonidae	Apogon	Apogon sp.
ASV0597	KY815355.1.<1.>879###root_1;Eukaryota_2759;Chordata_7711;Actinopteri_186623;Labriformes_1489928;Labridae_8247;Xenojulis_1984850;Xenojulis_margaritaceus_1984852	94.898	196	100	1.76e-82	305	family	Eukaryota	Chordata	Actinopteri	Labriformes	Labridae	NA	NA
ASV0598	EU601212.1.22.>925###root_1;Eukaryota_2759;Chordata_7711;Actinopteri_186623;Labriformes_1489928;Labridae_8247;Scarus_59660;Scarus_rubroviolaceus_247628	98.492	199	100	2.27e-96	351	species	Eukaryota	Chordata	Actinopteri	Labriformes	Labridae	Scarus	Scarus rubroviolaceus
ASV0599	FJ595020.1.69.1020###root_1;Eukaryota_2759;Chordata_7711;Actinopteri_186623;Labriformes_1489928;Labridae_8247;Scarus_59660;Scarus_schlegeli_247629	98.995	199	100	1.74e-97	355	species	Eukaryota	Chordata	Actinopteri	Labriformes	Labridae	Scarus	Scarus schlegeli
ASV0600	AB021890.1.<1.851###root_1;Eukaryota_2759;Chordata_7711;Actinopteri_186623;Anguilliformes_7933;Anguillidae_7934;Anguilla_7935;Anguilla_marmorata_7939	100	196	100	1.03e-99	363	species	Eukaryota	Chordata	Actinopteri	Anguilliformes	Anguillidae	Anguilla	Anguilla marmorata
ASV0601	DQ645678.1.<1.>949###root_1;Eukaryota_2759;Chordata_7711;Actinopteri_186623;Anguilliformes_7933;Muraenidae_46660;Scuticaria_210591;Scuticaria_tigrina_391220	92.347	196	99	1.08e-74	279	family	Eukaryota	Chordata	Actinopteri	Anguilliformes	Muraenidae	NA	NA
ASV0602	AB974508.2.<1.888###root_1;Eukaryota_2759;Chordata_7711;Actinopteri_186623;Holocentriformes_1490028;Holocentridae_47697;Myripristis_47699;Myripristis_greenfieldi_1522387	99.495	198	100	3.75e-99	361	species	Eukaryota	Chordata	Actinopteri	Holocentriformes	Holocentridae	Myripristis	Myripristis greenfieldi
ASV0603	LC814893.1.<1.>740###root_1;Eukaryota_2759;Chordata_7711;Actinopteri_186623;order_Pomacentridae_30863;Pomacentridae_30863;Chrysiptera_80978;Chrysiptera_glauca_229119	98.469	196	100	1.04e-94	346	species	Eukaryota	Chordata	Actinopteri	Pomacentridae	Pomacentridae	Chrysiptera	Chrysiptera glauca
ASV0604	OR546228.1.69.1026###root_1;Eukaryota_2759;Chordata_7711;Actinopteri_186623;Perciformes_8111;Serranidae_30871;Pseudogramma_274730;Pseudogramma_paucilepis_1874689	97.949	195	100	1.72e-92	339	genus	Eukaryota	Chordata	Actinopteri	Perciformes	Serranidae	Pseudogramma	Pseudogramma sp.
ASV0605	PV434815.1.69.1008###root_1;Eukaryota_2759;Chordata_7711;Actinopteri_186623;Aulopiformes_68510;Synodontidae_81390;Saurida_143309;Saurida_gracilis_990639	96.875	192	100	1.71e-87	322	genus	Eukaryota	Chordata	Actinopteri	Aulopiformes	Synodontidae	Saurida	Saurida sp.
ASV0606	KT600960.1.<1.>759###root_1;Eukaryota_2759;Chordata_7711;Actinopteri_186623;Tetraodontiformes_31022;Monacanthidae_143346;Paraluteres_303717;Paraluteres_prionurus_303718	100	196	100	1.03e-99	363	species	Eukaryota	Chordata	Actinopteri	Tetraodontiformes	Monacanthidae	Paraluteres	Paraluteres prionurus
ASV0607	AP006794.1.69.1022###root_1;Eukaryota_2759;Chordata_7711;Actinopteri_186623;Perciformes_8111;Serranidae_30871;Grammistes_270575;Grammistes_sexlineatus_270576	100	196	100	1.03e-99	363	species	Eukaryota	Chordata	Actinopteri	Perciformes	Serranidae	Grammistes	Grammistes sexlineatus
ASV0608	OP035184.1.70.1018###root_1;Eukaryota_2759;Chordata_7711;Actinopteri_186623;Anguilliformes_7933;Muraenidae_46660;Echidna_189497;Echidna_nebulosa_586818	99.49	196	100	4.79e-98	357	species	Eukaryota	Chordata	Actinopteri	Anguilliformes	Muraenidae	Echidna	Echidna nebulosa
ASV0609	LC812908.1.<1.890###root_1;Eukaryota_2759;Chordata_7711;Actinopteri_186623;Myctophiformes_68514;Myctophidae_68515;Ceratoscopelus_123250;Ceratoscopelus_warmingii_123251	98.995	199	100	4.87e-98	357	species	Eukaryota	Chordata	Actinopteri	Myctophiformes	Myctophidae	Ceratoscopelus	Ceratoscopelus warmingii
ASV0611	MH248183.1.<1.>671###root_1;Eukaryota_2759;Chordata_7711;Actinopteri_186623;Anguilliformes_7933;Muraenidae_46660;Gymnothorax_121281;Gymnothorax_undulatus_473461	99.492	197	100	1.34e-98	359	species	Eukaryota	Chordata	Actinopteri	Anguilliformes	Muraenidae	Gymnothorax	Gymnothorax undulatus
ASV0612	OP035098.1.69.1013###root_1;Eukaryota_2759;Chordata_7711;Actinopteri_186623;Labriformes_1489928;Labridae_8247;Thalassoma_76337;Thalassoma_trilobatum_239059	99.485	194	100	6.12e-97	353	species	Eukaryota	Chordata	Actinopteri	Labriformes	Labridae	Thalassoma	Thalassoma trilobatum
ASV0613	AP012235.1.361.1317###root_1;Eukaryota_2759;Chordata_7711;Actinopteri_186623;Myctophiformes_68514;Myctophidae_68515;Diaphus_88678;Diaphus_gigas_292501	98.492	199	100	2.27e-96	351	species	Eukaryota	Chordata	Actinopteri	Myctophiformes	Myctophidae	Diaphus	Diaphus gigas
ASV0614	LC708245.1.<1.890###root_1;Eukaryota_2759;Chordata_7711;Actinopteri_186623;Lutjaniformes_2024539;Haemulidae_30840;Plectorhinchus_349641;Plectorhinchus_vittatus_1010711	93.97	199	100	2.96e-80	298	family	Eukaryota	Chordata	Actinopteri	Lutjaniformes	Haemulidae	NA	NA
ASV0615	OR575620.1.69.1022###root_1;Eukaryota_2759;Chordata_7711;Actinopteri_186623;Myctophiformes_68514;Myctophidae_68515;Triphoturus_123242;Triphoturus_nigrescens_123243	99.497	199	100	1.05e-99	363	species	Eukaryota	Chordata	Actinopteri	Myctophiformes	Myctophidae	Triphoturus	Triphoturus nigrescens
ASV0616	KT600949.1.<1.>762###root_1;Eukaryota_2759;Chordata_7711;Actinopteri_186623;Tetraodontiformes_31022;Monacanthidae_143346;Cantherhines_303711;Cantherhines_pullus_303713	99.492	197	100	1.34e-98	359	species	Eukaryota	Chordata	Actinopteri	Tetraodontiformes	Monacanthidae	Cantherhines	Cantherhines pullus
ASV0617	MZ598167.1.<1.>169###root_1;Eukaryota_2759;Chordata_7711;Actinopteri_186623;Anguilliformes_7933;Muraenidae_46660;Gymnothorax_121281;Gymnothorax_thyrsoideus_1138762	99.408	169	86	4.89e-83	307	species	Eukaryota	Chordata	Actinopteri	Anguilliformes	Muraenidae	Gymnothorax	Gymnothorax thyrsoideus
ASV0618	AY700288.1.<1.>796###root_1;Eukaryota_2759;Chordata_7711;Actinopteri_186623;Tetraodontiformes_31022;Tetraodontidae_31031;Canthigaster_223138;Canthigaster_bennetti_303744	100	200	100	6.30e-102	370	species	Eukaryota	Chordata	Actinopteri	Tetraodontiformes	Tetraodontidae	Canthigaster	Canthigaster bennetti
ASV0619	KY815342.1.<1.>879###root_1;Eukaryota_2759;Chordata_7711;Actinopteri_186623;Labriformes_1489928;Labridae_8247;Thalassoma_76337;Thalassoma_amblycephalum_239039	99.485	194	100	6.12e-97	353	species	Eukaryota	Chordata	Actinopteri	Labriformes	Labridae	Thalassoma	Thalassoma amblycephalum
ASV0620	MG677546.1.69.1015###root_1;Eukaryota_2759;Chordata_7711;Actinopteri_186623;order_Siganidae_75382;Siganidae_75382;Siganus_75041;Siganus_sutor_439892	98.99	198	100	1.74e-97	355	species	Eukaryota	Chordata	Actinopteri	Siganidae	Siganidae	Siganus	Siganus sutor
ASV0621	PV053486.1.<1.>168###root_1;Eukaryota_2759;Chordata_7711;Actinopteri_186623;Pleuronectiformes_8252;Soleidae_30948;Aseraggodes_195595;Aseraggodes_auroculus_3352254	93.452	168	86	2.97e-65	248	family	Eukaryota	Chordata	Actinopteri	Pleuronectiformes	Soleidae	NA	NA
ASV0622	OP035151.1.70.1017###root_1;Eukaryota_2759;Chordata_7711;Actinopteri_186623;Blenniiformes_1489921;Blenniidae_56718;Cirripectes_703910;Cirripectes_quagga_879476	97.949	195	100	1.72e-92	339	genus	Eukaryota	Chordata	Actinopteri	Blenniiformes	Blenniidae	Cirripectes	Cirripectes sp.
ASV0623	LC739786.1.<1.888###root_1;Eukaryota_2759;Chordata_7711;Actinopteri_186623;Blenniiformes_1489921;Blenniidae_56718;Petroscirtes_57846;Petroscirtes_mitratus_879517	96.429	196	100	1.74e-87	322	genus	Eukaryota	Chordata	Actinopteri	Blenniiformes	Blenniidae	Petroscirtes	Petroscirtes sp.
ASV0624	AY279603.1.<1.>902###root_1;Eukaryota_2759;Chordata_7711;Actinopteri_186623;Labriformes_1489928;Labridae_8247;Halichoeres_51788;Halichoeres_marginatus_241295	97.436	195	100	2.89e-90	331	genus	Eukaryota	Chordata	Actinopteri	Labriformes	Labridae	Halichoeres	Halichoeres sp.
ASV0625	KP893074.1.70.1018###root_1;Eukaryota_2759;Chordata_7711;Actinopteri_186623;Anguilliformes_7933;Muraenidae_46660;Enchelynassa_876646;Enchelynassa_canina_876647	99.49	196	100	4.79e-98	357	species	Eukaryota	Chordata	Actinopteri	Anguilliformes	Muraenidae	Enchelynassa	Enchelynassa canina
ASV0626	OP035134.1.69.1020###root_1;Eukaryota_2759;Chordata_7711;Actinopteri_186623;Lutjaniformes_2024539;Lutjanidae_30850;Aphareus_396778;Aphareus_furca_396779	100	199	100	2.25e-101	368	species	Eukaryota	Chordata	Actinopteri	Lutjaniformes	Lutjanidae	Aphareus	Aphareus furca
ASV0627	LC579379.1.<1.>497###root_1;Eukaryota_2759;Chordata_7711;Actinopteri_186623;Acanthuriformes_1489937;Acanthuridae_29146;Acanthurus_12912;Acanthurus_guttatus_75013	99.492	197	100	1.34e-98	359	species	Eukaryota	Chordata	Actinopteri	Acanthuriformes	Acanthuridae	Acanthurus	Acanthurus guttatus
ASV0628	AB972138.1.<1.>168###root_1;Eukaryota_2759;Chordata_7711;Actinopteri_186623;Gobiiformes_1489878;Gobiidae_8220;Cabillus_166736;Cabillus_lacertops_1311418	100	168	86	3.76e-84	311	species	Eukaryota	Chordata	Actinopteri	Gobiiformes	Gobiidae	Cabillus	Cabillus lacertops
ASV0629	PP140670.1.11089.12034###root_1;Eukaryota_2759;Chordata_7711;Actinopteri_186623;order_Siganidae_75382;Siganidae_75382;Siganus_75041;Siganus_argenteus_225755	98.985	197	100	6.23e-97	353	species	Eukaryota	Chordata	Actinopteri	Siganidae	Siganidae	Siganus	Siganus argenteus
ASV0630	LC091676.1.<1.>167###root_1;Eukaryota_2759;Chordata_7711;Actinopteri_186623;Stomiiformes_48438;Gonostomatidae_48439;Cyclothone_48440;Cyclothone_pygmaea_48452	100	167	86	1.34e-83	309	species	Eukaryota	Chordata	Actinopteri	Stomiiformes	Gonostomatidae	Cyclothone	Cyclothone pygmaea
ASV0631	OP035300.2.70.1017###root_1;Eukaryota_2759;Chordata_7711;Actinopteri_186623;Anguilliformes_7933;Muraenidae_46660;Gymnothorax_121281;Gymnothorax_pindae_1604524	99.492	197	100	1.34e-98	359	species	Eukaryota	Chordata	Actinopteri	Anguilliformes	Muraenidae	Gymnothorax	Gymnothorax pindae
ASV0632	AP012020.1.72.1025###root_1;Eukaryota_2759;Chordata_7711;Actinopteri_186623;Siluriformes_7995;Plotosidae_30997;Plotosus_243561;Plotosus_japonicus_909843	98.485	198	100	8.11e-96	350	species	Eukaryota	Chordata	Actinopteri	Siluriformes	Plotosidae	Plotosus	Plotosus japonicus
ASV0633	PV212379.1.9578.10529###root_1;Eukaryota_2759;Chordata_7711;Actinopteri_186623;Labriformes_1489928;Labridae_8247;Chlorurus_126670;Chlorurus_microrhinos_544414	99.497	199	100	1.05e-99	363	species	Eukaryota	Chordata	Actinopteri	Labriformes	Labridae	Chlorurus	Chlorurus microrhinos
ASV0634	LC780147.1.<1.895###root_1;Eukaryota_2759;Chordata_7711;Actinopteri_186623;Gobiiformes_1489878;Gobiidae_8220;Gnatholepis_151727;Gnatholepis_anjerensis_194857	98.969	194	100	2.85e-95	348	species	Eukaryota	Chordata	Actinopteri	Gobiiformes	Gobiidae	Gnatholepis	Gnatholepis anjerensis
ASV0635	LC669528.1.<1.895###root_1;Eukaryota_2759;Chordata_7711;Actinopteri_186623;Spariformes_1489931;Lethrinidae_30848;Lethrinus_119720;Lethrinus_genivittatus_182653	94.924	197	100	1.75e-82	305	family	Eukaryota	Chordata	Actinopteri	Spariformes	Lethrinidae	NA	NA
ASV0636	LC806059.1.<1.881###root_1;Eukaryota_2759;Chordata_7711;Actinopteri_186623;Beloniformes_76071;Hemiramphidae_88694;Hyporhamphus_115870;Hyporhamphus_yuri_2012922	93.878	196	100	1.36e-78	292	family	Eukaryota	Chordata	Actinopteri	Beloniformes	Hemiramphidae	NA	NA
ASV0637	LC499516.1.<1.>168###root_1;Eukaryota_2759;Chordata_7711;Actinopteri_186623;Gobiiformes_1489878;Gobiidae_8220;Gunnellichthys_86212;Gunnellichthys_pleurotaenia_348440	93.293	164	85	1.38e-63	243	family	Eukaryota	Chordata	Actinopteri	Gobiiformes	Gobiidae	NA	NA
ASV0638	MW630280.1.<1.>847###root_1;Eukaryota_2759;Chordata_7711;Actinopteri_186623;order_Pomacentridae_30863;Pomacentridae_30863;Chrysiptera_80978;Chrysiptera_brownriggii_498267	99.495	198	100	3.75e-99	361	species	Eukaryota	Chordata	Actinopteri	Pomacentridae	Pomacentridae	Chrysiptera	Chrysiptera brownriggii
ASV0639	AY279608.1.<1.>941###root_1;Eukaryota_2759;Chordata_7711;Actinopteri_186623;Labriformes_1489928;Labridae_8247;Halichoeres_51788;Halichoeres_scapularis_241300	99.492	197	100	1.34e-98	359	species	Eukaryota	Chordata	Actinopteri	Labriformes	Labridae	Halichoeres	Halichoeres scapularis
ASV0640	AP006029.1.69.1001###root_1;Eukaryota_2759;Chordata_7711;Actinopteri_186623;Gobiiformes_1489878;Schindleriidae_30918;Schindleria_166781;Schindleria_praematura_166783	89.175	194	100	4.94e-63	241	order	Eukaryota	Chordata	Actinopteri	Gobiiformes	NA	NA	NA
ASV0641	LC579021.1.<1.>172###root_1;Eukaryota_2759;Chordata_7711;Actinopteri_186623;Myctophiformes_68514;Myctophidae_68515;Taaningichthys_123248;Taaningichthys_minimus_885019	100	169	85	1.07e-84	313	species	Eukaryota	Chordata	Actinopteri	Myctophiformes	Myctophidae	Taaningichthys	Taaningichthys minimus
ASV0642	FJ616363.1.<1.>945###root_1;Eukaryota_2759;Chordata_7711;Actinopteri_186623;order_Pomacentridae_30863;Pomacentridae_30863;Plectroglyphidodon_80986;Plectroglyphidodon_leucozona_3359602	99.492	197	100	1.34e-98	359	species	Eukaryota	Chordata	Actinopteri	Pomacentridae	Pomacentridae	Plectroglyphidodon	Plectroglyphidodon leucozona
ASV0643	AP005991.1.70.1024###root_1;Eukaryota_2759;Chordata_7711;Actinopteri_186623;Perciformes_8111;Serranidae_30871;Epinephelus_94231;Epinephelus_merra_215346	97.449	196	100	2.24e-91	335	genus	Eukaryota	Chordata	Actinopteri	Perciformes	Serranidae	Epinephelus	Epinephelus sp.
ASV0644	LC848706.1.<1.895###root_1;Eukaryota_2759;Chordata_7711;Actinopteri_186623;Pleuronectiformes_8252;Bothidae_8253;Bothus_94920;Bothus_pantherinus_366905	98.99	198	100	1.74e-97	355	species	Eukaryota	Chordata	Actinopteri	Pleuronectiformes	Bothidae	Bothus	Bothus pantherinus
ASV0645	LC731798.1.<1.892###root_1;Eukaryota_2759;Chordata_7711;Actinopteri_186623;Holocentriformes_1490028;Holocentridae_47697;Sargocentron_47707;Sargocentron_rubrum_181438	98.492	199	100	2.27e-96	351	species	Eukaryota	Chordata	Actinopteri	Holocentriformes	Holocentridae	Sargocentron	Sargocentron rubrum
ASV0646	OP738519.1.6370.7340###root_1;Eukaryota_2759;Mollusca_6447;Gastropoda_6448;Littorinimorpha_216294;Cypraeidae_69557;Monetaria_217784;Monetaria_caputserpentis_217788	99.459	185	99	5.88e-92	337	species	Eukaryota	Mollusca	Gastropoda	Littorinimorpha	Cypraeidae	Monetaria	Monetaria caputserpentis
ASV0647	OP035171.2.6523.7475###root_1;Eukaryota_2759;Chordata_7711;Actinopteri_186623;order_Pomacentridae_30863;Pomacentridae_30863;Plectroglyphidodon_80986;Plectroglyphidodon_phoenixensis_997976	98.98	196	100	2.23e-96	351	species	Eukaryota	Chordata	Actinopteri	Pomacentridae	Pomacentridae	Plectroglyphidodon	Plectroglyphidodon phoenixensis
ASV0648	LC858680.1.<1.951###root_1;Eukaryota_2759;Chordata_7711;Actinopteri_186623;Gobiiformes_1489878;Gobiidae_8220;Vanderhorstia_579952;Vanderhorstia_phaeosticta_2768284	99.485	194	100	6.12e-97	353	species	Eukaryota	Chordata	Actinopteri	Gobiiformes	Gobiidae	Vanderhorstia	Vanderhorstia phaeosticta
ASV0649	LC814978.1.<1.>743###root_1;Eukaryota_2759;Chordata_7711;Actinopteri_186623;order_Pomacentridae_30863;Pomacentridae_30863;Pomachromis_229142;Pomachromis_richardsoni_646032	98.985	197	100	6.23e-97	353	species	Eukaryota	Chordata	Actinopteri	Pomacentridae	Pomacentridae	Pomachromis	Pomachromis richardsoni
ASV0650	MW630257.1.<1.>824###root_1;Eukaryota_2759;Chordata_7711;Actinopteri_186623;order_Pomacentridae_30863;Pomacentridae_30863;Stegastes_80992;Stegastes_nigricans_351694	95.455	198	99	1.06e-84	313	genus	Eukaryota	Chordata	Actinopteri	Pomacentridae	Pomacentridae	Stegastes	Stegastes sp.
ASV0651	OP820444.1.70.1017###root_1;Eukaryota_2759;Chordata_7711;Actinopteri_186623;Blenniiformes_1489921;Blenniidae_56718;Cirripectes_703910;Cirripectes_castaneus_879473	100	195	100	3.68e-99	361	species	Eukaryota	Chordata	Actinopteri	Blenniiformes	Blenniidae	Cirripectes	Cirripectes castaneus
ASV0652	OP035282.1.69.1017###root_1;Eukaryota_2759;Chordata_7711;Actinopteri_186623;Acanthuriformes_1489937;Acanthuridae_29146;Acanthurus_12912;Acanthurus_nigrofuscus_12913	98.98	196	100	2.23e-96	351	species	Eukaryota	Chordata	Actinopteri	Acanthuriformes	Acanthuridae	Acanthurus	Acanthurus nigrofuscus
ASV0653	EU601180.1.22.>926###root_1;Eukaryota_2759;Chordata_7711;Actinopteri_186623;Labriformes_1489928;Labridae_8247;Calotomus_188111;Calotomus_spinidens_544409	98.969	194	100	2.85e-95	348	species	Eukaryota	Chordata	Actinopteri	Labriformes	Labridae	Calotomus	Calotomus spinidens
ASV0654	EU601208.1.22.>926###root_1;Eukaryota_2759;Chordata_7711;Actinopteri_186623;Labriformes_1489928;Labridae_8247;Scarus_59660;Scarus_psittacus_247625	98.995	199	100	4.87e-98	357	species	Eukaryota	Chordata	Actinopteri	Labriformes	Labridae	Scarus	Scarus psittacus
ASV0655	PX070000.1.69.1019###root_1;Eukaryota_2759;Chordata_7711;Actinopteri_186623;Priacanthiformes_2024536;Priacanthidae_30865;Pristigenys_184446;Pristigenys_alta_749482	97.949	195	100	1.72e-92	339	genus	Eukaryota	Chordata	Actinopteri	Priacanthiformes	Priacanthidae	Pristigenys	Pristigenys sp.
ASV0656	AB373006.1.70.1019###root_1;Eukaryota_2759;Chordata_7711;Actinopteri_186623;Atheriniformes_8075;Isonidae_1489917;Iso_238707;Iso_hawaiiensis_492020	92.965	199	100	6.45e-77	287	family	Eukaryota	Chordata	Actinopteri	Atheriniformes	Isonidae	NA	NA
ASV0657	LC146373.1.<1.>171###root_1;Eukaryota_2759;Chordata_7711;Actinopteri_186623;Myctophiformes_68514;Myctophidae_68515;Diaphus_88678;Diaphus_mollis_123236	100	171	86	8.22e-86	316	species	Eukaryota	Chordata	Actinopteri	Myctophiformes	Myctophidae	Diaphus	Diaphus mollis
ASV0658	LC519480.1.<1.>169###root_1;Eukaryota_2759;Chordata_7711;Actinopteri_186623;Kurtiformes_1489876;Apogonidae_83881;Foa_1147086;Foa_fo_2699432	97.633	169	86	4.93e-78	291	genus	Eukaryota	Chordata	Actinopteri	Kurtiformes	Apogonidae	Foa	Foa sp.
ASV0659	OP035107.2.70.1024###root_1;Eukaryota_2759;Chordata_7711;Actinopteri_186623;Syngnathiformes_129912;Mullidae_30854;Mulloidichthys_342442;Mulloidichthys_flavolineatus_652446	99.492	197	100	1.34e-98	359	species	Eukaryota	Chordata	Actinopteri	Syngnathiformes	Mullidae	Mulloidichthys	Mulloidichthys flavolineatus
ASV0660	DQ645678.1.<1.>949###root_1;Eukaryota_2759;Chordata_7711;Actinopteri_186623;Anguilliformes_7933;Muraenidae_46660;Scuticaria_210591;Scuticaria_tigrina_391220	98.99	198	100	1.74e-97	355	species	Eukaryota	Chordata	Actinopteri	Anguilliformes	Muraenidae	Scuticaria	Scuticaria tigrina
ASV0661	LC278140.2.<1.887###root_1;Eukaryota_2759;Chordata_7711;Actinopteri_186623;Blenniiformes_1489921;Blenniidae_56718;Cirripectes_703910;Cirripectes_polyzona_879475	99.487	195	100	1.71e-97	355	species	Eukaryota	Chordata	Actinopteri	Blenniiformes	Blenniidae	Cirripectes	Cirripectes polyzona
ASV0662	MW376909.1.69.1014###root_1;Eukaryota_2759;Chordata_7711;Actinopteri_186623;order_Siganidae_75382;Siganidae_75382;Siganus_75041;Siganus_luridus_226939	99.492	197	100	1.34e-98	359	species	Eukaryota	Chordata	Actinopteri	Siganidae	Siganidae	Siganus	Siganus luridus
ASV0663	LC026706.1.<1.>168###root_1;Eukaryota_2759;Chordata_7711;Actinopteri_186623;Perciformes_8111;Scorpaenidae_8108;Parascorpaena_626228;Parascorpaena_mossambica_1003773	93.452	168	86	8.31e-66	250	family	Eukaryota	Chordata	Actinopteri	Perciformes	Scorpaenidae	NA	NA
ASV0664	OP035101.1.70.1021###root_1;Eukaryota_2759;Chordata_7711;Actinopteri_186623;Anguilliformes_7933;Muraenidae_46660;Gymnothorax_121281;Gymnothorax_chilospilus_473452	99.5	200	100	2.93e-100	364	species	Eukaryota	Chordata	Actinopteri	Anguilliformes	Muraenidae	Gymnothorax	Gymnothorax chilospilus
ASV0665	OP056938.1.70.1015###root_1;Eukaryota_2759;Chordata_7711;Actinopteri_186623;Blenniiformes_1489921;Labrisomidae_57769;Malacoctenus_57773;Malacoctenus_macropus_722566	85.427	199	100	2.37e-51	202	order	Eukaryota	Chordata	Actinopteri	Blenniiformes	NA	NA	NA
ASV0666	OR546227.1.70.1017###root_1;Eukaryota_2759;Chordata_7711;Actinopteri_186623;Blenniiformes_1489921;Blenniidae_56718;Cirripectes_703910;Cirripectes_polyzona_879475	99.487	195	100	1.71e-97	355	species	Eukaryota	Chordata	Actinopteri	Blenniiformes	Blenniidae	Cirripectes	Cirripectes polyzona
ASV0667	EU601186.1.22.>926###root_1;Eukaryota_2759;Chordata_7711;Actinopteri_186623;Labriformes_1489928;Labridae_8247;Chlorurus_126670;Chlorurus_oedema_188108	98.995	199	100	4.87e-98	357	species	Eukaryota	Chordata	Actinopteri	Labriformes	Labridae	Chlorurus	Chlorurus oedema
ASV0668	MW630340.1.<1.>850###root_1;Eukaryota_2759;Chordata_7711;Actinopteri_186623;order_Pomacentridae_30863;Pomacentridae_30863;Pomacentrus_61808;Pomacentrus_trilineatus_229141	100	197	100	2.88e-100	364	species	Eukaryota	Chordata	Actinopteri	Pomacentridae	Pomacentridae	Pomacentrus	Pomacentrus trilineatus
ASV0669	LC779048.1.<1.>551###root_1;Eukaryota_2759;Chordata_7711;Actinopteri_186623;Gobiiformes_1489878;Gobiidae_8220;Eviota_166746;Eviota_afelei_166747	85.859	198	100	1.43e-53	209	order	Eukaryota	Chordata	Actinopteri	Gobiiformes	NA	NA	NA
ASV0670	LC340293.1.<1.>170###root_1;Eukaryota_2759;Chordata_7711;Actinopteri_186623;Pleuronectiformes_8252;Soleidae_30948;Aseraggodes_195595;Aseraggodes_cheni_2057068	99.412	170	86	1.37e-83	309	species	Eukaryota	Chordata	Actinopteri	Pleuronectiformes	Soleidae	Aseraggodes	Aseraggodes cheni
ASV0671	OP035107.2.70.1024###root_1;Eukaryota_2759;Chordata_7711;Actinopteri_186623;Syngnathiformes_129912;Mullidae_30854;Mulloidichthys_342442;Mulloidichthys_flavolineatus_652446	98.985	197	100	6.23e-97	353	species	Eukaryota	Chordata	Actinopteri	Syngnathiformes	Mullidae	Mulloidichthys	Mulloidichthys flavolineatus
ASV0672	LC506654.2.<1.889###root_1;Eukaryota_2759;Chordata_7711;Actinopteri_186623;Perciformes_8111;Scorpaenidae_8108;Scorpaena_72113;Scorpaena_onaria_206132	85.128	195	100	8.49e-51	200	order	Eukaryota	Chordata	Actinopteri	Perciformes	NA	NA	NA
ASV0673	OP035101.1.70.1021###root_1;Eukaryota_2759;Chordata_7711;Actinopteri_186623;Anguilliformes_7933;Muraenidae_46660;Gymnothorax_121281;Gymnothorax_chilospilus_473452	99.5	200	100	2.93e-100	364	species	Eukaryota	Chordata	Actinopteri	Anguilliformes	Muraenidae	Gymnothorax	Gymnothorax chilospilus
ASV0674	AY279626.1.<1.>932###root_1;Eukaryota_2759;Chordata_7711;Actinopteri_186623;Labriformes_1489928;Labridae_8247;Novaculoides_315408;Novaculoides_macrolepidotus_241323	98.477	197	100	1.04e-94	346	species	Eukaryota	Chordata	Actinopteri	Labriformes	Labridae	Novaculoides	Novaculoides macrolepidotus
ASV0675	MH248166.1.<1.>665###root_1;Eukaryota_2759;Chordata_7711;Actinopteri_186623;Tetraodontiformes_31022;Tetraodontidae_31031;Arothron_50368;Arothron_stellatus_229061	100	197	100	2.88e-100	364	species	Eukaryota	Chordata	Actinopteri	Tetraodontiformes	Tetraodontidae	Arothron	Arothron stellatus
ASV0676	AP009144.1.70.1023###root_1;Eukaryota_2759;Chordata_7711;Actinopteri_186623;Clupeiformes_32446;Clupeidae_55118;Spratelloides_365051;Spratelloides_delicatulus_373251	88.78	205	100	1.11e-64	246	order	Eukaryota	Chordata	Actinopteri	Clupeiformes	NA	NA	NA
ASV0677	LC499173.1.<1.>168###root_1;Eukaryota_2759;Chordata_7711;Actinopteri_186623;Syngnathiformes_129912;Syngnathidae_72045;Corythoichthys_161447;Corythoichthys_schultzi_1311431	95.833	168	86	1.77e-72	272	genus	Eukaryota	Chordata	Actinopteri	Syngnathiformes	Syngnathidae	Corythoichthys	Corythoichthys sp.
ASV0678	AY279589.1.<1.>936###root_1;Eukaryota_2759;Chordata_7711;Actinopteri_186623;Labriformes_1489928;Labridae_8247;Coris_126328;Coris_aygula_241280	100	194	100	1.32e-98	359	species	Eukaryota	Chordata	Actinopteri	Labriformes	Labridae	Coris	Coris aygula
ASV0679	LC193333.1.<1.>166###root_1;Eukaryota_2759;Chordata_7711;Actinopteri_186623;Stomiiformes_48438;Gonostomatidae_48439;Cyclothone_48440;Cyclothone_pseudopallida_48451	99.398	166	86	2.24e-81	302	species	Eukaryota	Chordata	Actinopteri	Stomiiformes	Gonostomatidae	Cyclothone	Cyclothone pseudopallida
ASV0680	LC739786.1.<1.888###root_1;Eukaryota_2759;Chordata_7711;Actinopteri_186623;Blenniiformes_1489921;Blenniidae_56718;Petroscirtes_57846;Petroscirtes_mitratus_879517	96.939	196	100	3.73e-89	327	genus	Eukaryota	Chordata	Actinopteri	Blenniiformes	Blenniidae	Petroscirtes	Petroscirtes sp.
ASV0681	LC278140.2.<1.887###root_1;Eukaryota_2759;Chordata_7711;Actinopteri_186623;Blenniiformes_1489921;Blenniidae_56718;Cirripectes_703910;Cirripectes_polyzona_879475	99.487	195	100	1.71e-97	355	species	Eukaryota	Chordata	Actinopteri	Blenniiformes	Blenniidae	Cirripectes	Cirripectes polyzona
ASV0682	LC145982.1.<1.>172###root_1;Eukaryota_2759;Chordata_7711;Actinopteri_186623;Myctophiformes_68514;Myctophidae_68515;Diaphus_88678;Diaphus_brachycephalus_885007	100	172	86	2.30e-86	318	species	Eukaryota	Chordata	Actinopteri	Myctophiformes	Myctophidae	Diaphus	Diaphus brachycephalus
ASV0683	OP035190.1.70.1018###root_1;Eukaryota_2759;Chordata_7711;Actinopteri_186623;Chaetodontiformes_1545895;Chaetodontidae_30828;Chaetodon_37948;Chaetodon_ephippium_109689	99.487	195	100	1.71e-97	355	species	Eukaryota	Chordata	Actinopteri	Chaetodontiformes	Chaetodontidae	Chaetodon	Chaetodon ephippium
ASV0684	LC672477.1.<1.887###root_1;Eukaryota_2759;Chordata_7711;Actinopteri_186623;Lutjaniformes_2024539;Lutjanidae_30850;Pterocaesio_181465;Pterocaesio_tile_181466	100	196	100	1.03e-99	363	species	Eukaryota	Chordata	Actinopteri	Lutjaniformes	Lutjanidae	Pterocaesio	Pterocaesio tile
ASV0685	OQ656152.1.70.1016###root_1;Eukaryota_2759;Chordata_7711;Actinopteri_186623;Anguilliformes_7933;Muraenidae_46660;Gymnothorax_121281;Gymnothorax_buroensis_876628	99.487	195	100	1.71e-97	355	species	Eukaryota	Chordata	Actinopteri	Anguilliformes	Muraenidae	Gymnothorax	Gymnothorax buroensis
ASV0686	LC774594.1.<1.890###root_1;Eukaryota_2759;Chordata_7711;Actinopteri_186623;Lutjaniformes_2024539;Haemulidae_30840;Plectorhinchus_349641;Plectorhinchus_gibbosus_533315	100	198	100	8.05e-101	366	species	Eukaryota	Chordata	Actinopteri	Lutjaniformes	Haemulidae	Plectorhinchus	Plectorhinchus gibbosus
ASV0687	LC649116.1.<1.889###root_1;Eukaryota_2759;Chordata_7711;Actinopteri_186623;Blenniiformes_1489921;Gobiesocidae_63826;Pherallodichthys_2740790;Pherallodichthys_meshimaensis_2873921	89.231	195	100	4.97e-63	241	order	Eukaryota	Chordata	Actinopteri	Blenniiformes	NA	NA	NA
ASV0688	LC739786.1.<1.888###root_1;Eukaryota_2759;Chordata_7711;Actinopteri_186623;Blenniiformes_1489921;Blenniidae_56718;Petroscirtes_57846;Petroscirtes_mitratus_879517	95.431	197	100	1.05e-84	313	genus	Eukaryota	Chordata	Actinopteri	Blenniiformes	Blenniidae	Petroscirtes	Petroscirtes sp.
ASV0689	EU601190.1.22.>927###root_1;Eukaryota_2759;Chordata_7711;Actinopteri_186623;Labriformes_1489928;Labridae_8247;Leptoscarus_188115;Leptoscarus_vaigiensis_2913886	99.5	200	100	2.93e-100	364	species	Eukaryota	Chordata	Actinopteri	Labriformes	Labridae	Leptoscarus	Leptoscarus vaigiensis
ASV0690	LC874316.1.<1.699###root_1;Eukaryota_2759;Chordata_7711;Actinopteri_186623;Gobiiformes_1489878;Gobiidae_8220;Paragobiodon_264363;Paragobiodon_modestus_990229	99.485	194	100	6.12e-97	353	species	Eukaryota	Chordata	Actinopteri	Gobiiformes	Gobiidae	Paragobiodon	Paragobiodon modestus
ASV0691	LC622103.1.<1.886###root_1;Eukaryota_2759;Chordata_7711;Actinopteri_186623;Blenniiformes_1489921;Tripterygiidae_57771;Helcogramma_490332;Helcogramma_nesion_2979723	94.416	197	100	2.28e-81	302	family	Eukaryota	Chordata	Actinopteri	Blenniiformes	Tripterygiidae	NA	NA
ASV0692	MW376909.1.69.1014###root_1;Eukaryota_2759;Chordata_7711;Actinopteri_186623;order_Siganidae_75382;Siganidae_75382;Siganus_75041;Siganus_luridus_226939	99.492	197	100	1.34e-98	359	species	Eukaryota	Chordata	Actinopteri	Siganidae	Siganidae	Siganus	Siganus luridus
ASV0693	LC499355.1.<1.>165###root_1;Eukaryota_2759;Chordata_7711;Actinopteri_186623;Syngnathiformes_129912;Callionymidae_30908;Synchiropus_215387;Synchiropus_kiyoae_1503355	96.97	165	86	3.75e-74	278	genus	Eukaryota	Chordata	Actinopteri	Syngnathiformes	Callionymidae	Synchiropus	Synchiropus sp.
ASV0694	EU601212.1.22.>925###root_1;Eukaryota_2759;Chordata_7711;Actinopteri_186623;Labriformes_1489928;Labridae_8247;Scarus_59660;Scarus_rubroviolaceus_247628	98.995	199	100	4.87e-98	357	species	Eukaryota	Chordata	Actinopteri	Labriformes	Labridae	Scarus	Scarus rubroviolaceus
ASV0695	MT656159.1.<1.>243###root_1;Eukaryota_2759;Chordata_7711;Actinopteri_186623;Syngnathiformes_129912;Mullidae_30854;Upeneus_115430;Upeneus_taeniopterus_2747776	100	182	92	6.28e-92	337	species	Eukaryota	Chordata	Actinopteri	Syngnathiformes	Mullidae	Upeneus	Upeneus taeniopterus
ASV0696	OM994728.1.71.1023###root_1;Eukaryota_2759;Chordata_7711;Actinopteri_186623;Perciformes_8111;Serranidae_30871;Epinephelus_94231;Epinephelus_flavocaeruleus_327813	100	197	100	2.88e-100	364	species	Eukaryota	Chordata	Actinopteri	Perciformes	Serranidae	Epinephelus	Epinephelus flavocaeruleus
ASV0697	OR546227.1.70.1017###root_1;Eukaryota_2759;Chordata_7711;Actinopteri_186623;Blenniiformes_1489921;Blenniidae_56718;Cirripectes_703910;Cirripectes_polyzona_879475	99.487	195	100	1.71e-97	355	species	Eukaryota	Chordata	Actinopteri	Blenniiformes	Blenniidae	Cirripectes	Cirripectes polyzona
ASV0698	EU601180.1.22.>926###root_1;Eukaryota_2759;Chordata_7711;Actinopteri_186623;Labriformes_1489928;Labridae_8247;Calotomus_188111;Calotomus_spinidens_544409	95.918	196	100	8.13e-86	316	genus	Eukaryota	Chordata	Actinopteri	Labriformes	Labridae	Calotomus	Calotomus sp.
ASV0699	LC814893.1.<1.>740###root_1;Eukaryota_2759;Chordata_7711;Actinopteri_186623;order_Pomacentridae_30863;Pomacentridae_30863;Chrysiptera_80978;Chrysiptera_glauca_229119	97.959	196	100	4.82e-93	340	genus	Eukaryota	Chordata	Actinopteri	Pomacentridae	Pomacentridae	Chrysiptera	Chrysiptera sp.
ASV0700	AP018054.1.69.1013###root_1;Eukaryota_2759;Chordata_7711;Actinopteri_186623;Gobiiformes_1489878;Kraemeriidae_86202;Kraemeria_86208;Kraemeria_cunicularia_86209	87.5	192	99	1.79e-57	222	order	Eukaryota	Chordata	Actinopteri	Gobiiformes	NA	NA	NA
ASV0701	MW160687.1.70.1020###root_1;Eukaryota_2759;Chordata_7711;Actinopteri_186623;Anguilliformes_7933;Muraenidae_46660;Gymnothorax_121281;Gymnothorax_flavimarginatus_217850	98.969	194	99	2.88e-95	348	species	Eukaryota	Chordata	Actinopteri	Anguilliformes	Muraenidae	Gymnothorax	Gymnothorax flavimarginatus
ASV0702	OP035107.2.70.1024###root_1;Eukaryota_2759;Chordata_7711;Actinopteri_186623;Syngnathiformes_129912;Mullidae_30854;Mulloidichthys_342442;Mulloidichthys_flavolineatus_652446	99.492	197	100	1.34e-98	359	species	Eukaryota	Chordata	Actinopteri	Syngnathiformes	Mullidae	Mulloidichthys	Mulloidichthys flavolineatus
ASV0703	OP035124.1.73.1029###root_1;Eukaryota_2759;Chordata_7711;Actinopteri_186623;Syngnathiformes_129912;Mullidae_30854;Parupeneus_334899;Parupeneus_cyclostomus_586844	99.495	198	100	3.75e-99	361	species	Eukaryota	Chordata	Actinopteri	Syngnathiformes	Mullidae	Parupeneus	Parupeneus cyclostomus
ASV0704	KT600964.1.<1.>763###root_1;Eukaryota_2759;Chordata_7711;Actinopteri_186623;Tetraodontiformes_31022;Balistidae_31024;Pseudobalistes_303694;Pseudobalistes_flavimarginatus_392903	99.492	197	100	1.34e-98	359	species	Eukaryota	Chordata	Actinopteri	Tetraodontiformes	Balistidae	Pseudobalistes	Pseudobalistes flavimarginatus
ASV0705	MW133237.1.70.1019###root_1;Eukaryota_2759;Chordata_7711;Actinopteri_186623;Anguilliformes_7933;Muraenidae_46660;Gymnothorax_121281;Gymnothorax_rueppelliae_3040411	98.469	196	100	1.04e-94	346	species	Eukaryota	Chordata	Actinopteri	Anguilliformes	Muraenidae	Gymnothorax	Gymnothorax rueppelliae
ASV0706	OP056978.1.70.1020###root_1;Eukaryota_2759;Chordata_7711;Actinopteri_186623;Anguilliformes_7933;Muraenidae_46660;Gymnothorax_121281;Gymnothorax_flavimarginatus_217850	100	196	100	1.03e-99	363	species	Eukaryota	Chordata	Actinopteri	Anguilliformes	Muraenidae	Gymnothorax	Gymnothorax flavimarginatus
ASV0707	MG677546.1.69.1015###root_1;Eukaryota_2759;Chordata_7711;Actinopteri_186623;order_Siganidae_75382;Siganidae_75382;Siganus_75041;Siganus_sutor_439892	97.98	198	100	3.77e-94	344	genus	Eukaryota	Chordata	Actinopteri	Siganidae	Siganidae	Siganus	Siganus sp.
ASV0708	PV053466.1.<1.>167###root_1;Eukaryota_2759;Chordata_7711;Actinopteri_186623;Blenniiformes_1489921;Blenniidae_56718;Entomacrodus_57795;Entomacrodus_thalassinus_1892334	94.611	167	86	1.37e-68	259	family	Eukaryota	Chordata	Actinopteri	Blenniiformes	Blenniidae	NA	NA
ASV0709	LC579115.1.<1.>167###root_1;Eukaryota_2759;Chordata_7711;Actinopteri_186623;Perciformes_8111;Anthiadidae_3363800;Nemanthias_428435;Nemanthias_bicolor_3357991	100	167	86	1.34e-83	309	species	Eukaryota	Chordata	Actinopteri	Perciformes	Anthiadidae	Nemanthias	Nemanthias bicolor
ASV0710	AP005987.1.69.1017###root_1;Eukaryota_2759;Chordata_7711;Actinopteri_186623;Syngnathiformes_129912;Fistulariidae_206152;Fistularia_206153;Fistularia_commersonii_215343	99.49	196	100	4.79e-98	357	species	Eukaryota	Chordata	Actinopteri	Syngnathiformes	Fistulariidae	Fistularia	Fistularia commersonii
ASV0711	LC458200.2.<1.923###root_1;Eukaryota_2759;Chordata_7711;Actinopteri_186623;Gobiiformes_1489878;Gobiidae_8220;Bathygobius_163631;Bathygobius_cotticeps_1156088	88.889	198	100	1.80e-62	239	order	Eukaryota	Chordata	Actinopteri	Gobiiformes	NA	NA	NA
ASV0712	OP749983.1.70.1017###root_1;Eukaryota_2759;Chordata_7711;Actinopteri_186623;Blenniiformes_1489921;Blenniidae_56718;Cirripectes_703910;Cirripectes_randalli_2999979	98.974	195	100	7.97e-96	350	species	Eukaryota	Chordata	Actinopteri	Blenniiformes	Blenniidae	Cirripectes	Cirripectes randalli
ASV0713	KF374994.1.<1.>952###root_1;Eukaryota_2759;Chordata_7711;Actinopteri_186623;Mugiliformes_41872;Mugilidae_8189;Osteomugil_435239;Osteomugil_robustus_1003821	98.99	198	100	1.74e-97	355	species	Eukaryota	Chordata	Actinopteri	Mugiliformes	Mugilidae	Osteomugil	Osteomugil robustus
ASV0714	PQ412523.1.69.1018###root_1;Eukaryota_2759;Chordata_7711;Actinopteri_186623;Acanthuriformes_1489937;Acanthuridae_29146;Acanthurus_12912;Acanthurus_lineatus_483362	100	197	100	2.88e-100	364	species	Eukaryota	Chordata	Actinopteri	Acanthuriformes	Acanthuridae	Acanthurus	Acanthurus lineatus
ASV0715	OP035101.1.70.1021###root_1;Eukaryota_2759;Chordata_7711;Actinopteri_186623;Anguilliformes_7933;Muraenidae_46660;Gymnothorax_121281;Gymnothorax_chilospilus_473452	98.5	200	100	6.34e-97	353	species	Eukaryota	Chordata	Actinopteri	Anguilliformes	Muraenidae	Gymnothorax	Gymnothorax chilospilus
ASV0716	LC584263.1.<1.>545###root_1;Eukaryota_2759;Chordata_7711;Actinopteri_186623;Kurtiformes_1489876;Apogonidae_83881;Ostorhinchus_638290;Ostorhinchus_taeniophorus_247547	98.974	195	100	7.97e-96	350	species	Eukaryota	Chordata	Actinopteri	Kurtiformes	Apogonidae	Ostorhinchus	Ostorhinchus taeniophorus
ASV0717	OQ675586.1.70.1021###root_1;Eukaryota_2759;Chordata_7711;Actinopteri_186623;Anguilliformes_7933;Muraenidae_46660;Gymnothorax_121281;Gymnothorax_reticularis_189505	99	200	100	1.36e-98	359	species	Eukaryota	Chordata	Actinopteri	Anguilliformes	Muraenidae	Gymnothorax	Gymnothorax reticularis
ASV0718	LC739786.1.<1.888###root_1;Eukaryota_2759;Chordata_7711;Actinopteri_186623;Blenniiformes_1489921;Blenniidae_56718;Petroscirtes_57846;Petroscirtes_mitratus_879517	96.429	196	100	1.74e-87	322	genus	Eukaryota	Chordata	Actinopteri	Blenniiformes	Blenniidae	Petroscirtes	Petroscirtes sp.
ASV0719	KT600961.1.<1.>761###root_1;Eukaryota_2759;Chordata_7711;Actinopteri_186623;Tetraodontiformes_31022;Monacanthidae_143346;Pervagor_392924;Pervagor_janthinosoma_392925	100	198	100	8.05e-101	366	species	Eukaryota	Chordata	Actinopteri	Tetraodontiformes	Monacanthidae	Pervagor	Pervagor janthinosoma
ASV0720	AY279603.1.<1.>902###root_1;Eukaryota_2759;Chordata_7711;Actinopteri_186623;Labriformes_1489928;Labridae_8247;Halichoeres_51788;Halichoeres_marginatus_241295	97.436	195	100	2.89e-90	331	genus	Eukaryota	Chordata	Actinopteri	Labriformes	Labridae	Halichoeres	Halichoeres sp.
ASV0721	AP009163.1.69.1018###root_1;Eukaryota_2759;Chordata_7711;Actinopteri_186623;Acanthuriformes_1489937;Acanthuridae_29146;Naso_75027;Naso_lopezi_238060	99.492	197	100	1.34e-98	359	species	Eukaryota	Chordata	Actinopteri	Acanthuriformes	Acanthuridae	Naso	Naso lopezi
ASV0722	OP718222.1.70.1023###root_1;Eukaryota_2759;Chordata_7711;Actinopteri_186623;Syngnathiformes_129912;Mullidae_30854;Parupeneus_334899;Parupeneus_biaculeatus_2862834	98.477	197	100	2.90e-95	348	species	Eukaryota	Chordata	Actinopteri	Syngnathiformes	Mullidae	Parupeneus	Parupeneus biaculeatus
ASV0723	AY279646.1.<1.>880###root_1;Eukaryota_2759;Chordata_7711;Actinopteri_186623;Labriformes_1489928;Labridae_8247;Stethojulis_241347;Stethojulis_bandanensis_241348	98.985	197	100	6.23e-97	353	species	Eukaryota	Chordata	Actinopteri	Labriformes	Labridae	Stethojulis	Stethojulis bandanensis
ASV0724	AP018054.1.69.1013###root_1;Eukaryota_2759;Chordata_7711;Actinopteri_186623;Gobiiformes_1489878;Kraemeriidae_86202;Kraemeria_86208;Kraemeria_cunicularia_86209	86.979	192	99	8.33e-56	217	order	Eukaryota	Chordata	Actinopteri	Gobiiformes	NA	NA	NA
ASV0725	AP005987.1.69.1017###root_1;Eukaryota_2759;Chordata_7711;Actinopteri_186623;Syngnathiformes_129912;Fistulariidae_206152;Fistularia_206153;Fistularia_commersonii_215343	99.49	196	100	4.79e-98	357	species	Eukaryota	Chordata	Actinopteri	Syngnathiformes	Fistulariidae	Fistularia	Fistularia commersonii
ASV0726	PV053466.1.<1.>167###root_1;Eukaryota_2759;Chordata_7711;Actinopteri_186623;Blenniiformes_1489921;Blenniidae_56718;Entomacrodus_57795;Entomacrodus_thalassinus_1892334	95.21	167	86	2.95e-70	265	genus	Eukaryota	Chordata	Actinopteri	Blenniiformes	Blenniidae	Entomacrodus	Entomacrodus sp.
ASV0727	MZ709299.1.72.1012###root_1;Eukaryota_2759;Chordata_7711;Actinopteri_186623;Syngnathiformes_129912;Syngnathidae_72045;Hippocampus_72046;Hippocampus_camelopardalis_109278	86.667	195	100	1.08e-54	213	order	Eukaryota	Chordata	Actinopteri	Syngnathiformes	NA	NA	NA
ASV0729	LC640041.1.<1.888###root_1;Eukaryota_2759;Chordata_7711;Actinopteri_186623;Chaetodontiformes_1545895;Chaetodontidae_30828;Chaetodon_37948;Chaetodon_lunula_109694	98.974	195	100	7.97e-96	350	species	Eukaryota	Chordata	Actinopteri	Chaetodontiformes	Chaetodontidae	Chaetodon	Chaetodon lunula
ASV0730	LC654232.1.<1.970###root_1;Eukaryota_2759;Chordata_7711;Actinopteri_186623;Aulopiformes_68510;Synodontidae_81390;Saurida_143309;Saurida_nebulosa_1074258	96.875	192	100	1.71e-87	322	genus	Eukaryota	Chordata	Actinopteri	Aulopiformes	Synodontidae	Saurida	Saurida sp.
ASV0731	MH248183.1.<1.>671###root_1;Eukaryota_2759;Chordata_7711;Actinopteri_186623;Anguilliformes_7933;Muraenidae_46660;Gymnothorax_121281;Gymnothorax_undulatus_473461	98.985	197	100	6.23e-97	353	species	Eukaryota	Chordata	Actinopteri	Anguilliformes	Muraenidae	Gymnothorax	Gymnothorax undulatus
ASV0732	MH248190.1.<1.>667###root_1;Eukaryota_2759;Chordata_7711;Actinopteri_186623;Syngnathiformes_129912;Mullidae_30854;Parupeneus_334899;Parupeneus_rubescens_1003776	100	197	100	2.88e-100	364	species	Eukaryota	Chordata	Actinopteri	Syngnathiformes	Mullidae	Parupeneus	Parupeneus rubescens
ASV0733	PQ580705.1.70.1018###root_1;Eukaryota_2759;Chordata_7711;Actinopteri_186623;Anguilliformes_7933;Muraenidae_46660;Gymnothorax_121281;Gymnothorax_poikilospilus_2937923	95.408	196	100	1.05e-84	313	genus	Eukaryota	Chordata	Actinopteri	Anguilliformes	Muraenidae	Gymnothorax	Gymnothorax sp.
ASV0734	OP035275.1.69.1018###root_1;Eukaryota_2759;Chordata_7711;Actinopteri_186623;Acanthuriformes_1489937;Acanthuridae_29146;Acanthurus_12912;Acanthurus_triostegus_175435	98.485	198	100	2.90e-95	348	species	Eukaryota	Chordata	Actinopteri	Acanthuriformes	Acanthuridae	Acanthurus	Acanthurus triostegus
ASV0735	LC069535.1.<1.>166###root_1;Eukaryota_2759;Chordata_7711;Actinopteri_186623;Perciformes_8111;Anthiadidae_3363800;Luzonichthys_428433;Luzonichthys_waitei_428434	98.795	166	86	1.04e-79	296	species	Eukaryota	Chordata	Actinopteri	Perciformes	Anthiadidae	Luzonichthys	Luzonichthys waitei
ASV0736	MH248178.1.<1.>666###root_1;Eukaryota_2759;Chordata_7711;Actinopteri_186623;Gobiiformes_1489878;Gobiidae_8220;Eviota_166746;Eviota_guttata_595618	100	195	100	3.68e-99	361	species	Eukaryota	Chordata	Actinopteri	Gobiiformes	Gobiidae	Eviota	Eviota guttata
ASV0737	MH248199.1.<1.>670###root_1;Eukaryota_2759;Chordata_7711;Actinopteri_186623;Perciformes_8111;Platycephalidae_30987;Thysanophrys_1230803;Thysanophrys_chiltonae_1230805	94.444	198	100	6.37e-82	303	family	Eukaryota	Chordata	Actinopteri	Perciformes	Platycephalidae	NA	NA
ASV0738	AP012959.1.69.1015###root_1;Eukaryota_2759;Chordata_7711;Actinopteri_186623;Stomiiformes_48438;Stomiidae_123351;Astronesthes_700624;Astronesthes_lucifer_1263173	99.487	195	100	1.71e-97	355	species	Eukaryota	Chordata	Actinopteri	Stomiiformes	Stomiidae	Astronesthes	Astronesthes lucifer
ASV0739	LC277883.2.<1.888###root_1;Eukaryota_2759;Chordata_7711;Actinopteri_186623;Holocentriformes_1490028;Holocentridae_47697;Neoniphon_47703;Neoniphon_aurolineatus_47705	100	198	100	8.05e-101	366	species	Eukaryota	Chordata	Actinopteri	Holocentriformes	Holocentridae	Neoniphon	Neoniphon aurolineatus
ASV0740	OP035101.1.70.1021###root_1;Eukaryota_2759;Chordata_7711;Actinopteri_186623;Anguilliformes_7933;Muraenidae_46660;Gymnothorax_121281;Gymnothorax_chilospilus_473452	98.5	200	100	6.34e-97	353	species	Eukaryota	Chordata	Actinopteri	Anguilliformes	Muraenidae	Gymnothorax	Gymnothorax chilospilus
ASV0741	EU108808.1.<1.>801###root_1;Eukaryota_2759;Chordata_7711;Actinopteri_186623;Tetraodontiformes_31022;Balistidae_31024;Rhinecanthus_245704;Rhinecanthus_verrucosus_480298	98.99	198	100	1.74e-97	355	species	Eukaryota	Chordata	Actinopteri	Tetraodontiformes	Balistidae	Rhinecanthus	Rhinecanthus verrucosus
ASV0742	OQ656152.1.70.1016###root_1;Eukaryota_2759;Chordata_7711;Actinopteri_186623;Anguilliformes_7933;Muraenidae_46660;Gymnothorax_121281;Gymnothorax_buroensis_876628	98.462	195	100	3.71e-94	344	species	Eukaryota	Chordata	Actinopteri	Anguilliformes	Muraenidae	Gymnothorax	Gymnothorax buroensis
ASV0743	AB974512.2.<1.888###root_1;Eukaryota_2759;Chordata_7711;Actinopteri_186623;Perciformes_8111;Scorpaenidae_8108;Dendrochirus_94307;Dendrochirus_bellus_1585604	99.487	195	100	1.71e-97	355	species	Eukaryota	Chordata	Actinopteri	Perciformes	Scorpaenidae	Dendrochirus	Dendrochirus bellus
ASV0744	JX242925.1.<1.>811###root_1;Eukaryota_2759;Chordata_7711;Actinopteri_186623;Anguilliformes_7933;Muraenidae_46660;Gymnothorax_121281;Gymnothorax_margaritophorus_473393	99.5	200	100	2.93e-100	364	species	Eukaryota	Chordata	Actinopteri	Anguilliformes	Muraenidae	Gymnothorax	Gymnothorax margaritophorus
ASV0745	OP035254.1.69.1036###root_1;Eukaryota_2759;Chordata_7711;Actinopteri_186623;Centrarchiformes_1489940;Cirrhitidae_76914;Cirrhitus_76915;Cirrhitus_pinnulatus_490258	91.304	207	99	1.13e-74	279	family	Eukaryota	Chordata	Actinopteri	Centrarchiformes	Cirrhitidae	NA	NA
ASV0746	ON360999.1.69.1019###root_1;Eukaryota_2759;Chordata_7711;Actinopteri_186623;Acanthuriformes_1489937;Acanthuridae_29146;Zebrasoma_75045;Zebrasoma_scopas_75046	98.98	196	100	2.23e-96	351	species	Eukaryota	Chordata	Actinopteri	Acanthuriformes	Acanthuridae	Zebrasoma	Zebrasoma scopas
ASV0747	FJ416614.1.69.1020###root_1;Eukaryota_2759;Chordata_7711;Actinopteri_186623;Lutjaniformes_2024539;Lutjanidae_30850;Lutjanus_40493;Lutjanus_kasmira_396787	100	196	100	1.03e-99	363	species	Eukaryota	Chordata	Actinopteri	Lutjaniformes	Lutjanidae	Lutjanus	Lutjanus kasmira
ASV0748	JQ707035.1.<1.>885###root_1;Eukaryota_2759;Chordata_7711;Actinopteri_186623;order_Pomacentridae_30863;Pomacentridae_30863;Pycnochromis_2891203;Pycnochromis_dimidiatus_997967	98.985	197	100	6.23e-97	353	species	Eukaryota	Chordata	Actinopteri	Pomacentridae	Pomacentridae	Pycnochromis	Pycnochromis dimidiatus
ASV0749	OP749983.1.70.1017###root_1;Eukaryota_2759;Chordata_7711;Actinopteri_186623;Blenniiformes_1489921;Blenniidae_56718;Cirripectes_703910;Cirripectes_randalli_2999979	98.974	195	100	7.97e-96	350	species	Eukaryota	Chordata	Actinopteri	Blenniiformes	Blenniidae	Cirripectes	Cirripectes randalli
ASV0750	AP017949.1.69.1026###root_1;Eukaryota_2759;Chordata_7711;Actinopteri_186623;Clupeiformes_32446;Clupeidae_55118;Amblygaster_392304;Amblygaster_sirm_997022	100	203	100	1.38e-103	375	species	Eukaryota	Chordata	Actinopteri	Clupeiformes	Clupeidae	Amblygaster	Amblygaster sirm
ASV0751	OQ656152.1.70.1016###root_1;Eukaryota_2759;Chordata_7711;Actinopteri_186623;Anguilliformes_7933;Muraenidae_46660;Gymnothorax_121281;Gymnothorax_buroensis_876628	98.974	195	100	7.97e-96	350	species	Eukaryota	Chordata	Actinopteri	Anguilliformes	Muraenidae	Gymnothorax	Gymnothorax buroensis
ASV0752	PV590092.1.69.1030###root_1;Eukaryota_2759;Chordata_7711;Actinopteri_186623;order_Polynemidae_30917;Polynemidae_30917;Polydactylus_320381;Polydactylus_sexfilis_621112	98.985	197	100	6.23e-97	353	species	Eukaryota	Chordata	Actinopteri	Polynemidae	Polynemidae	Polydactylus	Polydactylus sexfilis
ASV0753	OP035168.1.69.1016###root_1;Eukaryota_2759;Chordata_7711;Actinopteri_186623;Perciformes_8111;Scorpaenidae_8108;Scorpaenodes_274701;Scorpaenodes_corallinus_1156140	94.359	195	100	8.14e-81	300	family	Eukaryota	Chordata	Actinopteri	Perciformes	Scorpaenidae	NA	NA
ASV0754	KP893074.1.70.1018###root_1;Eukaryota_2759;Chordata_7711;Actinopteri_186623;Anguilliformes_7933;Muraenidae_46660;Enchelynassa_876646;Enchelynassa_canina_876647	98.98	196	100	2.23e-96	351	species	Eukaryota	Chordata	Actinopteri	Anguilliformes	Muraenidae	Enchelynassa	Enchelynassa canina
ASV0755	AP005991.1.70.1024###root_1;Eukaryota_2759;Chordata_7711;Actinopteri_186623;Perciformes_8111;Serranidae_30871;Epinephelus_94231;Epinephelus_merra_215346	97.449	196	100	2.24e-91	335	genus	Eukaryota	Chordata	Actinopteri	Perciformes	Serranidae	Epinephelus	Epinephelus sp.
ASV0756	LC340249.2.<1.869###root_1;Eukaryota_2759;Chordata_7711;Actinopteri_186623;Gobiiformes_1489878;Gobiidae_8220;Bathygobius_163631;Bathygobius_hongkongensis_515215	95.918	196	100	2.26e-86	318	genus	Eukaryota	Chordata	Actinopteri	Gobiiformes	Gobiidae	Bathygobius	Bathygobius sp.
ASV0757	MW133237.1.70.1019###root_1;Eukaryota_2759;Chordata_7711;Actinopteri_186623;Anguilliformes_7933;Muraenidae_46660;Gymnothorax_121281;Gymnothorax_rueppelliae_3040411	98.98	196	100	2.23e-96	351	species	Eukaryota	Chordata	Actinopteri	Anguilliformes	Muraenidae	Gymnothorax	Gymnothorax rueppelliae
ASV0758	OP035190.1.70.1018###root_1;Eukaryota_2759;Chordata_7711;Actinopteri_186623;Chaetodontiformes_1545895;Chaetodontidae_30828;Chaetodon_37948;Chaetodon_ephippium_109689	98.462	195	100	3.71e-94	344	species	Eukaryota	Chordata	Actinopteri	Chaetodontiformes	Chaetodontidae	Chaetodon	Chaetodon ephippium
ASV0759	KP893074.1.70.1018###root_1;Eukaryota_2759;Chordata_7711;Actinopteri_186623;Anguilliformes_7933;Muraenidae_46660;Enchelynassa_876646;Enchelynassa_canina_876647	99.49	196	100	4.79e-98	357	species	Eukaryota	Chordata	Actinopteri	Anguilliformes	Muraenidae	Enchelynassa	Enchelynassa canina
ASV0760	PV053456.1.<1.>170###root_1;Eukaryota_2759;Chordata_7711;Actinopteri_186623;Anguilliformes_7933;Muraenidae_46660;Uropterygius_189495;Uropterygius_kamar_2589335	99.412	170	86	1.37e-83	309	species	Eukaryota	Chordata	Actinopteri	Anguilliformes	Muraenidae	Uropterygius	Uropterygius kamar
ASV0761	LC278140.2.<1.887###root_1;Eukaryota_2759;Chordata_7711;Actinopteri_186623;Blenniiformes_1489921;Blenniidae_56718;Cirripectes_703910;Cirripectes_polyzona_879475	98.974	195	100	7.97e-96	350	species	Eukaryota	Chordata	Actinopteri	Blenniiformes	Blenniidae	Cirripectes	Cirripectes polyzona
ASV0762	OP718222.1.70.1023###root_1;Eukaryota_2759;Chordata_7711;Actinopteri_186623;Syngnathiformes_129912;Mullidae_30854;Parupeneus_334899;Parupeneus_biaculeatus_2862834	93.909	197	100	1.05e-79	296	family	Eukaryota	Chordata	Actinopteri	Syngnathiformes	Mullidae	NA	NA
ASV0763	PV053466.1.<1.>167###root_1;Eukaryota_2759;Chordata_7711;Actinopteri_186623;Blenniiformes_1489921;Blenniidae_56718;Entomacrodus_57795;Entomacrodus_thalassinus_1892334	95.21	167	86	2.95e-70	265	genus	Eukaryota	Chordata	Actinopteri	Blenniiformes	Blenniidae	Entomacrodus	Entomacrodus sp.
ASV0764	LC649158.1.<1.813###root_1;Eukaryota_2759;Chordata_7711;Actinopteri_186623;Anguilliformes_7933;Ophichthidae_54912;Myrichthys_182434;Myrichthys_colubrinus_1156119	100	199	100	2.25e-101	368	species	Eukaryota	Chordata	Actinopteri	Anguilliformes	Ophichthidae	Myrichthys	Myrichthys colubrinus
ASV0765	MZ598359.1.<1.>170###root_1;Eukaryota_2759;Chordata_7711;Actinopteri_186623;Anguilliformes_7933;Muraenidae_46660;Uropterygius_189495;Uropterygius_alboguttatus_1156147	97.647	170	86	1.38e-78	292	genus	Eukaryota	Chordata	Actinopteri	Anguilliformes	Muraenidae	Uropterygius	Uropterygius sp.
ASV0766	OQ883823.1.<1.>171###root_1;Eukaryota_2759;Chordata_7711;Actinopteri_186623;Myctophiformes_68514;Myctophidae_68515;Bolinichthys_123244;Bolinichthys_photothorax_1519956	99.415	171	86	3.83e-84	311	species	Eukaryota	Chordata	Actinopteri	Myctophiformes	Myctophidae	Bolinichthys	Bolinichthys photothorax
ASV0767	LC557096.2.<1.887###root_1;Eukaryota_2759;Chordata_7711;Actinopteri_186623;Gobiiformes_1489878;Gobiidae_8220;Bryaninops_595626;Bryaninops_yongei_990214	87.179	195	100	6.48e-57	220	order	Eukaryota	Chordata	Actinopteri	Gobiiformes	NA	NA	NA
ASV0768	OP035107.2.70.1024###root_1;Eukaryota_2759;Chordata_7711;Actinopteri_186623;Syngnathiformes_129912;Mullidae_30854;Mulloidichthys_342442;Mulloidichthys_flavolineatus_652446	92.857	196	99	2.31e-76	285	family	Eukaryota	Chordata	Actinopteri	Syngnathiformes	Mullidae	NA	NA
ASV0769	OP035224.1.69.1019###root_1;Eukaryota_2759;Chordata_7711;Actinopteri_186623;Acanthuriformes_1489937;Acanthuridae_29146;Acanthurus_12912;Acanthurus_blochii_238050	99.492	197	100	1.34e-98	359	species	Eukaryota	Chordata	Actinopteri	Acanthuriformes	Acanthuridae	Acanthurus	Acanthurus blochii
ASV0770	OQ675586.1.70.1021###root_1;Eukaryota_2759;Chordata_7711;Actinopteri_186623;Anguilliformes_7933;Muraenidae_46660;Gymnothorax_121281;Gymnothorax_reticularis_189505	98	200	100	2.95e-95	348	species	Eukaryota	Chordata	Actinopteri	Anguilliformes	Muraenidae	Gymnothorax	Gymnothorax reticularis
ASV0771	LC649116.1.<1.889###root_1;Eukaryota_2759;Chordata_7711;Actinopteri_186623;Blenniiformes_1489921;Gobiesocidae_63826;Pherallodichthys_2740790;Pherallodichthys_meshimaensis_2873921	92.746	193	100	1.05e-74	279	family	Eukaryota	Chordata	Actinopteri	Blenniiformes	Gobiesocidae	NA	NA
ASV0772	LC327200.2.<1.945###root_1;Eukaryota_2759;Chordata_7711;Actinopteri_186623;Mugiliformes_41872;Mugilidae_8189;Planiliza_1935872;Planiliza_macrolepis_1111460	97.475	198	100	6.28e-92	337	genus	Eukaryota	Chordata	Actinopteri	Mugiliformes	Mugilidae	Planiliza	Planiliza sp.
ASV0773	LC874316.1.<1.699###root_1;Eukaryota_2759;Chordata_7711;Actinopteri_186623;Gobiiformes_1489878;Gobiidae_8220;Paragobiodon_264363;Paragobiodon_modestus_990229	92.386	197	99	1.40e-73	276	family	Eukaryota	Chordata	Actinopteri	Gobiiformes	Gobiidae	NA	NA
ASV0774	MK253669.1.69.1013###root_1;Eukaryota_2759;Chordata_7711;Actinopteri_186623;Gobiiformes_1489878;Gobiidae_8220;Acanthogobius_86196;Acanthogobius_hasta_267130	87.374	198	100	1.83e-57	222	order	Eukaryota	Chordata	Actinopteri	Gobiiformes	NA	NA	NA
ASV0775	OR575556.1.70.1041###root_1;Eukaryota_2759;Chordata_7711;Actinopteri_186623;Gobiiformes_1489878;Gobiidae_8220;Eviota_166746;Eviota_epiphanes_1248218	92.574	202	100	1.82e-77	289	family	Eukaryota	Chordata	Actinopteri	Gobiiformes	Gobiidae	NA	NA
ASV0776	LC026706.1.<1.>168###root_1;Eukaryota_2759;Chordata_7711;Actinopteri_186623;Perciformes_8111;Scorpaenidae_8108;Parascorpaena_626228;Parascorpaena_mossambica_1003773	92.857	168	86	3.87e-64	244	family	Eukaryota	Chordata	Actinopteri	Perciformes	Scorpaenidae	NA	NA
ASV0777	KT600962.1.<1.>761###root_1;Eukaryota_2759;Chordata_7711;Actinopteri_186623;Tetraodontiformes_31022;Monacanthidae_143346;Pervagor_392924;Pervagor_melanocephalus_586846	98.99	198	100	1.74e-97	355	species	Eukaryota	Chordata	Actinopteri	Tetraodontiformes	Monacanthidae	Pervagor	Pervagor melanocephalus
ASV0778	ON210977.1.69.1018###root_1;Eukaryota_2759;Chordata_7711;Actinopteri_186623;Acanthuriformes_1489937;Acanthuridae_29146;Acanthurus_12912;Acanthurus_triostegus_175435	98.985	197	100	6.23e-97	353	species	Eukaryota	Chordata	Actinopteri	Acanthuriformes	Acanthuridae	Acanthurus	Acanthurus triostegus
ASV0779	OP718224.1.70.1024###root_1;Eukaryota_2759;Chordata_7711;Actinopteri_186623;Syngnathiformes_129912;Mullidae_30854;Parupeneus_334899;Parupeneus_barberinus_475168	97.98	198	100	3.77e-94	344	genus	Eukaryota	Chordata	Actinopteri	Syngnathiformes	Mullidae	Parupeneus	Parupeneus sp.
ASV0780	OP035107.2.70.1024###root_1;Eukaryota_2759;Chordata_7711;Actinopteri_186623;Syngnathiformes_129912;Mullidae_30854;Mulloidichthys_342442;Mulloidichthys_flavolineatus_652446	99.492	197	100	1.34e-98	359	species	Eukaryota	Chordata	Actinopteri	Syngnathiformes	Mullidae	Mulloidichthys	Mulloidichthys flavolineatus
ASV0781	PV423372.1.70.1031###root_1;Eukaryota_2759;Chordata_7711;Actinopteri_186623;Pleuronectiformes_8252;Bothidae_8253;Bothus_94920;Bothus_mancus_1156090	100	198	100	8.05e-101	366	species	Eukaryota	Chordata	Actinopteri	Pleuronectiformes	Bothidae	Bothus	Bothus mancus
ASV0782	MT199208.1.70.1016###root_1;Eukaryota_2759;Chordata_7711;Actinopteri_186623;order_Pomacentridae_30863;Pomacentridae_30863;Chromis_80974;Chromis_viridis_80977	98.469	196	100	1.04e-94	346	species	Eukaryota	Chordata	Actinopteri	Pomacentridae	Pomacentridae	Chromis	Chromis viridis
ASV0783	AP018523.1.69.1020###root_1;Eukaryota_2759;Chordata_7711;Actinopteri_186623;Labriformes_1489928;Labridae_8247;Stethojulis_241347;Stethojulis_strigiventer_997987	97.949	195	100	6.17e-92	337	genus	Eukaryota	Chordata	Actinopteri	Labriformes	Labridae	Stethojulis	Stethojulis sp.
ASV0784	MZ411547.1.71.1027###root_1;Eukaryota_2759;Chordata_7711;Actinopteri_186623;Perciformes_8111;Serranidae_30871;Cephalopholis_91742;Cephalopholis_urodeta_160709	98.98	196	100	2.23e-96	351	species	Eukaryota	Chordata	Actinopteri	Perciformes	Serranidae	Cephalopholis	Cephalopholis urodeta
ASV0785	LC752880.1.<1.>552###root_1;Eukaryota_2759;Chordata_7711;Actinopteri_186623;Myctophiformes_68514;Myctophidae_68515;Bolinichthys_123244;Bolinichthys_indicus_473299	99.497	199	100	1.05e-99	363	species	Eukaryota	Chordata	Actinopteri	Myctophiformes	Myctophidae	Bolinichthys	Bolinichthys indicus
ASV0786	MW160687.1.70.1020###root_1;Eukaryota_2759;Chordata_7711;Actinopteri_186623;Anguilliformes_7933;Muraenidae_46660;Gymnothorax_121281;Gymnothorax_flavimarginatus_217850	99.49	196	100	4.79e-98	357	species	Eukaryota	Chordata	Actinopteri	Anguilliformes	Muraenidae	Gymnothorax	Gymnothorax flavimarginatus
ASV0787	MW160687.1.70.1020###root_1;Eukaryota_2759;Chordata_7711;Actinopteri_186623;Anguilliformes_7933;Muraenidae_46660;Gymnothorax_121281;Gymnothorax_flavimarginatus_217850	98.98	196	100	2.23e-96	351	species	Eukaryota	Chordata	Actinopteri	Anguilliformes	Muraenidae	Gymnothorax	Gymnothorax flavimarginatus
ASV0788	LC499365.1.<1.>458###root_1;Eukaryota_2759;Chordata_7711;Actinopteri_186623;Centrarchiformes_1489940;Cirrhitidae_76914;Paracirrhites_100205;Paracirrhites_arcatus_215373	99.015	203	100	1.07e-99	363	species	Eukaryota	Chordata	Actinopteri	Centrarchiformes	Cirrhitidae	Paracirrhites	Paracirrhites arcatus
ASV0789	OP035101.1.70.1021###root_1;Eukaryota_2759;Chordata_7711;Actinopteri_186623;Anguilliformes_7933;Muraenidae_46660;Gymnothorax_121281;Gymnothorax_chilospilus_473452	99	200	100	1.36e-98	359	species	Eukaryota	Chordata	Actinopteri	Anguilliformes	Muraenidae	Gymnothorax	Gymnothorax chilospilus
ASV0790	LC731801.1.<1.890###root_1;Eukaryota_2759;Chordata_7711;Actinopteri_186623;Holocentriformes_1490028;Holocentridae_47697;Sargocentron_47707;Sargocentron_diadema_47709	99.5	200	100	2.93e-100	364	species	Eukaryota	Chordata	Actinopteri	Holocentriformes	Holocentridae	Sargocentron	Sargocentron diadema
ASV0792	MW630192.1.<1.>841###root_1;Eukaryota_2759;Chordata_7711;Actinopteri_186623;order_Plesiopidae_30861;Plesiopidae_30861;Plesiops_270569;Plesiops_coeruleolineatus_1146978	99.49	196	100	4.79e-98	357	species	Eukaryota	Chordata	Actinopteri	Plesiopidae	Plesiopidae	Plesiops	Plesiops coeruleolineatus
ASV0793	LC092055.2.<1.894###root_1;Eukaryota_2759;Chordata_7711;Actinopteri_186623;Gobiiformes_1489878;Gobiidae_8220;Bathygobius_163631;Bathygobius_cocosensis_166735	97.462	197	100	6.28e-92	337	genus	Eukaryota	Chordata	Actinopteri	Gobiiformes	Gobiidae	Bathygobius	Bathygobius sp.
ASV0794	FJ618559.1.70.1018###root_1;Eukaryota_2759;Chordata_7711;Actinopteri_186623;order_Sciaenidae_30870;Sciaenidae_30870;Larimichthys_215357;Larimichthys_polyactis_334908	85.354	198	100	8.54e-51	200	order	Eukaryota	Chordata	Actinopteri	Sciaenidae	NA	NA	NA
ASV0795	LC519454.2.<1.887###root_1;Eukaryota_2759;Chordata_7711;Actinopteri_186623;Lophiiformes_8070;Antennariidae_241819;Antennarius_242978;Antennarius_commerson_586775	100	197	100	2.88e-100	364	species	Eukaryota	Chordata	Actinopteri	Lophiiformes	Antennariidae	Antennarius	Antennarius commerson
ASV0796	LC589582.1.<1.>489###root_1;Eukaryota_2759;Chordata_7711;Actinopteri_186623;Centrarchiformes_1489940;Kuhliidae_30842;Kuhlia_163136;Kuhlia_mugil_163137	100	195	100	3.68e-99	361	species	Eukaryota	Chordata	Actinopteri	Centrarchiformes	Kuhliidae	Kuhlia	Kuhlia mugil
ASV0797	OQ883823.1.<1.>171###root_1;Eukaryota_2759;Chordata_7711;Actinopteri_186623;Myctophiformes_68514;Myctophidae_68515;Bolinichthys_123244;Bolinichthys_photothorax_1519956	99.415	171	86	3.83e-84	311	species	Eukaryota	Chordata	Actinopteri	Myctophiformes	Myctophidae	Bolinichthys	Bolinichthys photothorax
ASV0798	AP019346.1.69.1027###root_1;Eukaryota_2759;Chordata_7711;Actinopteri_186623;Gobiiformes_1489878;Gobiidae_8220;Gobiodon_150299;Gobiodon_micropus_1642129	94.416	197	100	6.37e-82	303	family	Eukaryota	Chordata	Actinopteri	Gobiiformes	Gobiidae	NA	NA
ASV0799	LC026724.1.<1.>168###root_1;Eukaryota_2759;Chordata_7711;Actinopteri_186623;Perciformes_8111;Scorpaenidae_8108;Scorpaenopsis_163119;Scorpaenopsis_vittapinna_435222	98.81	168	86	8.14e-81	300	species	Eukaryota	Chordata	Actinopteri	Perciformes	Scorpaenidae	Scorpaenopsis	Scorpaenopsis vittapinna
ASV0800	OR546225.1.70.1021###root_1;Eukaryota_2759;Chordata_7711;Actinopteri_186623;Anguilliformes_7933;Muraenidae_46660;Gymnothorax_121281;Gymnothorax_monostigma_3028464	98.98	196	100	2.23e-96	351	species	Eukaryota	Chordata	Actinopteri	Anguilliformes	Muraenidae	Gymnothorax	Gymnothorax monostigma
ASV0801	KT600965.1.<1.>764###root_1;Eukaryota_2759;Chordata_7711;Actinopteri_186623;Tetraodontiformes_31022;Balistidae_31024;Pseudobalistes_303694;Pseudobalistes_fuscus_303695	99.495	198	100	3.75e-99	361	species	Eukaryota	Chordata	Actinopteri	Tetraodontiformes	Balistidae	Pseudobalistes	Pseudobalistes fuscus
ASV0802	LC340293.1.<1.>170###root_1;Eukaryota_2759;Chordata_7711;Actinopteri_186623;Pleuronectiformes_8252;Soleidae_30948;Aseraggodes_195595;Aseraggodes_cheni_2057068	98.824	170	86	6.37e-82	303	species	Eukaryota	Chordata	Actinopteri	Pleuronectiformes	Soleidae	Aseraggodes	Aseraggodes cheni
ASV0803	LC649115.1.<1.887###root_1;Eukaryota_2759;Chordata_7711;Actinopteri_186623;Anguilliformes_7933;Muraenidae_46660;Gymnothorax_121281;Gymnothorax_meleagris_473458	93.878	196	100	3.79e-79	294	family	Eukaryota	Chordata	Actinopteri	Anguilliformes	Muraenidae	NA	NA
ASV0804	FJ416614.1.69.1020###root_1;Eukaryota_2759;Chordata_7711;Actinopteri_186623;Lutjaniformes_2024539;Lutjanidae_30850;Lutjanus_40493;Lutjanus_kasmira_396787	98.98	196	100	2.23e-96	351	species	Eukaryota	Chordata	Actinopteri	Lutjaniformes	Lutjanidae	Lutjanus	Lutjanus kasmira
ASV0805	OR581024.1.69.1022###root_1;Eukaryota_2759;Chordata_7711;Actinopteri_186623;Gobiiformes_1489878;Gobiidae_8220;Priolepis_166756;Priolepis_semidoliata_1156130	97.959	196	100	4.82e-93	340	genus	Eukaryota	Chordata	Actinopteri	Gobiiformes	Gobiidae	Priolepis	Priolepis sp.
ASV0806	AY279589.1.<1.>936###root_1;Eukaryota_2759;Chordata_7711;Actinopteri_186623;Labriformes_1489928;Labridae_8247;Coris_126328;Coris_aygula_241280	99.485	194	100	6.12e-97	353	species	Eukaryota	Chordata	Actinopteri	Labriformes	Labridae	Coris	Coris aygula
ASV0807	LC780147.1.<1.895###root_1;Eukaryota_2759;Chordata_7711;Actinopteri_186623;Gobiiformes_1489878;Gobiidae_8220;Gnatholepis_151727;Gnatholepis_anjerensis_194857	99.485	194	100	6.12e-97	353	species	Eukaryota	Chordata	Actinopteri	Gobiiformes	Gobiidae	Gnatholepis	Gnatholepis anjerensis
ASV0808	MW560469.1.70.1023###root_1;Eukaryota_2759;Chordata_7711;Actinopteri_186623;Perciformes_8111;Serranidae_30871;Epinephelus_94231;Epinephelus_hexagonatus_163121	98.98	196	100	2.23e-96	351	species	Eukaryota	Chordata	Actinopteri	Perciformes	Serranidae	Epinephelus	Epinephelus hexagonatus
ASV0809	LC584263.1.<1.>545###root_1;Eukaryota_2759;Chordata_7711;Actinopteri_186623;Kurtiformes_1489876;Apogonidae_83881;Ostorhinchus_638290;Ostorhinchus_taeniophorus_247547	98.462	195	100	3.71e-94	344	species	Eukaryota	Chordata	Actinopteri	Kurtiformes	Apogonidae	Ostorhinchus	Ostorhinchus taeniophorus
ASV0810	MW145336.1.70.1020###root_1;Eukaryota_2759;Chordata_7711;Actinopteri_186623;Anguilliformes_7933;Muraenidae_46660;Gymnothorax_121281;Gymnothorax_javanicus_473457	98.469	196	100	1.04e-94	346	species	Eukaryota	Chordata	Actinopteri	Anguilliformes	Muraenidae	Gymnothorax	Gymnothorax javanicus
ASV0811	MT199208.1.70.1016###root_1;Eukaryota_2759;Chordata_7711;Actinopteri_186623;order_Pomacentridae_30863;Pomacentridae_30863;Chromis_80974;Chromis_viridis_80977	94.898	196	100	4.89e-83	307	family	Eukaryota	Chordata	Actinopteri	Pomacentridae	Pomacentridae	NA	NA
ASV0812	LC859626.1.<1.898###root_1;Eukaryota_2759;Chordata_7711;Actinopteri_186623;Gobiiformes_1489878;Gobiidae_8220;Pleurosicya_595629;Pleurosicya_muscarum_3053116	92.308	195	99	3.84e-74	278	family	Eukaryota	Chordata	Actinopteri	Gobiiformes	Gobiidae	NA	NA
ASV0813	LC778704.1.<1.886###root_1;Eukaryota_2759;Chordata_7711;Actinopteri_186623;Labriformes_1489928;Labridae_8247;Labroides_241307;Labroides_dimidiatus_241309	99.49	196	100	4.79e-98	357	species	Eukaryota	Chordata	Actinopteri	Labriformes	Labridae	Labroides	Labroides dimidiatus
ASV0814	AY700280.1.<1.>794###root_1;Eukaryota_2759;Chordata_7711;Actinopteri_186623;Tetraodontiformes_31022;Tetraodontidae_31031;Canthigaster_223138;Canthigaster_jactator_223139	100	199	100	2.25e-101	368	species	Eukaryota	Chordata	Actinopteri	Tetraodontiformes	Tetraodontidae	Canthigaster	Canthigaster jactator
ASV0815	OR148895.1.11122.12069###root_1;Eukaryota_2759;Chordata_7711;Actinopteri_186623;Holocentriformes_1490028;Holocentridae_47697;Myripristis_47699;Myripristis_murdjan_586833	99.495	198	100	3.75e-99	361	species	Eukaryota	Chordata	Actinopteri	Holocentriformes	Holocentridae	Myripristis	Myripristis murdjan
ASV0816	AB049981.1.1.675###root_1;Eukaryota_2759;Chordata_7711;Actinopteri_186623;Elopiformes_7925;Megalopidae_7930;Megalops_7931;Megalops_cyprinoides_118141	100	203	100	1.38e-103	375	species	Eukaryota	Chordata	Actinopteri	Elopiformes	Megalopidae	Megalops	Megalops cyprinoides
ASV0817	FJ616386.1.<1.>908###root_1;Eukaryota_2759;Chordata_7711;Actinopteri_186623;order_Pomacentridae_30863;Pomacentridae_30863;Plectroglyphidodon_80986;Plectroglyphidodon_fasciolatus_80994	99.492	197	100	1.34e-98	359	species	Eukaryota	Chordata	Actinopteri	Pomacentridae	Pomacentridae	Plectroglyphidodon	Plectroglyphidodon fasciolatus
ASV0818	AY279626.1.<1.>932###root_1;Eukaryota_2759;Chordata_7711;Actinopteri_186623;Labriformes_1489928;Labridae_8247;Novaculoides_315408;Novaculoides_macrolepidotus_241323	92.893	197	100	2.29e-76	285	family	Eukaryota	Chordata	Actinopteri	Labriformes	Labridae	NA	NA
ASV0819	LC739786.1.<1.888###root_1;Eukaryota_2759;Chordata_7711;Actinopteri_186623;Blenniiformes_1489921;Blenniidae_56718;Petroscirtes_57846;Petroscirtes_mitratus_879517	96.429	196	100	1.74e-87	322	genus	Eukaryota	Chordata	Actinopteri	Blenniiformes	Blenniidae	Petroscirtes	Petroscirtes sp.
ASV0821	LC618832.1.<1.940###root_1;Eukaryota_2759;Chordata_7711;Actinopteri_186623;Carangiformes_1489907;Carangidae_8157;Ferdauia_3040446;Ferdauia_ferdau_3040454	100	196	100	1.03e-99	363	species	Eukaryota	Chordata	Actinopteri	Carangiformes	Carangidae	Ferdauia	Ferdauia ferdau
ASV0822	OR148896.1.11122.12070###root_1;Eukaryota_2759;Chordata_7711;Actinopteri_186623;Holocentriformes_1490028;Holocentridae_47697;Myripristis_47699;Myripristis_violacea_47701	100	198	100	8.05e-101	366	species	Eukaryota	Chordata	Actinopteri	Holocentriformes	Holocentridae	Myripristis	Myripristis violacea
ASV0823	LC104454.2.<1.875###root_1;Eukaryota_2759;Chordata_7711;Actinopteri_186623;Syngnathiformes_129912;Syngnathidae_72045;Bulbonaricus_1772062;Bulbonaricus_brucei_1772063	90.206	194	100	2.30e-66	252	family	Eukaryota	Chordata	Actinopteri	Syngnathiformes	Syngnathidae	NA	NA
ASV0824	OP035194.1.69.1021###root_1;Eukaryota_2759;Chordata_7711;Actinopteri_186623;Perciformes_8111;Scorpaenidae_8108;Scorpaenopsis_163119;Scorpaenopsis_diabolus_700668	98.974	195	100	7.97e-96	350	species	Eukaryota	Chordata	Actinopteri	Perciformes	Scorpaenidae	Scorpaenopsis	Scorpaenopsis diabolus
ASV0825	AY279626.1.<1.>932###root_1;Eukaryota_2759;Chordata_7711;Actinopteri_186623;Labriformes_1489928;Labridae_8247;Novaculoides_315408;Novaculoides_macrolepidotus_241323	95.431	197	100	1.06e-84	313	genus	Eukaryota	Chordata	Actinopteri	Labriformes	Labridae	Novaculoides	Novaculoides sp.
ASV0826	LC774637.1.<1.888###root_1;Eukaryota_2759;Chordata_7711;Actinopteri_186623;order_Sphyraenidae_27769;Sphyraenidae_27769;Sphyraena_13691;Sphyraena_forsteri_392543	100	197	100	2.88e-100	364	species	Eukaryota	Chordata	Actinopteri	Sphyraenidae	Sphyraenidae	Sphyraena	Sphyraena forsteri
ASV0827	LC719518.1.<1.>165###root_1;Eukaryota_2759;Chordata_7711;Actinopteri_186623;Stomiiformes_48438;Gonostomatidae_48439;Cyclothone_48440;Cyclothone_alba_48442	90.909	165	86	1.78e-57	222	family	Eukaryota	Chordata	Actinopteri	Stomiiformes	Gonostomatidae	NA	NA
ASV0828	LC506654.2.<1.889###root_1;Eukaryota_2759;Chordata_7711;Actinopteri_186623;Perciformes_8111;Scorpaenidae_8108;Scorpaena_72113;Scorpaena_onaria_206132	88.718	195	100	1.80e-62	239	order	Eukaryota	Chordata	Actinopteri	Perciformes	NA	NA	NA
ASV0829	ON210977.1.69.1018###root_1;Eukaryota_2759;Chordata_7711;Actinopteri_186623;Acanthuriformes_1489937;Acanthuridae_29146;Acanthurus_12912;Acanthurus_triostegus_175435	97.97	197	100	1.35e-93	342	genus	Eukaryota	Chordata	Actinopteri	Acanthuriformes	Acanthuridae	Acanthurus	Acanthurus sp.
ASV0830	PV704610.1.70.1014###root_1;Eukaryota_2759;Chordata_7711;Actinopteri_186623;Stomiiformes_48438;Stomiidae_123351;Stomias_320410;Stomias_boa_472766	94.898	196	100	1.75e-82	305	family	Eukaryota	Chordata	Actinopteri	Stomiiformes	Stomiidae	NA	NA
ASV0831	AP009616.1.70.1025###root_1;Eukaryota_2759;Chordata_7711;Actinopteri_186623;Clupeiformes_32446;Engraulidae_43062;Thryssa_435228;Thryssa_baelama_501720	99.5	200	100	2.93e-100	364	species	Eukaryota	Chordata	Actinopteri	Clupeiformes	Engraulidae	Thryssa	Thryssa baelama
ASV0832	MH248200.1.<1.>658###root_1;Eukaryota_2759;Chordata_7711;Actinopteri_186623;Gobiiformes_1489878;Gobiidae_8220;Valenciennea_150331;Valenciennea_sexguttata_586873	99.485	194	100	6.12e-97	353	species	Eukaryota	Chordata	Actinopteri	Gobiiformes	Gobiidae	Valenciennea	Valenciennea sexguttata
ASV0833	OR575550.1.70.1017###root_1;Eukaryota_2759;Chordata_7711;Actinopteri_186623;Anguilliformes_7933;Muraenidae_46660;Gymnomuraena_876648;Gymnomuraena_zebra_876649	99.492	197	100	1.34e-98	359	species	Eukaryota	Chordata	Actinopteri	Anguilliformes	Muraenidae	Gymnomuraena	Gymnomuraena zebra
ASV0834	OP035107.2.70.1024###root_1;Eukaryota_2759;Chordata_7711;Actinopteri_186623;Syngnathiformes_129912;Mullidae_30854;Mulloidichthys_342442;Mulloidichthys_flavolineatus_652446	98.985	197	100	6.23e-97	353	species	Eukaryota	Chordata	Actinopteri	Syngnathiformes	Mullidae	Mulloidichthys	Mulloidichthys flavolineatus
ASV0835	LC630821.1.<1.950###root_1;Eukaryota_2759;Chordata_7711;Actinopteri_186623;Gobiiformes_1489878;Gobiidae_8220;Hazeus_1976951;Hazeus_otakii_2507729	92.308	195	100	3.81e-74	278	family	Eukaryota	Chordata	Actinopteri	Gobiiformes	Gobiidae	NA	NA
ASV0836	JX242930.1.<1.>814###root_1;Eukaryota_2759;Chordata_7711;Actinopteri_186623;Anguilliformes_7933;Muraenidae_46660;Gymnothorax_121281;Gymnothorax_richardsonii_876637	99.487	195	100	1.71e-97	355	species	Eukaryota	Chordata	Actinopteri	Anguilliformes	Muraenidae	Gymnothorax	Gymnothorax richardsonii
ASV0837	LC499365.1.<1.>458###root_1;Eukaryota_2759;Chordata_7711;Actinopteri_186623;Centrarchiformes_1489940;Cirrhitidae_76914;Paracirrhites_100205;Paracirrhites_arcatus_215373	99.015	203	100	1.07e-99	363	species	Eukaryota	Chordata	Actinopteri	Centrarchiformes	Cirrhitidae	Paracirrhites	Paracirrhites arcatus
ASV0838	LC739785.1.<1.892###root_1;Eukaryota_2759;Chordata_7711;Actinopteri_186623;Gobiiformes_1489878;Gobiidae_8220;Asterropteryx_151712;Asterropteryx_semipunctata_151713	98.454	194	100	1.33e-93	342	species	Eukaryota	Chordata	Actinopteri	Gobiiformes	Gobiidae	Asterropteryx	Asterropteryx semipunctata
ASV0839	MW630248.1.<1.>827###root_1;Eukaryota_2759;Chordata_7711;Actinopteri_186623;order_Pomacentridae_30863;Pomacentridae_30863;Plectroglyphidodon_80986;Plectroglyphidodon_johnstonianus_997975	97.487	199	100	1.77e-92	339	genus	Eukaryota	Chordata	Actinopteri	Pomacentridae	Pomacentridae	Plectroglyphidodon	Plectroglyphidodon sp.
ASV0840	FJ616363.1.<1.>945###root_1;Eukaryota_2759;Chordata_7711;Actinopteri_186623;order_Pomacentridae_30863;Pomacentridae_30863;Plectroglyphidodon_80986;Plectroglyphidodon_leucozona_3359602	98.477	197	100	2.90e-95	348	species	Eukaryota	Chordata	Actinopteri	Pomacentridae	Pomacentridae	Plectroglyphidodon	Plectroglyphidodon leucozona
ASV0841	KY815349.1.<1.>879###root_1;Eukaryota_2759;Chordata_7711;Actinopteri_186623;Labriformes_1489928;Labridae_8247;Thalassoma_76337;Thalassoma_lutescens_239049	98.969	194	100	2.85e-95	348	species	Eukaryota	Chordata	Actinopteri	Labriformes	Labridae	Thalassoma	Thalassoma lutescens
ASV0842	OP056979.1.69.1011###root_1;Eukaryota_2759;Chordata_7711;Actinopteri_186623;Aulopiformes_68510;Synodontidae_81390;Synodus_81391;Synodus_binotatus_1068868	92.821	195	100	8.20e-76	283	family	Eukaryota	Chordata	Actinopteri	Aulopiformes	Synodontidae	NA	NA
ASV0843	KT600968.1.<1.>764###root_1;Eukaryota_2759;Chordata_7711;Actinopteri_186623;Tetraodontiformes_31022;Balistidae_31024;Rhinecanthus_245704;Rhinecanthus_aculeatus_245705	99.495	198	100	3.75e-99	361	species	Eukaryota	Chordata	Actinopteri	Tetraodontiformes	Balistidae	Rhinecanthus	Rhinecanthus aculeatus
ASV0844	AP005983.1.69.1007###root_1;Eukaryota_2759;Chordata_7711;Actinopteri_186623;Syngnathiformes_129912;Pegasidae_215337;Eurypegasus_215338;Eurypegasus_draconis_215339	100	195	100	3.68e-99	361	species	Eukaryota	Chordata	Actinopteri	Syngnathiformes	Pegasidae	Eurypegasus	Eurypegasus draconis
ASV0845	PV434815.1.69.1008###root_1;Eukaryota_2759;Chordata_7711;Actinopteri_186623;Aulopiformes_68510;Synodontidae_81390;Saurida_143309;Saurida_gracilis_990639	95.833	192	100	3.69e-84	311	genus	Eukaryota	Chordata	Actinopteri	Aulopiformes	Synodontidae	Saurida	Saurida sp.
ASV0846	MZ598087.1.<1.>167###root_1;Eukaryota_2759;Chordata_7711;Actinopteri_186623;Blenniiformes_1489921;Blenniidae_56718;Stanulus_1156474;Stanulus_seychellensis_1156475	93.413	167	86	2.99e-65	248	family	Eukaryota	Chordata	Actinopteri	Blenniiformes	Blenniidae	NA	NA
ASV0847	AP006029.1.69.1001###root_1;Eukaryota_2759;Chordata_7711;Actinopteri_186623;Gobiiformes_1489878;Schindleriidae_30918;Schindleria_166781;Schindleria_praematura_166783	90.722	194	100	4.91e-68	257	family	Eukaryota	Chordata	Actinopteri	Gobiiformes	Schindleriidae	NA	NA
ASV0848	AP006794.1.69.1022###root_1;Eukaryota_2759;Chordata_7711;Actinopteri_186623;Perciformes_8111;Serranidae_30871;Grammistes_270575;Grammistes_sexlineatus_270576	99.49	196	100	4.79e-98	357	species	Eukaryota	Chordata	Actinopteri	Perciformes	Serranidae	Grammistes	Grammistes sexlineatus
ASV0849	EU885919.1.<1.>890###root_1;Eukaryota_2759;Chordata_7711;Actinopteri_186623;Labriformes_1489928;Labridae_8247;Epibulus_241288;Epibulus_insidiator_241289	100	196	100	1.03e-99	363	species	Eukaryota	Chordata	Actinopteri	Labriformes	Labridae	Epibulus	Epibulus insidiator
ASV0850	OP035065.1.69.1017###root_1;Eukaryota_2759;Chordata_7711;Actinopteri_186623;Holocentriformes_1490028;Holocentridae_47697;Plectrypops_753650;Plectrypops_lima_753651	100	198	100	8.05e-101	366	species	Eukaryota	Chordata	Actinopteri	Holocentriformes	Holocentridae	Plectrypops	Plectrypops lima
ASV0851	OP035076.1.69.1018###root_1;Eukaryota_2759;Chordata_7711;Actinopteri_186623;Holocentriformes_1490028;Holocentridae_47697;Sargocentron_47707;Sargocentron_punctatissimum_47711	98.985	197	100	6.23e-97	353	species	Eukaryota	Chordata	Actinopteri	Holocentriformes	Holocentridae	Sargocentron	Sargocentron punctatissimum
ASV0852	AP009163.1.69.1018###root_1;Eukaryota_2759;Chordata_7711;Actinopteri_186623;Acanthuriformes_1489937;Acanthuridae_29146;Naso_75027;Naso_lopezi_238060	99.492	197	100	1.34e-98	359	species	Eukaryota	Chordata	Actinopteri	Acanthuriformes	Acanthuridae	Naso	Naso lopezi
ASV0853	OP645385.1.70.1017###root_1;Eukaryota_2759;Chordata_7711;Actinopteri_186623;Anguilliformes_7933;Muraenidae_46660;Gymnothorax_121281;Gymnothorax_eurostus_473453	100	196	100	1.03e-99	363	species	Eukaryota	Chordata	Actinopteri	Anguilliformes	Muraenidae	Gymnothorax	Gymnothorax eurostus
ASV0854	KU360727.1.70.1012###root_1;Eukaryota_2759;Chordata_7711;Actinopteri_186623;Beloniformes_76071;Exocoetidae_76072;Cheilopogon_293908;Cheilopogon_unicolor_933979	98.469	196	100	1.04e-94	346	species	Eukaryota	Chordata	Actinopteri	Beloniformes	Exocoetidae	Cheilopogon	Cheilopogon unicolor
ASV0855	OR582716.1.69.1018###root_1;Eukaryota_2759;Chordata_7711;Actinopteri_186623;Labriformes_1489928;Labridae_8247;Cymolutes_241283;Cymolutes_torquatus_241285	96.954	197	100	1.04e-89	329	genus	Eukaryota	Chordata	Actinopteri	Labriformes	Labridae	Cymolutes	Cymolutes sp.
ASV0856	OP035104.1.69.1018###root_1;Eukaryota_2759;Chordata_7711;Actinopteri_186623;Blenniiformes_1489921;Blenniidae_56718;Exallias_1147084;Exallias_brevis_1147085	99.487	195	100	1.71e-97	355	species	Eukaryota	Chordata	Actinopteri	Blenniiformes	Blenniidae	Exallias	Exallias brevis
ASV0857	LC278239.1.<1.>168###root_1;Eukaryota_2759;Chordata_7711;Actinopteri_186623;Gobiiformes_1489878;Gobiidae_8220;Oplopomus_622426;Oplopomus_oplopomus_622427	99.405	168	86	1.75e-82	305	species	Eukaryota	Chordata	Actinopteri	Gobiiformes	Gobiidae	Oplopomus	Oplopomus oplopomus
ASV0858	KT600971.1.<1.>764###root_1;Eukaryota_2759;Chordata_7711;Actinopteri_186623;Tetraodontiformes_31022;Balistidae_31024;Rhinecanthus_245704;Rhinecanthus_rectangulus_480297	97.475	198	100	1.76e-92	339	genus	Eukaryota	Chordata	Actinopteri	Tetraodontiformes	Balistidae	Rhinecanthus	Rhinecanthus sp.
ASV0859	MW630153.1.<1.>846###root_1;Eukaryota_2759;Chordata_7711;Actinopteri_186623;Labriformes_1489928;Labridae_8247;Hemigymnus_241302;Hemigymnus_fasciatus_290114	98.462	195	100	3.71e-94	344	species	Eukaryota	Chordata	Actinopteri	Labriformes	Labridae	Hemigymnus	Hemigymnus fasciatus
ASV0860	MH248178.1.<1.>666###root_1;Eukaryota_2759;Chordata_7711;Actinopteri_186623;Gobiiformes_1489878;Gobiidae_8220;Eviota_166746;Eviota_guttata_595618	99.487	195	100	1.71e-97	355	species	Eukaryota	Chordata	Actinopteri	Gobiiformes	Gobiidae	Eviota	Eviota guttata
ASV0861	LC021252.2.<1.891###root_1;Eukaryota_2759;Chordata_7711;Actinopteri_186623;Holocentriformes_1490028;Holocentridae_47697;Sargocentron_47707;Sargocentron_caudimaculatum_88714	98.492	199	100	2.27e-96	351	species	Eukaryota	Chordata	Actinopteri	Holocentriformes	Holocentridae	Sargocentron	Sargocentron caudimaculatum
ASV0862	LC649154.1.<1.891###root_1;Eukaryota_2759;Chordata_7711;Actinopteri_186623;Gobiiformes_1489878;Gobiidae_8220;Pleurosicya_595629;Pleurosicya_micheli_595630	95.385	195	100	1.35e-83	309	genus	Eukaryota	Chordata	Actinopteri	Gobiiformes	Gobiidae	Pleurosicya	Pleurosicya sp.
ASV0863	OP650210.1.69.1021###root_1;Eukaryota_2759;Chordata_7711;Actinopteri_186623;Gobiiformes_1489878;Gobiidae_8220;Callogobius_166738;Callogobius_nigromarginatus_3027577	98.969	194	100	2.85e-95	348	species	Eukaryota	Chordata	Actinopteri	Gobiiformes	Gobiidae	Callogobius	Callogobius nigromarginatus
ASV0864	LC519480.1.<1.>169###root_1;Eukaryota_2759;Chordata_7711;Actinopteri_186623;Kurtiformes_1489876;Apogonidae_83881;Foa_1147086;Foa_fo_2699432	99.408	169	86	4.89e-83	307	species	Eukaryota	Chordata	Actinopteri	Kurtiformes	Apogonidae	Foa	Foa fo
ASV0865	OR575555.1.71.1018###root_1;Eukaryota_2759;Chordata_7711;Actinopteri_186623;Anguilliformes_7933;Muraenidae_46660;Uropterygius_189495;Uropterygius_macrocephalus_876643	99.495	198	100	3.75e-99	361	species	Eukaryota	Chordata	Actinopteri	Anguilliformes	Muraenidae	Uropterygius	Uropterygius macrocephalus
ASV0866	OP035061.1.69.1040###root_1;Eukaryota_2759;Chordata_7711;Actinopteri_186623;Centrarchiformes_1489940;Cirrhitidae_76914;Amblycirrhitus_390301;Amblycirrhitus_bimacula_529471	97.087	206	100	3.05e-95	348	genus	Eukaryota	Chordata	Actinopteri	Centrarchiformes	Cirrhitidae	Amblycirrhitus	Amblycirrhitus sp.
ASV0867	LC794223.1.<1.>768###root_1;Eukaryota_2759;Chordata_7711;Actinopteri_186623;Stomiiformes_48438;Gonostomatidae_48439;Cyclothone_48440;Cyclothone_atraria_48443	86.598	194	100	1.08e-54	213	order	Eukaryota	Chordata	Actinopteri	Stomiiformes	NA	NA	NA
ASV0868	MT954104.1.70.1016###root_1;Eukaryota_2759;Chordata_7711;Actinopteri_186623;order_Pomacentridae_30863;Pomacentridae_30863;Abudefduf_36213;Abudefduf_vaigiensis_192871	96.447	197	100	4.86e-88	324	genus	Eukaryota	Chordata	Actinopteri	Pomacentridae	Pomacentridae	Abudefduf	Abudefduf sp.
ASV0869	MZ411547.1.71.1027###root_1;Eukaryota_2759;Chordata_7711;Actinopteri_186623;Perciformes_8111;Serranidae_30871;Cephalopholis_91742;Cephalopholis_urodeta_160709	100	196	100	1.03e-99	363	species	Eukaryota	Chordata	Actinopteri	Perciformes	Serranidae	Cephalopholis	Cephalopholis urodeta
ASV0870	LC812909.1.<1.895###root_1;Eukaryota_2759;Chordata_7711;Actinopteri_186623;Aulopiformes_68510;Notosudidae_172126;Scopelosaurus_172127;Scopelosaurus_harryi_319750	96	200	100	1.38e-88	326	genus	Eukaryota	Chordata	Actinopteri	Aulopiformes	Notosudidae	Scopelosaurus	Scopelosaurus sp.
ASV0871	AP009169.1.69.1016###root_1;Eukaryota_2759;Chordata_7711;Actinopteri_186623;order_Monodactylidae_30853;Monodactylidae_30853;Monodactylus_334895;Monodactylus_argenteus_334896	97.449	196	100	2.24e-91	335	genus	Eukaryota	Chordata	Actinopteri	Monodactylidae	Monodactylidae	Monodactylus	Monodactylus sp.
ASV0872	LC499149.1.<1.>175###root_1;Eukaryota_2759;Chordata_7711;Actinopteri_186623;Ophidiiformes_94929;Bythitidae_181401;Dinematichthys_1147080;Dinematichthys_iluocoeteoides_1147081	94.286	175	87	8.54e-71	267	family	Eukaryota	Chordata	Actinopteri	Ophidiiformes	Bythitidae	NA	NA
ASV0873	EU601199.1.22.>926###root_1;Eukaryota_2759;Chordata_7711;Actinopteri_186623;Labriformes_1489928;Labridae_8247;Scarus_59660;Scarus_frenatus_126672	98.515	202	100	1.78e-97	355	species	Eukaryota	Chordata	Actinopteri	Labriformes	Labridae	Scarus	Scarus frenatus
ASV0874	LC499243.2.<1.892###root_1;Eukaryota_2759;Chordata_7711;Actinopteri_186623;Kurtiformes_1489876;Apogonidae_83881;Pseudamiops_475183;Pseudamiops_gracilicauda_1156134	86.432	199	100	1.10e-54	213	order	Eukaryota	Chordata	Actinopteri	Kurtiformes	NA	NA	NA
ASV0875	LC654222.1.<1.892###root_1;Eukaryota_2759;Chordata_7711;Actinopteri_186623;Chaetodontiformes_1545895;Chaetodontidae_30828;Heniochus_109916;Heniochus_acuminatus_109917	97.97	197	100	1.35e-93	342	genus	Eukaryota	Chordata	Actinopteri	Chaetodontiformes	Chaetodontidae	Heniochus	Heniochus sp.
ASV0876	LC649116.1.<1.889###root_1;Eukaryota_2759;Chordata_7711;Actinopteri_186623;Blenniiformes_1489921;Gobiesocidae_63826;Pherallodichthys_2740790;Pherallodichthys_meshimaensis_2873921	93.264	193	100	2.25e-76	285	family	Eukaryota	Chordata	Actinopteri	Blenniiformes	Gobiesocidae	NA	NA
ASV0877	PP003397.1.70.1026###root_1;Eukaryota_2759;Chordata_7711;Actinopteri_186623;order_Pomacentridae_30863;Pomacentridae_30863;Pomacentrus_61808;Pomacentrus_coelestis_80955	100	197	100	2.88e-100	364	species	Eukaryota	Chordata	Actinopteri	Pomacentridae	Pomacentridae	Pomacentrus	Pomacentrus coelestis
ASV0878	LC744422.1.<1.892###root_1;Eukaryota_2759;Chordata_7711;Actinopteri_186623;Myctophiformes_68514;Myctophidae_68515;Lampanyctus_71159;Lampanyctus_alatus_885010	97.99	199	100	3.77e-94	344	genus	Eukaryota	Chordata	Actinopteri	Myctophiformes	Myctophidae	Lampanyctus	Lampanyctus sp.
ASV0879	LC579186.1.<1.>168###root_1;Eukaryota_2759;Chordata_7711;Actinopteri_186623;Blenniiformes_1489921;Blenniidae_56718;Mimoblennius_2100437;Mimoblennius_atrocinctus_2100438	95.152	165	85	3.84e-69	261	genus	Eukaryota	Chordata	Actinopteri	Blenniiformes	Blenniidae	Mimoblennius	Mimoblennius sp.
ASV0880	OP718221.1.69.1023###root_1;Eukaryota_2759;Chordata_7711;Actinopteri_186623;Syngnathiformes_129912;Mullidae_30854;Parupeneus_334899;Parupeneus_multifasciatus_626244	92.893	197	100	2.29e-76	285	family	Eukaryota	Chordata	Actinopteri	Syngnathiformes	Mullidae	NA	NA
ASV0882	PV185778.1.71.1026###root_1;Eukaryota_2759;Chordata_7711;Actinopteri_186623;Carangiformes_1489907;Carangidae_8157;Selar_146139;Selar_crumenophthalmus_146146	99.492	197	100	1.34e-98	359	species	Eukaryota	Chordata	Actinopteri	Carangiformes	Carangidae	Selar	Selar crumenophthalmus
ASV0883	AY279583.1.<1.>943###root_1;Eukaryota_2759;Chordata_7711;Actinopteri_186623;Labriformes_1489928;Labridae_8247;Cheilio_241272;Cheilio_inermis_241273	100	194	99	1.33e-98	359	species	Eukaryota	Chordata	Actinopteri	Labriformes	Labridae	Cheilio	Cheilio inermis
ASV0884	LC710272.1.<1.884###root_1;Eukaryota_2759;Chordata_7711;Actinopteri_186623;Gobiiformes_1489878;Gobiidae_8220;Yongeichthys_1515622;Yongeichthys_audax_3142696	85.052	194	100	3.04e-50	198	order	Eukaryota	Chordata	Actinopteri	Gobiiformes	NA	NA	NA
ASV0885	LC579310.2.<1.888###root_1;Eukaryota_2759;Chordata_7711;Actinopteri_186623;Gobiiformes_1489878;Gobiidae_8220;Valenciennea_150331;Valenciennea_randalli_2768283	97.423	194	100	2.87e-90	331	genus	Eukaryota	Chordata	Actinopteri	Gobiiformes	Gobiidae	Valenciennea	Valenciennea sp.
ASV0886	LC778704.1.<1.886###root_1;Eukaryota_2759;Chordata_7711;Actinopteri_186623;Labriformes_1489928;Labridae_8247;Labroides_241307;Labroides_dimidiatus_241309	98.469	196	100	1.04e-94	346	species	Eukaryota	Chordata	Actinopteri	Labriformes	Labridae	Labroides	Labroides dimidiatus
ASV0887	LC739786.1.<1.888###root_1;Eukaryota_2759;Chordata_7711;Actinopteri_186623;Blenniiformes_1489921;Blenniidae_56718;Petroscirtes_57846;Petroscirtes_mitratus_879517	95.408	196	100	3.76e-84	311	genus	Eukaryota	Chordata	Actinopteri	Blenniiformes	Blenniidae	Petroscirtes	Petroscirtes sp.
ASV0888	LC759646.1.<1.884###root_1;Eukaryota_2759;Chordata_7711;Actinopteri_186623;Stomiiformes_48438;Stomiidae_123351;Leptostomias_882838;Leptostomias_robustus_3033735	100	195	100	3.68e-99	361	species	Eukaryota	Chordata	Actinopteri	Stomiiformes	Stomiidae	Leptostomias	Leptostomias robustus
ASV0889	KU244260.1.922.1873###root_1;Eukaryota_2759;Chordata_7711;Actinopteri_186623;Acanthuriformes_1489937;Acanthuridae_29146;Ctenochaetus_75019;Ctenochaetus_striatus_175436	99.492	197	100	1.34e-98	359	species	Eukaryota	Chordata	Actinopteri	Acanthuriformes	Acanthuridae	Ctenochaetus	Ctenochaetus striatus
ASV0890	MG255109.1.<1.>515###root_1;Eukaryota_2759;Chordata_7711;Actinopteri_186623;Lutjaniformes_2024539;Lutjanidae_30850;Lutjanus_40493;Lutjanus_gibbus_396786	100	197	100	2.88e-100	364	species	Eukaryota	Chordata	Actinopteri	Lutjaniformes	Lutjanidae	Lutjanus	Lutjanus gibbus
ASV0891	LC519480.1.<1.>169###root_1;Eukaryota_2759;Chordata_7711;Actinopteri_186623;Kurtiformes_1489876;Apogonidae_83881;Foa_1147086;Foa_fo_2699432	98.225	169	86	1.06e-79	296	species	Eukaryota	Chordata	Actinopteri	Kurtiformes	Apogonidae	Foa	Foa fo
ASV0892	LC888376.1.<1.887###root_1;Eukaryota_2759;Chordata_7711;Actinopteri_186623;Anguilliformes_7933;Muraenidae_46660;Uropterygius_189495;Uropterygius_oligospondylus_3001033	90.404	198	100	1.40e-68	259	family	Eukaryota	Chordata	Actinopteri	Anguilliformes	Muraenidae	NA	NA
ASV0893	AB969913.2.<1.891###root_1;Eukaryota_2759;Chordata_7711;Actinopteri_186623;Blenniiformes_1489921;Blenniidae_56718;Entomacrodus_57795;Entomacrodus_striatus_879491	95.897	195	100	8.08e-86	316	genus	Eukaryota	Chordata	Actinopteri	Blenniiformes	Blenniidae	Entomacrodus	Entomacrodus sp.
ASV0894	OQ656152.1.70.1016###root_1;Eukaryota_2759;Chordata_7711;Actinopteri_186623;Anguilliformes_7933;Muraenidae_46660;Gymnothorax_121281;Gymnothorax_buroensis_876628	98.462	195	100	3.71e-94	344	species	Eukaryota	Chordata	Actinopteri	Anguilliformes	Muraenidae	Gymnothorax	Gymnothorax buroensis
ASV0895	PQ268691.1.<1.>440###root_1;Eukaryota_2759;Chordata_7711;Actinopteri_186623;Cichliformes_1489911;Cichlidae_8113;Coptodon_1315722;Coptodon_rendalli_8129	100	194	100	1.32e-98	359	species	Eukaryota	Chordata	Actinopteri	Cichliformes	Cichlidae	Coptodon	Coptodon rendalli
ASV0896	LC731802.1.<1.892###root_1;Eukaryota_2759;Chordata_7711;Actinopteri_186623;Holocentriformes_1490028;Holocentridae_47697;Sargocentron_47707;Sargocentron_praslin_1223610	100	199	100	2.25e-101	368	species	Eukaryota	Chordata	Actinopteri	Holocentriformes	Holocentridae	Sargocentron	Sargocentron praslin
ASV0897	MH248199.1.<1.>670###root_1;Eukaryota_2759;Chordata_7711;Actinopteri_186623;Perciformes_8111;Platycephalidae_30987;Thysanophrys_1230803;Thysanophrys_chiltonae_1230805	94.949	198	100	1.37e-83	309	family	Eukaryota	Chordata	Actinopteri	Perciformes	Platycephalidae	NA	NA
ASV0898	LC340118.1.<1.>167###root_1;Eukaryota_2759;Chordata_7711;Actinopteri_186623;Perciformes_8111;Anthiadidae_3363800;Pyronotanthias_3363801;Pyronotanthias_parvirostris_3363806	100	167	86	1.34e-83	309	species	Eukaryota	Chordata	Actinopteri	Perciformes	Anthiadidae	Pyronotanthias	Pyronotanthias parvirostris
ASV0899	LC874316.1.<1.699###root_1;Eukaryota_2759;Chordata_7711;Actinopteri_186623;Gobiiformes_1489878;Gobiidae_8220;Paragobiodon_264363;Paragobiodon_modestus_990229	91.878	197	99	6.49e-72	270	family	Eukaryota	Chordata	Actinopteri	Gobiiformes	Gobiidae	NA	NA
ASV0900	OP035104.1.69.1018###root_1;Eukaryota_2759;Chordata_7711;Actinopteri_186623;Blenniiformes_1489921;Blenniidae_56718;Exallias_1147084;Exallias_brevis_1147085	99.487	195	100	1.71e-97	355	species	Eukaryota	Chordata	Actinopteri	Blenniiformes	Blenniidae	Exallias	Exallias brevis
ASV0901	OP056979.1.69.1011###root_1;Eukaryota_2759;Chordata_7711;Actinopteri_186623;Aulopiformes_68510;Synodontidae_81390;Synodus_81391;Synodus_binotatus_1068868	92.821	195	100	8.20e-76	283	family	Eukaryota	Chordata	Actinopteri	Aulopiformes	Synodontidae	NA	NA
ASV0902	LC519480.1.<1.>169###root_1;Eukaryota_2759;Chordata_7711;Actinopteri_186623;Kurtiformes_1489876;Apogonidae_83881;Foa_1147086;Foa_fo_2699432	98.817	169	86	2.28e-81	302	species	Eukaryota	Chordata	Actinopteri	Kurtiformes	Apogonidae	Foa	Foa fo
ASV0903	KC593370.1.70.1028###root_1;Eukaryota_2759;Chordata_7711;Actinopteri_186623;Perciformes_8111;Serranidae_30871;Variola_300414;Variola_albimarginata_334915	99.492	197	100	1.34e-98	359	species	Eukaryota	Chordata	Actinopteri	Perciformes	Serranidae	Variola	Variola albimarginata
ASV0904	OP057076.2.69.1025###root_1;Eukaryota_2759;Chordata_7711;Actinopteri_186623;Perciformes_8111;Scorpaenidae_8108;Iracundus_274696;Iracundus_signifer_274697	100	198	100	8.05e-101	366	species	Eukaryota	Chordata	Actinopteri	Perciformes	Scorpaenidae	Iracundus	Iracundus signifer
ASV0906	KY815241.1.<1.>886###root_1;Eukaryota_2759;Chordata_7711;Actinopteri_186623;Labriformes_1489928;Labridae_8247;Bodianus_241267;Bodianus_bilunulatus_1003692	98.5	200	100	6.34e-97	353	species	Eukaryota	Chordata	Actinopteri	Labriformes	Labridae	Bodianus	Bodianus bilunulatus
ASV0907	MW133237.1.70.1019###root_1;Eukaryota_2759;Chordata_7711;Actinopteri_186623;Anguilliformes_7933;Muraenidae_46660;Gymnothorax_121281;Gymnothorax_rueppelliae_3040411	98.469	196	100	1.04e-94	346	species	Eukaryota	Chordata	Actinopteri	Anguilliformes	Muraenidae	Gymnothorax	Gymnothorax rueppelliae
ASV0908	OP035283.1.69.1027###root_1;Eukaryota_2759;Chordata_7711;Actinopteri_186623;Tetraodontiformes_31022;Balistidae_31024;Sufflamen_181477;Sufflamen_bursa_303704	99.497	199	100	1.05e-99	363	species	Eukaryota	Chordata	Actinopteri	Tetraodontiformes	Balistidae	Sufflamen	Sufflamen bursa
ASV0909	KJ637115.1.70.1023###root_1;Eukaryota_2759;Chordata_7711;Mammalia_40674;Carnivora_33554;Canidae_9608;Canis_9611;Canis_lupus_9612	100	196	100	1.03e-99	363	species	Eukaryota	Chordata	Mammalia	Carnivora	Canidae	Canis	Canis lupus
ASV0910	MZ598239.1.<1.>168###root_1;Eukaryota_2759;Chordata_7711;Actinopteri_186623;Kurtiformes_1489876;Apogonidae_83881;Gymnapogon_475180;Gymnapogon_urospilotus_638135	90.909	165	85	6.48e-57	220	family	Eukaryota	Chordata	Actinopteri	Kurtiformes	Apogonidae	NA	NA
ASV0911	LC469295.1.6902.7876###root_1;Eukaryota_2759;Mollusca_6447;Gastropoda_6448;Littorinimorpha_216294;Cypraeidae_69557;Monetaria_217784;Monetaria_annulus_217785	98.93	187	99	7.65e-91	333	species	Eukaryota	Mollusca	Gastropoda	Littorinimorpha	Cypraeidae	Monetaria	Monetaria annulus
ASV0912	OR546227.1.70.1017###root_1;Eukaryota_2759;Chordata_7711;Actinopteri_186623;Blenniiformes_1489921;Blenniidae_56718;Cirripectes_703910;Cirripectes_polyzona_879475	99.487	195	100	1.71e-97	355	species	Eukaryota	Chordata	Actinopteri	Blenniiformes	Blenniidae	Cirripectes	Cirripectes polyzona
ASV0913	OM302214.1.69.1027###root_1;Eukaryota_2759;Chordata_7711;Actinopteri_186623;Spariformes_1489931;Lethrinidae_30848;Gnathodentex_490322;Gnathodentex_aureolineatus_490323	99.492	197	100	1.34e-98	359	species	Eukaryota	Chordata	Actinopteri	Spariformes	Lethrinidae	Gnathodentex	Gnathodentex aureolineatus
ASV0914	OQ656152.1.70.1016###root_1;Eukaryota_2759;Chordata_7711;Actinopteri_186623;Anguilliformes_7933;Muraenidae_46660;Gymnothorax_121281;Gymnothorax_buroensis_876628	99.487	195	100	1.71e-97	355	species	Eukaryota	Chordata	Actinopteri	Anguilliformes	Muraenidae	Gymnothorax	Gymnothorax buroensis
ASV0915	OR603866.1.<1.>958###root_1;Eukaryota_2759;Chordata_7711;Actinopteri_186623;Anguilliformes_7933;Ophichthidae_54912;Leiuranus_1156472;Leiuranus_semicinctus_1156473	96.985	199	100	2.28e-91	335	genus	Eukaryota	Chordata	Actinopteri	Anguilliformes	Ophichthidae	Leiuranus	Leiuranus sp.
ASV0916	HQ185625.1.<1.>906###root_1;Eukaryota_2759;Chordata_7711;Actinopteri_186623;Anguilliformes_7933;Ophichthidae_54912;Muraenichthys_190108;Muraenichthys_gymnopterus_913736	94.416	197	100	2.28e-81	302	family	Eukaryota	Chordata	Actinopteri	Anguilliformes	Ophichthidae	NA	NA
ASV0917	LC520090.1.70.1023###root_1;Eukaryota_2759;Chordata_7711;Mammalia_40674;Carnivora_33554;Canidae_9608;Canis_9611;Canis_lupus_9612	100	196	100	1.03e-99	363	species	Eukaryota	Chordata	Mammalia	Carnivora	Canidae	Canis	Canis lupus
ASV0918	LC340269.1.<1.>167###root_1;Eukaryota_2759;Chordata_7711;Actinopteri_186623;Gobiiformes_1489878;Gobiidae_8220;Pleurosicya_595629;Pleurosicya_bilobata_2057065	99.401	167	86	6.26e-82	303	species	Eukaryota	Chordata	Actinopteri	Gobiiformes	Gobiidae	Pleurosicya	Pleurosicya bilobata
ASV0919	OQ675584.1.70.1016###root_1;Eukaryota_2759;Chordata_7711;Actinopteri_186623;Anguilliformes_7933;Muraenidae_46660;Echidna_189497;Echidna_polyzona_876624	95.897	195	100	8.08e-86	316	genus	Eukaryota	Chordata	Actinopteri	Anguilliformes	Muraenidae	Echidna	Echidna sp.
ASV0920	KR701907.1.69.1017###root_1;Eukaryota_2759;Chordata_7711;Actinopteri_186623;Perciformes_8111;Scorpaenidae_8108;Scorpaenopsis_163119;Scorpaenopsis_cirrosa_163120	96.41	195	100	1.74e-87	322	genus	Eukaryota	Chordata	Actinopteri	Perciformes	Scorpaenidae	Scorpaenopsis	Scorpaenopsis sp.
ASV0921	AP009166.1.69.1017###root_1;Eukaryota_2759;Chordata_7711;Actinopteri_186623;Spariformes_1489931;Lethrinidae_30848;Monotaxis_386311;Monotaxis_grandoculis_384591	98.974	195	100	7.97e-96	350	species	Eukaryota	Chordata	Actinopteri	Spariformes	Lethrinidae	Monotaxis	Monotaxis grandoculis
ASV0922	KP874183.1.71.1018###root_1;Eukaryota_2759;Chordata_7711;Actinopteri_186623;Anguilliformes_7933;Muraenidae_46660;Scuticaria_210591;Scuticaria_tigrina_391220	100	198	100	8.05e-101	366	species	Eukaryota	Chordata	Actinopteri	Anguilliformes	Muraenidae	Scuticaria	Scuticaria tigrina
ASV0923	KF573188.1.70.1026###root_1;Eukaryota_2759;Chordata_7711;Actinopteri_186623;Pleuronectiformes_8252;Soleidae_30948;Liachirus_1286139;Liachirus_melanospilos_367195	89	200	100	3.98e-64	244	order	Eukaryota	Chordata	Actinopteri	Pleuronectiformes	NA	NA	NA
ASV0924	OP035088.1.70.1012###root_1;Eukaryota_2759;Chordata_7711;Actinopteri_186623;Beloniformes_76071;Exocoetidae_76072;Cypselurus_123222;Cypselurus_poecilopterus_545688	100	196	100	1.03e-99	363	species	Eukaryota	Chordata	Actinopteri	Beloniformes	Exocoetidae	Cypselurus	Cypselurus poecilopterus
ASV0925	AY279593.1.<1.>933###root_1;Eukaryota_2759;Chordata_7711;Actinopteri_186623;Labriformes_1489928;Labridae_8247;Cymolutes_241283;Cymolutes_praetextatus_241284	98.985	197	100	2.23e-96	351	species	Eukaryota	Chordata	Actinopteri	Labriformes	Labridae	Cymolutes	Cymolutes praetextatus
ASV0926	OP035075.1.72.1026###root_1;Eukaryota_2759;Chordata_7711;Actinopteri_186623;Lophiiformes_8070;Antennariidae_241819;Antennatus_882771;Antennatus_tuberosus_882772	99.474	190	97	1.04e-94	346	species	Eukaryota	Chordata	Actinopteri	Lophiiformes	Antennariidae	Antennatus	Antennatus tuberosus
ASV0927	MT656121.1.<1.>253###root_1;Eukaryota_2759;Chordata_7711;Actinopteri_186623;Albuliformes_54906;Albulidae_54907;Albula_54908;Albula_virgata_1534309	99.479	192	93	3.05e-95	348	species	Eukaryota	Chordata	Actinopteri	Albuliformes	Albulidae	Albula	Albula virgata
ASV0928	KY815355.1.<1.>879###root_1;Eukaryota_2759;Chordata_7711;Actinopteri_186623;Labriformes_1489928;Labridae_8247;Xenojulis_1984850;Xenojulis_margaritaceus_1984852	93.878	196	100	3.81e-79	294	family	Eukaryota	Chordata	Actinopteri	Labriformes	Labridae	NA	NA
ASV0929	LC848706.1.<1.895###root_1;Eukaryota_2759;Chordata_7711;Actinopteri_186623;Pleuronectiformes_8252;Bothidae_8253;Bothus_94920;Bothus_pantherinus_366905	99.495	198	100	3.75e-99	361	species	Eukaryota	Chordata	Actinopteri	Pleuronectiformes	Bothidae	Bothus	Bothus pantherinus
ASV0930	LC499256.1.<1.>170###root_1;Eukaryota_2759;Chordata_7711;Actinopteri_186623;Kurtiformes_1489876;Apogonidae_83881;Apogonichthys_1147078;Apogonichthys_ocellatus_1147079	95.21	167	85	3.00e-70	265	genus	Eukaryota	Chordata	Actinopteri	Kurtiformes	Apogonidae	Apogonichthys	Apogonichthys sp.
ASV0931	LC645309.1.<1.883###root_1;Eukaryota_2759;Chordata_7711;Actinopteri_186623;Acropomatiformes_3051910;Creediidae_270598;Limnichthys_270599;Limnichthys_nitidus_1003752	91.837	196	100	6.34e-72	270	family	Eukaryota	Chordata	Actinopteri	Acropomatiformes	Creediidae	NA	NA
ASV0932	MZ598239.1.<1.>168###root_1;Eukaryota_2759;Chordata_7711;Actinopteri_186623;Kurtiformes_1489876;Apogonidae_83881;Gymnapogon_475180;Gymnapogon_urospilotus_638135	91.071	168	86	1.39e-58	226	family	Eukaryota	Chordata	Actinopteri	Kurtiformes	Apogonidae	NA	NA
ASV0933	AF417345.1.1.960###root_1;Eukaryota_2759;Chordata_7711;Actinopteri_186623;Gonorynchiformes_29140;Chanidae_29142;Chanos_29143;Chanos_chanos_29144	100	203	100	1.38e-103	375	species	Eukaryota	Chordata	Actinopteri	Gonorynchiformes	Chanidae	Chanos	Chanos chanos
ASV0934	OR603897.1.<1.>951###root_1;Eukaryota_2759;Chordata_7711;Actinopteri_186623;Stomiiformes_48438;Stomiidae_123351;Bathophilus_319448;Bathophilus_pawneei_882814	94.271	192	97	3.85e-79	294	family	Eukaryota	Chordata	Actinopteri	Stomiiformes	Stomiidae	NA	NA
ASV0935	LC458086.1.<1.>414###root_1;Eukaryota_2759;Chordata_7711;Actinopteri_186623;Cyprinodontiformes_28738;Poeciliidae_8079;Xiphophorus_8082;Xiphophorus_hellerii_8084	100	202	100	4.92e-103	374	species	Eukaryota	Chordata	Actinopteri	Cyprinodontiformes	Poeciliidae	Xiphophorus	Xiphophorus hellerii
ASV0936	OP035194.1.69.1021###root_1;Eukaryota_2759;Chordata_7711;Actinopteri_186623;Perciformes_8111;Scorpaenidae_8108;Scorpaenopsis_163119;Scorpaenopsis_diabolus_700668	98.974	195	100	7.97e-96	350	species	Eukaryota	Chordata	Actinopteri	Perciformes	Scorpaenidae	Scorpaenopsis	Scorpaenopsis diabolus
ASV0938	LC499347.1.<1.>168###root_1;Eukaryota_2759;Chordata_7711;Actinopteri_186623;Blenniiformes_1489921;Blenniidae_56718;Ecsenius_57791;Ecsenius_lineatus_1405641	97.619	168	86	1.76e-77	289	genus	Eukaryota	Chordata	Actinopteri	Blenniiformes	Blenniidae	Ecsenius	Ecsenius sp.
ASV0939	OP035107.2.70.1024###root_1;Eukaryota_2759;Chordata_7711;Actinopteri_186623;Syngnathiformes_129912;Mullidae_30854;Mulloidichthys_342442;Mulloidichthys_flavolineatus_652446	99.492	197	100	1.34e-98	359	species	Eukaryota	Chordata	Actinopteri	Syngnathiformes	Mullidae	Mulloidichthys	Mulloidichthys flavolineatus
ASV0940	AP019342.1.70.1029###root_1;Eukaryota_2759;Chordata_7711;Actinopteri_186623;Gobiiformes_1489878;Gobiidae_8220;Priolepis_166756;Priolepis_cincta_166757	93.367	196	100	1.76e-77	289	family	Eukaryota	Chordata	Actinopteri	Gobiiformes	Gobiidae	NA	NA
ASV0941	MZ597986.1.<1.>169###root_1;Eukaryota_2759;Chordata_7711;Actinopteri_186623;Kurtiformes_1489876;Apogonidae_83881;Apogon_83882;Apogon_doryssa_1156427	99.408	169	86	4.89e-83	307	species	Eukaryota	Chordata	Actinopteri	Kurtiformes	Apogonidae	Apogon	Apogon doryssa
ASV0942	OR546227.1.70.1017###root_1;Eukaryota_2759;Chordata_7711;Actinopteri_186623;Blenniiformes_1489921;Blenniidae_56718;Cirripectes_703910;Cirripectes_polyzona_879475	87.31	197	100	6.48e-57	220	order	Eukaryota	Chordata	Actinopteri	Blenniiformes	NA	NA	NA
ASV0943	LC579377.1.<1.>517###root_1;Eukaryota_2759;Chordata_7711;Actinopteri_186623;Perciformes_8111;Anthiadidae_3363800;Pseudanthias_270577;Pseudanthias_leucozonus_2768290	97.938	194	100	6.17e-92	337	genus	Eukaryota	Chordata	Actinopteri	Perciformes	Anthiadidae	Pseudanthias	Pseudanthias sp.
ASV0944	MH102356.1.69.1028###root_1;Eukaryota_2759;Chordata_7711;Actinopteri_186623;Kurtiformes_1489876;Apogonidae_83881;Cheilodipterus_490317;Cheilodipterus_quinquelineatus_1146961	95.939	197	100	6.32e-87	320	genus	Eukaryota	Chordata	Actinopteri	Kurtiformes	Apogonidae	Cheilodipterus	Cheilodipterus sp.
ASV0945	OR575620.1.69.1022###root_1;Eukaryota_2759;Chordata_7711;Actinopteri_186623;Myctophiformes_68514;Myctophidae_68515;Triphoturus_123242;Triphoturus_nigrescens_123243	98.995	199	100	4.87e-98	357	species	Eukaryota	Chordata	Actinopteri	Myctophiformes	Myctophidae	Triphoturus	Triphoturus nigrescens
ASV0946	MZ329992.1.70.1019###root_1;Eukaryota_2759;Chordata_7711;Actinopteri_186623;Anguilliformes_7933;Muraenidae_46660;Gymnothorax_121281;Gymnothorax_undulatus_473461	100	196	100	1.03e-99	363	species	Eukaryota	Chordata	Actinopteri	Anguilliformes	Muraenidae	Gymnothorax	Gymnothorax undulatus
ASV0947	AP012490.1.69.1019###root_1;Eukaryota_2759;Chordata_7711;Actinopteri_186623;order_Malacanthidae_30851;Malacanthidae_30851;Hoplolatilus_274801;Hoplolatilus_cuniculus_1206906	95.918	196	100	2.26e-86	318	genus	Eukaryota	Chordata	Actinopteri	Malacanthidae	Malacanthidae	Hoplolatilus	Hoplolatilus sp.
ASV0948	MZ598292.1.<1.>168###root_1;Eukaryota_2759;Chordata_7711;Actinopteri_186623;Syngnathiformes_129912;Syngnathidae_72045;Choeroichthys_1156466;Choeroichthys_brachysoma_1156467	96.364	165	85	1.77e-72	272	genus	Eukaryota	Chordata	Actinopteri	Syngnathiformes	Syngnathidae	Choeroichthys	Choeroichthys sp.
ASV0949	AP019346.1.69.1027###root_1;Eukaryota_2759;Chordata_7711;Actinopteri_186623;Gobiiformes_1489878;Gobiidae_8220;Gobiodon_150299;Gobiodon_micropus_1642129	93.909	197	100	2.96e-80	298	family	Eukaryota	Chordata	Actinopteri	Gobiiformes	Gobiidae	NA	NA
ASV0950	MZ598087.1.<1.>167###root_1;Eukaryota_2759;Chordata_7711;Actinopteri_186623;Blenniiformes_1489921;Blenniidae_56718;Stanulus_1156474;Stanulus_seychellensis_1156475	94.012	167	86	6.43e-67	254	family	Eukaryota	Chordata	Actinopteri	Blenniiformes	Blenniidae	NA	NA
ASV0951	OR575555.1.71.1018###root_1;Eukaryota_2759;Chordata_7711;Actinopteri_186623;Anguilliformes_7933;Muraenidae_46660;Uropterygius_189495;Uropterygius_macrocephalus_876643	98.99	198	100	1.74e-97	355	species	Eukaryota	Chordata	Actinopteri	Anguilliformes	Muraenidae	Uropterygius	Uropterygius macrocephalus
ASV0953	AF120942.1.<1.>710###root_1;Eukaryota_2759;Chordata_7711;Actinopteri_186623;Anguilliformes_7933;Nemichthyidae_118167;Avocettina_121279;Avocettina_infans_121280	98.485	198	100	2.90e-95	348	species	Eukaryota	Chordata	Actinopteri	Anguilliformes	Nemichthyidae	Avocettina	Avocettina infans
ASV0954	OP035231.1.71.1012###root_1;Eukaryota_2759;Chordata_7711;Actinopteri_186623;Syngnathiformes_129912;Syngnathidae_72045;Doryrhamphus_161449;Doryrhamphus_excisus_161450	97.423	194	100	2.87e-90	331	genus	Eukaryota	Chordata	Actinopteri	Syngnathiformes	Syngnathidae	Doryrhamphus	Doryrhamphus sp.
ASV0955	KY815245.1.<1.>884###root_1;Eukaryota_2759;Chordata_7711;Actinopteri_186623;Labriformes_1489928;Labridae_8247;Bodianus_241267;Bodianus_loxozonus_586783	98.995	199	100	4.87e-98	357	species	Eukaryota	Chordata	Actinopteri	Labriformes	Labridae	Bodianus	Bodianus loxozonus
ASV0956	OR582710.1.1904.2861###root_1;Eukaryota_2759;Chordata_7711;Actinopteri_186623;Anguilliformes_7933;Ophichthidae_54912;Callechelys_1156453;Callechelys_catostoma_1156454	100	200	100	6.30e-102	370	species	Eukaryota	Chordata	Actinopteri	Anguilliformes	Ophichthidae	Callechelys	Callechelys catostoma
ASV0957	PV423372.1.70.1031###root_1;Eukaryota_2759;Chordata_7711;Actinopteri_186623;Pleuronectiformes_8252;Bothidae_8253;Bothus_94920;Bothus_mancus_1156090	99.495	198	100	3.75e-99	361	species	Eukaryota	Chordata	Actinopteri	Pleuronectiformes	Bothidae	Bothus	Bothus mancus
ASV0958	LC340293.1.<1.>170###root_1;Eukaryota_2759;Chordata_7711;Actinopteri_186623;Pleuronectiformes_8252;Soleidae_30948;Aseraggodes_195595;Aseraggodes_cheni_2057068	99.408	169	86	4.92e-83	307	species	Eukaryota	Chordata	Actinopteri	Pleuronectiformes	Soleidae	Aseraggodes	Aseraggodes cheni
ASV0959	KT600965.1.<1.>764###root_1;Eukaryota_2759;Chordata_7711;Actinopteri_186623;Tetraodontiformes_31022;Balistidae_31024;Pseudobalistes_303694;Pseudobalistes_fuscus_303695	98.99	198	100	1.74e-97	355	species	Eukaryota	Chordata	Actinopteri	Tetraodontiformes	Balistidae	Pseudobalistes	Pseudobalistes fuscus
ASV0960	PQ351600.1.52.995###root_1;Eukaryota_2759;Chordata_7711;Actinopteri_186623;Stomiiformes_48438;Phosichthyidae_210573;Vinciguerria_258047;Vinciguerria_lucetia_875782	96.392	194	100	6.21e-87	320	genus	Eukaryota	Chordata	Actinopteri	Stomiiformes	Phosichthyidae	Vinciguerria	Vinciguerria sp.
ASV0961	LC519464.1.<1.>169###root_1;Eukaryota_2759;Chordata_7711;Actinopteri_186623;Kurtiformes_1489876;Apogonidae_83881;Fowleria_316377;Fowleria_variegata_316380	98.817	169	86	2.28e-81	302	species	Eukaryota	Chordata	Actinopteri	Kurtiformes	Apogonidae	Fowleria	Fowleria variegata
ASV0962	LC812909.1.<1.895###root_1;Eukaryota_2759;Chordata_7711;Actinopteri_186623;Aulopiformes_68510;Notosudidae_172126;Scopelosaurus_172127;Scopelosaurus_harryi_319750	95.5	200	100	6.43e-87	320	genus	Eukaryota	Chordata	Actinopteri	Aulopiformes	Notosudidae	Scopelosaurus	Scopelosaurus sp.
ASV0963	LC146210.2.<1.876###root_1;Eukaryota_2759;Chordata_7711;Actinopteri_186623;Syngnathiformes_129912;Syngnathidae_72045;Corythoichthys_161447;Corythoichthys_haematopterus_211658	98.454	194	100	1.33e-93	342	species	Eukaryota	Chordata	Actinopteri	Syngnathiformes	Syngnathidae	Corythoichthys	Corythoichthys haematopterus
ASV0964	AP019337.1.69.1017###root_1;Eukaryota_2759;Chordata_7711;Actinopteri_186623;Gobiiformes_1489878;Gobiidae_8220;Eviota_166746;Eviota_prasina_595619	92.347	196	100	3.81e-74	278	family	Eukaryota	Chordata	Actinopteri	Gobiiformes	Gobiidae	NA	NA
ASV0965	LC469295.1.6902.7876###root_1;Eukaryota_2759;Mollusca_6447;Gastropoda_6448;Littorinimorpha_216294;Cypraeidae_69557;Monetaria_217784;Monetaria_annulus_217785	98.396	187	99	3.56e-89	327	species	Eukaryota	Mollusca	Gastropoda	Littorinimorpha	Cypraeidae	Monetaria	Monetaria annulus
ASV0966	OP035075.1.72.1026###root_1;Eukaryota_2759;Chordata_7711;Actinopteri_186623;Lophiiformes_8070;Antennariidae_241819;Antennatus_882771;Antennatus_tuberosus_882772	99.49	196	100	4.79e-98	357	species	Eukaryota	Chordata	Actinopteri	Lophiiformes	Antennariidae	Antennatus	Antennatus tuberosus
ASV0967	OP035148.1.71.1022###root_1;Eukaryota_2759;Chordata_7711;Actinopteri_186623;Priacanthiformes_2024536;Priacanthidae_30865;Heteropriacanthus_342440;Heteropriacanthus_cruentatus_342441	100	194	100	1.32e-98	359	species	Eukaryota	Chordata	Actinopteri	Priacanthiformes	Priacanthidae	Heteropriacanthus	Heteropriacanthus cruentatus
ASV0969	LC814893.1.<1.>740###root_1;Eukaryota_2759;Chordata_7711;Actinopteri_186623;order_Pomacentridae_30863;Pomacentridae_30863;Chrysiptera_80978;Chrysiptera_glauca_229119	97.959	196	100	4.82e-93	340	genus	Eukaryota	Chordata	Actinopteri	Pomacentridae	Pomacentridae	Chrysiptera	Chrysiptera sp.
ASV0972	OP035202.1.69.1015###root_1;Eukaryota_2759;Chordata_7711;Actinopteri_186623;Centrarchiformes_1489940;Kuhliidae_30842;Kuhlia_163136;Kuhlia_xenura_242928	96.907	194	100	1.33e-88	326	genus	Eukaryota	Chordata	Actinopteri	Centrarchiformes	Kuhliidae	Kuhlia	Kuhlia sp.
ASV0973	AB969921.1.<1.>170###root_1;Eukaryota_2759;Chordata_7711;Actinopteri_186623;Lutjaniformes_2024539;Haemulidae_30840;Plectorhinchus_349641;Plectorhinchus_unicolor_1699541	97.647	170	86	1.38e-78	292	genus	Eukaryota	Chordata	Actinopteri	Lutjaniformes	Haemulidae	Plectorhinchus	Plectorhinchus sp.
ASV0974	FJ616386.1.<1.>908###root_1;Eukaryota_2759;Chordata_7711;Actinopteri_186623;order_Pomacentridae_30863;Pomacentridae_30863;Plectroglyphidodon_80986;Plectroglyphidodon_fasciolatus_80994	99.492	197	100	1.34e-98	359	species	Eukaryota	Chordata	Actinopteri	Pomacentridae	Pomacentridae	Plectroglyphidodon	Plectroglyphidodon fasciolatus
ASV0975	MH248174.1.<1.>677###root_1;Eukaryota_2759;Chordata_7711;Actinopteri_186623;Anguilliformes_7933;Congridae_7941;Conger_7942;Conger_cinereus_1146962	94	200	100	2.32e-81	302	family	Eukaryota	Chordata	Actinopteri	Anguilliformes	Congridae	NA	NA
ASV0976	KM224339.1.<1.>331###root_1;Eukaryota_2759;Chordata_7711;Mammalia_40674;Artiodactyla_91561;Suidae_9821;Sus_9822;Sus_scrofa_9823	100	196	100	1.03e-99	363	species	Eukaryota	Chordata	Mammalia	Artiodactyla	Suidae	Sus	Sus scrofa
ASV0978	LC645315.1.<1.889###root_1;Eukaryota_2759;Chordata_7711;Actinopteri_186623;Gobiiformes_1489878;Gobiidae_8220;Awaous_70083;Awaous_ocellaris_1124502	99.485	194	100	6.12e-97	353	species	Eukaryota	Chordata	Actinopteri	Gobiiformes	Gobiidae	Awaous	Awaous ocellaris
ASV0979	LC645290.1.<1.909###root_1;Eukaryota_2759;Chordata_7711;Actinopteri_186623;Albuliformes_54906;Albulidae_54907;Albula_54908;Albula_koreana_797391	96.098	205	100	2.36e-91	335	genus	Eukaryota	Chordata	Actinopteri	Albuliformes	Albulidae	Albula	Albula sp.
ASV0980	PV742879.1.69.1014###root_1;Eukaryota_2759;Chordata_7711;Actinopteri_186623;Syngnathiformes_129912;Callionymidae_30908;Callionymus_34784;Callionymus_bairdi_700789	87.692	195	100	5.01e-58	224	order	Eukaryota	Chordata	Actinopteri	Syngnathiformes	NA	NA	NA
ASV0981	AF285920.1.<1.>880###root_1;Eukaryota_2759;Chordata_7711;Actinopteri_186623;order_Pomacentridae_30863;Pomacentridae_30863;Abudefduf_36213;Abudefduf_saxatilis_50731	88.776	196	100	5.03e-63	241	order	Eukaryota	Chordata	Actinopteri	Pomacentridae	NA	NA	NA
ASV0982	OP035154.1.69.1013###root_1;Eukaryota_2759;Chordata_7711;Actinopteri_186623;Aulopiformes_68510;Synodontidae_81390;Synodus_81391;Synodus_dermatogenys_1146991	99.487	195	100	1.71e-97	355	species	Eukaryota	Chordata	Actinopteri	Aulopiformes	Synodontidae	Synodus	Synodus dermatogenys
