Genepop 4.8.5
Allele frequency-based correlation (Fis, Fst, Fit)

One locus estimates following standard ANOVA as in Weir and Cockerham (1984)

File: data/msats/puella_caribbean.gen (Microsatellite genotypes of Hypoplectrus puella from 15 Caribbean populations)

Number of populations detected : 15
Number of loci detected        : 10


  Locus: g2
---------------------------------
Pop       Genotypes:
          ------------------------------------------------------------------------------------------------------------------------------------------------------------------------------------------------------------------------------------------------
          189  201  203  201  203  205  201  203  205  207  203  205  203  205  209  211  203  205  211  203  205  207  211  213  215  201  203  205  207  209  211  213  215  217  203  205  209  211  217  203  205  207  211  213  215  217  219  201  203  205  207  209  211  213  215  217  219  221  203  205  209  211  213  215  217  221  223  225  203  205  207  211  213  215  217  219  221  223  225  227  203  205  211  215  217  219  223  227  203  205  207  209  211  215  217  219  221  225  227  229  231  203  205  209  211  213  215  217  219  223  225  227  229  231  203  205  207  215  217  219  225  231  203  205  209  217  219  223  225  235  203  211  221  223  229  203  211  217  221  203  211  225  203  211  203  219  233  203  231  203  211  215  217  219  221  203  213  223  237  203  215  247  201  203  211  217  219  221  233  203  211  205  261  
          203  203  203  205  205  205  207  207  207  207  209  209  211  211  211  211  213  213  213  215  215  215  215  215  215  217  217  217  217  217  217  217  217  217  219  219  219  219  219  221  221  221  221  221  221  221  221  223  223  223  223  223  223  223  223  223  223  223  225  225  225  225  225  225  225  225  225  225  227  227  227  227  227  227  227  227  227  227  227  227  229  229  229  229  229  229  229  229  231  231  231  231  231  231  231  231  231  231  231  231  231  233  233  233  233  233  233  233  233  233  233  233  233  233  235  235  235  235  235  235  235  235  237  237  237  237  237  237  237  237  239  239  239  239  239  241  241  241  241  243  243  243  245  245  247  247  249  251  251  253  253  253  253  253  253  255  255  255  255  257  257  257  259  259  259  259  259  259  259  261  265  279  279    Total

carrie bo 0    0    0    1    7    2    0    1    2    0    2    1    1    1    1    0    0    0    0    1    2    0    0    0    1    0    1    0    1    0    0    0    0    0    1    0    0    0    1    1    1    0    0    0    0    0    0    0    0    0    0    0    0    0    0    0    0    0    1    2    0    0    0    1    1    0    0    0    2    0    0    0    0    1    0    0    1    2    1    0    0    0    0    0    0    0    1    0    0    0    0    0    0    0    0    0    0    0    0    0    0    0    0    0    0    0    0    1    0    0    0    0    0    0    0    1    0    0    0    1    0    0    0    0    0    0    0    0    0    0    0    0    0    0    0    1    0    0    0    0    0    0    0    0    1    0    0    0    0    1    1    0    0    0    0    0    0    0    1    0    0    0    0    0    0    0    0    0    0    0    0    0    0       50
utila     0    0    2    1    5    2    0    2    0    1    0    0    1    0    0    0    0    0    0    1    1    0    1    0    0    0    4    0    0    0    0    1    0    0    2    1    1    0    0    1    0    0    0    0    0    1    0    0    0    1    0    0    0    0    0    0    0    0    2    0    0    0    0    0    0    0    0    0    0    2    0    1    0    0    0    0    0    0    0    0    2    0    2    0    0    1    0    0    0    0    0    0    0    0    0    0    1    0    0    0    0    1    1    0    1    0    0    0    0    0    0    1    1    0    0    1    0    0    0    0    0    1    0    0    0    0    0    0    1    0    1    0    0    0    0    0    0    0    0    0    0    0    0    0    0    0    0    0    0    0    0    0    0    0    0    0    1    0    0    0    1    0    0    0    0    0    0    0    0    0    0    1    0       52
guanaja   0    0    2    0    7    1    0    1    0    0    0    1    1    0    0    0    0    0    0    0    1    0    0    1    0    1    6    2    0    0    1    0    0    2    1    0    0    0    0    3    2    0    0    1    0    0    0    0    1    1    0    0    0    0    0    1    0    0    0    0    0    0    1    0    0    0    0    0    1    0    0    1    0    0    0    0    1    0    0    0    0    1    0    1    0    0    0    0    0    0    1    0    0    0    0    0    0    0    1    1    0    0    1    0    0    0    0    0    0    0    0    0    0    0    2    1    1    0    0    0    0    0    0    0    0    0    0    0    0    0    0    0    0    0    0    0    0    0    0    0    0    0    0    0    0    0    0    0    0    0    0    0    0    0    0    0    0    0    0    0    0    0    0    0    0    0    0    0    0    0    0    0    0       51
cayos bec 1    0    2    0    5    1    0    0    1    0    0    0    3    1    0    0    0    0    0    1    0    0    0    0    0    0    2    1    1    0    0    1    0    0    0    2    0    1    0    1    1    0    1    1    1    1    0    0    1    0    0    0    0    0    0    1    0    1    1    2    0    0    0    1    0    0    0    0    1    3    0    1    2    0    0    0    0    0    0    0    1    0    0    0    0    0    0    0    0    0    0    0    0    0    1    0    1    0    0    0    0    0    0    0    0    0    0    0    1    0    0    0    1    1    2    0    0    0    0    0    0    0    0    0    0    0    0    0    0    0    0    0    0    0    0    0    0    0    0    0    0    0    0    0    0    0    0    0    0    0    0    0    0    0    1    0    0    0    0    0    1    0    0    0    0    0    0    0    1    0    0    0    0       54
cayos de  0    1    4    0    3    2    0    1    0    0    1    0    2    0    0    0    0    0    0    3    2    1    0    0    0    0    2    0    0    0    0    0    1    0    0    0    0    0    0    4    1    0    0    0    0    0    0    0    0    0    0    0    0    0    0    0    0    0    0    0    0    0    0    0    0    0    0    1    1    1    0    1    0    0    2    0    0    0    0    1    1    0    0    2    1    0    0    1    2    0    0    0    0    0    0    0    0    1    0    0    1    1    0    0    0    0    0    0    0    0    0    0    0    0    0    0    0    0    0    0    1    0    0    0    0    0    0    1    0    0    0    0    0    0    0    0    0    0    0    0    0    0    1    0    0    0    0    1    0    1    0    0    0    0    0    0    0    0    0    0    1    1    0    0    0    0    0    0    0    0    0    0    1       53
bocas del 0    1    3    0    3    0    1    0    0    0    1    0    3    1    0    0    3    0    0    1    1    1    0    0    0    0    2    4    0    1    0    0    1    1    3    0    0    0    1    0    0    0    0    0    0    0    0    0    2    0    0    0    0    0    0    1    1    0    0    0    0    1    0    1    0    0    0    0    2    0    0    0    0    0    0    0    0    0    0    0    1    0    1    0    0    0    0    0    1    0    0    0    0    0    0    0    0    0    0    0    0    1    0    0    0    0    0    0    0    0    0    0    0    0    0    0    0    0    0    1    0    0    0    0    0    1    0    0    0    0    1    0    0    1    0    0    0    0    0    0    0    0    0    0    0    0    1    0    0    0    0    0    0    0    0    0    0    0    0    0    0    0    0    0    0    0    0    0    1    0    0    0    0       50
el porven 0    0    6    0    4    1    0    0    0    0    1    0    1    3    0    0    0    0    0    1    1    0    0    0    0    0    2    0    0    0    0    0    0    0    2    0    0    0    0    1    0    0    0    0    0    0    0    0    1    1    0    0    2    2    0    1    0    0    1    0    0    0    0    2    0    0    0    0    2    0    0    0    0    0    0    0    0    0    0    0    0    0    0    0    0    0    0    0    0    0    0    0    0    1    0    0    0    0    0    0    0    1    1    0    0    0    0    0    1    0    0    0    0    0    0    1    0    0    0    0    1    0    0    0    0    0    0    0    0    0    0    0    0    0    0    0    0    0    0    0    0    0    0    0    0    1    0    0    0    0    0    1    0    0    0    1    0    1    0    0    0    0    1    0    1    0    0    0    0    0    0    0    0       47
cayos hol 0    0    9    1    4    1    0    0    0    0    0    0    2    0    0    0    0    0    0    3    1    0    0    0    0    0    2    1    0    0    0    0    1    0    0    0    0    0    0    1    0    0    1    0    1    0    0    0    2    0    0    0    0    0    1    1    0    0    1    0    0    0    0    1    1    0    0    0    2    0    0    0    0    1    0    0    0    0    0    0    2    1    1    0    0    0    0    0    0    0    0    0    0    0    0    0    0    0    0    1    0    0    0    0    0    0    0    1    0    0    0    0    0    0    0    0    0    0    0    0    0    0    1    1    0    0    0    0    0    0    0    0    0    0    1    0    0    0    0    0    0    0    0    0    0    0    0    0    0    1    1    0    0    0    0    0    0    0    0    0    0    0    0    0    0    0    1    0    0    0    0    0    0       50
islas puy 0    2    7    0    1    0    0    0    0    0    1    0    2    0    0    1    0    1    0    4    4    0    1    0    0    0    1    0    1    0    0    0    0    0    0    1    0    0    0    0    1    0    0    0    0    1    0    0    1    1    0    0    0    1    0    0    0    0    1    2    0    1    0    1    0    0    0    0    1    0    0    0    0    0    0    0    0    1    0    0    3    0    0    0    1    0    0    0    0    0    0    0    0    0    0    0    0    0    0    0    0    0    0    0    0    0    1    1    0    1    0    0    0    0    1    0    0    0    0    0    0    1    0    0    0    0    0    0    0    0    1    0    0    0    0    0    0    0    0    0    0    0    0    0    0    0    0    1    0    1    0    0    0    0    0    1    0    0    0    0    0    0    0    1    0    0    0    0    0    0    0    0    0       53
cayos rat 0    1    6    0    3    2    0    1    0    0    1    0    1    0    0    0    0    0    2    2    2    0    0    1    1    0    2    0    1    0    2    0    0    0    1    0    0    0    1    1    0    1    0    0    0    0    1    0    1    0    0    1    0    1    0    0    0    0    1    0    0    0    0    0    2    2    0    0    2    0    0    0    0    0    0    0    0    0    0    0    0    0    0    0    1    0    0    0    0    0    0    0    0    1    0    0    1    0    0    0    0    2    1    0    0    0    0    0    0    0    0    0    0    0    0    1    0    0    0    0    0    0    0    0    0    0    0    0    0    0    0    0    0    0    0    0    0    0    0    0    0    0    1    1    0    0    0    0    0    1    0    0    0    0    0    0    0    0    0    0    0    0    0    0    0    0    0    0    0    0    0    0    0       53
cayos ing 0    0    3    0    7    1    0    1    0    0    0    0    1    1    0    0    0    0    0    3    1    0    0    0    1    0    2    1    0    0    0    0    0    0    1    0    0    0    0    1    0    0    0    0    0    1    0    0    0    0    0    0    0    0    0    0    0    0    3    1    0    0    0    0    1    0    0    0    0    0    1    1    0    2    0    1    0    0    1    0    0    0    1    0    0    0    0    0    0    2    0    0    0    0    0    1    0    0    0    0    0    2    0    0    0    1    0    0    0    0    1    0    0    0    0    1    0    0    1    0    0    0    1    0    0    0    0    0    0    0    0    0    0    2    0    0    0    0    1    0    0    0    0    0    0    0    0    0    0    0    0    0    0    0    0    0    0    0    0    1    0    0    0    0    0    0    0    0    0    0    1    0    0       52
achutupu  0    0    7    0    4    0    0    0    0    0    0    0    2    2    0    0    0    1    0    1    0    0    0    0    0    0    3    1    0    0    2    1    0    0    2    1    0    1    0    0    0    0    0    0    1    0    0    0    2    0    0    0    1    0    0    0    0    0    0    1    0    0    0    0    0    0    0    0    2    0    0    1    0    0    1    0    1    0    0    0    1    0    0    0    0    0    1    0    0    0    0    0    0    0    0    0    0    0    0    0    0    1    1    1    0    0    0    0    0    0    0    0    0    0    0    1    0    0    0    0    0    0    0    0    0    0    0    0    1    0    0    0    0    0    0    0    0    0    0    0    1    0    0    0    0    0    0    0    1    0    0    0    0    0    0    0    0    0    0    0    0    0    0    0    0    0    0    1    0    0    0    0    0       48
isla dupa 0    0    2    0    3    1    0    0    0    0    0    0    4    1    0    0    1    0    0    0    1    1    0    0    0    0    1    0    1    0    0    0    0    1    0    0    0    0    1    1    0    0    0    0    0    0    0    0    0    2    1    0    0    0    0    0    0    0    1    0    1    0    0    1    0    2    0    0    0    1    0    0    0    0    0    0    0    0    1    0    2    0    1    0    0    0    0    0    0    0    0    0    0    0    1    0    0    0    0    0    0    2    0    0    0    0    1    0    0    0    0    0    0    0    1    0    0    0    0    1    0    0    0    0    0    1    0    0    0    0    1    1    0    0    0    0    0    0    0    0    0    0    0    0    0    0    0    0    0    1    0    0    1    0    0    0    0    1    0    0    0    0    0    0    0    1    0    0    0    0    0    0    0       45
goedup    0    0    5    0    6    0    0    1    0    0    0    0    5    2    0    0    0    1    0    4    1    0    0    0    0    0    3    0    0    0    0    0    0    1    1    0    0    0    0    0    1    0    0    0    0    0    0    1    2    0    0    0    1    0    0    0    0    0    2    0    0    0    0    0    0    0    1    0    0    0    0    1    0    0    0    0    0    1    0    0    0    0    0    0    0    0    0    1    0    0    0    0    0    0    1    0    0    0    0    0    0    3    0    0    0    0    0    0    0    0    1    0    0    0    1    1    0    1    0    0    0    0    0    1    0    0    1    0    0    0    0    0    0    0    0    0    0    1    0    0    0    0    0    0    0    0    0    0    0    1    0    0    0    1    0    0    0    0    0    0    0    0    0    0    0    1    0    0    0    0    0    0    0       55
barbados  0    0    3    0    0    0    0    1    0    0    2    0    3    2    0    0    0    0    1    1    0    0    2    0    0    0    4    2    0    0    1    1    0    0    0    0    0    0    0    1    2    0    0    0    0    0    0    0    2    0    0    0    0    0    0    0    0    0    2    1    0    0    0    0    1    0    0    0    1    0    0    0    0    0    0    0    0    0    0    0    0    0    0    1    0    0    0    0    0    0    0    1    1    0    0    0    0    0    0    0    0    0    1    0    0    0    0    1    0    0    0    1    0    0    2    0    0    0    0    0    0    0    0    0    1    1    0    0    0    1    0    0    1    0    0    1    1    0    0    1    0    1    0    0    0    0    0    0    0    0    0    0    0    0    0    0    0    0    0    0    0    0    0    0    0    0    0    0    0    1    0    0    0       50

Total:    1    5    61   3    62   14   1    9    3    1    9    2    32   14   1    1    4    3    3    26   18   3    4    2    3    1    37   12   5    1    6    4    3    5    14   5    1    2    4    16   9    1    2    2    3    4    1    1    15   6    1    1    4    4    1    5    1    1    16   9    1    2    1    8    6    4    1    1    17   7    1    7    2    4    3    1    3    4    3    1    13   2    6    4    3    1    2    2    3    2    1    1    1    2    3    1    3    1    1    2    1    14   6    1    1    1    2    4    2    1    2    2    2    1    9    8    1    1    1    3    2    2    2    2    1    3    1    1    2    1    4    1    1    3    1    2    1    1    1    1    1    1    2    1    1    1    1    2    1    7    2    1    1    1    1    2    1    2    1    1    3    1    1    1    1    2    1    1    2    1    1    1    1       763

Fis^= -0.015129
Fst^= 0.002041
Fit^= -0.013057
1-Qintra^= 0.884666 (gene diversity intra-individuals)
1-Qinter^= 0.871481 (gene diversity inter-individuals intra-pop)


  Locus: gag010
---------------------------------
Pop       Genotypes:
          ------------------------------------------------------------------------------------------------------------------------------------------------------------------------------------------------------------------------------------------------
          111  109  111  111  113  115  117  119  111  113  115  117  119  121  111  113  117  119  121  123  111  113  115  117  119  121  123  125  109  113  115  117  119  121  123  125  127  111  117  119  121  123  125  127  119  121  123  129  109  111  113  115  117  119  121  123  127  129  131  109  111  113  117  119  121  123  125  127  129  131  133  135  109  111  115  117  119  121  123  125  127  129  133  135  137  111  115  119  121  123  125  127  131  133  135  137  139  109  111  117  119  121  123  125  131  133  135  137  139  141  119  121  133  135  139  141  111  119  121  123  125  127  133  139  141  119  121  123  125  131  133  135  139  143  109  119  121  123  125  133  135  139  141  145  147  111  115  119  121  125  127  137  139  141  109  119  123  135  137  139  111  119  121  123  125  129  133  137  139  149  155  117  119  121  123  125  129  133  135  137  139  141  111  115  119  121  123  125  137  139  141  155  109  129  137  119  125  135  141  151  123  119  
          111  117  117  119  119  119  119  119  121  121  121  121  121  121  123  123  123  123  123  123  125  125  125  125  125  125  125  125  127  127  127  127  127  127  127  127  127  129  129  129  129  129  129  129  131  131  131  131  133  133  133  133  133  133  133  133  133  133  133  135  135  135  135  135  135  135  135  135  135  135  135  135  137  137  137  137  137  137  137  137  137  137  137  137  137  139  139  139  139  139  139  139  139  139  139  139  139  141  141  141  141  141  141  141  141  141  141  141  141  141  143  143  143  143  143  143  145  145  145  145  145  145  145  145  145  147  147  147  147  147  147  147  147  147  149  149  149  149  149  149  149  149  149  149  149  151  151  151  151  151  151  151  151  151  153  153  153  153  153  153  155  155  155  155  155  155  155  155  155  155  155  157  157  157  157  157  157  157  157  157  157  157  159  159  159  159  159  159  159  159  159  159  161  161  161  163  163  163  163  167  169  177    Total

carrie bo 0    0    0    0    0    0    1    3    1    0    0    0    2    1    2    0    0    0    3    0    0    0    0    0    1    1    1    0    0    0    0    0    1    0    0    0    0    0    0    1    2    0    0    0    0    0    0    0    0    0    0    0    0    2    0    0    0    0    0    0    0    0    0    0    0    0    0    1    0    0    0    0    0    0    1    1    3    1    1    1    0    0    0    0    0    0    0    1    0    0    0    0    0    0    1    1    0    0    0    0    0    2    0    1    0    0    0    0    0    0    0    0    0    0    0    0    0    0    0    0    1    0    1    1    0    0    0    0    0    0    0    0    0    1    0    1    0    0    0    0    1    0    1    0    0    0    0    0    0    0    0    1    0    1    0    1    0    0    0    0    0    0    0    0    0    0    0    0    0    0    0    1    0    0    0    0    0    0    0    0    0    0    0    0    0    0    0    0    0    0    0    0    0    0    0    0    0    0    0    1    1    0       50
utila     0    0    0    1    1    0    0    1    0    0    0    0    3    0    0    0    0    1    1    2    0    0    1    0    2    2    1    0    1    0    0    0    0    1    0    0    1    0    0    1    0    0    0    1    0    0    0    0    0    0    0    0    0    2    2    0    1    1    0    0    0    0    0    1    1    0    0    0    0    0    0    0    1    0    0    0    4    2    0    1    0    0    0    1    1    0    0    0    0    0    2    1    0    0    0    1    0    0    0    0    2    0    0    0    0    0    0    1    0    0    0    0    0    0    1    0    0    0    1    0    0    0    0    0    0    0    0    0    0    0    0    0    0    0    0    1    0    0    0    0    0    1    0    0    0    0    0    0    1    1    1    0    0    0    0    0    0    0    0    0    0    0    0    0    0    0    0    0    0    0    0    0    0    0    0    1    0    0    0    0    0    0    0    0    0    0    0    0    0    0    0    0    0    0    1    0    0    0    0    0    0    0       55
guanaja   0    0    0    0    0    0    1    4    0    1    0    0    3    0    0    0    0    3    2    2    0    0    0    1    2    1    0    0    0    1    0    0    0    0    0    0    0    0    0    0    0    1    0    0    0    0    0    0    0    0    0    0    0    1    1    2    0    0    0    0    1    0    0    1    1    1    0    1    0    0    1    0    0    0    0    0    0    0    0    0    0    1    0    0    0    0    0    1    0    1    0    0    0    1    0    0    0    0    0    0    1    0    0    0    0    1    0    0    0    0    0    0    1    0    0    0    0    1    0    1    0    0    0    0    0    0    0    0    0    0    0    0    1    0    0    0    0    1    0    0    0    0    0    0    1    0    0    0    0    0    0    0    0    0    0    1    0    0    1    0    0    0    0    0    0    0    0    1    0    0    0    0    0    0    1    0    0    0    0    0    0    0    0    0    1    0    0    0    0    0    0    0    0    0    0    1    0    0    0    0    0    0       50
cayos bec 0    0    0    0    1    0    0    2    0    0    0    0    3    1    0    0    0    0    1    0    0    0    0    1    3    1    0    0    0    1    0    0    1    1    1    0    0    0    0    1    0    0    0    0    0    0    0    0    1    0    0    0    0    0    4    1    0    0    0    0    1    0    0    1    0    1    1    0    0    0    0    1    0    0    0    0    1    1    1    1    0    0    0    0    0    0    1    0    0    0    0    0    0    0    0    0    2    0    0    0    0    1    1    0    0    0    0    1    0    0    1    0    0    1    0    0    0    0    0    0    0    0    0    0    0    0    0    0    0    0    1    0    0    0    0    0    1    1    0    0    0    0    0    0    0    1    0    2    0    0    0    0    0    0    0    2    0    0    0    0    0    0    0    0    0    0    0    0    0    1    0    0    0    0    0    0    0    0    0    0    1    0    0    0    0    1    0    0    0    0    0    0    0    0    0    0    0    0    0    0    0    0       52
cayos de  0    0    0    1    0    0    0    3    0    0    0    0    0    0    1    0    1    2    0    1    0    0    0    0    0    0    1    0    0    0    0    1    1    1    2    0    1    0    0    1    0    2    0    0    1    0    1    0    1    0    1    0    0    1    0    1    0    0    1    0    0    1    0    1    1    0    0    0    0    1    0    1    1    1    0    0    1    0    1    0    0    0    0    1    0    0    0    0    1    1    0    1    1    0    1    2    0    0    0    0    0    0    0    0    0    0    0    0    0    0    0    0    0    0    0    0    0    0    0    1    0    0    0    0    0    1    0    0    0    0    0    1    0    0    0    0    0    1    0    0    0    0    0    0    0    0    0    1    0    0    0    0    0    0    0    0    0    1    0    1    0    0    0    0    0    0    0    0    0    0    0    0    0    0    2    0    0    0    0    0    0    0    0    0    0    0    0    0    0    0    0    0    0    0    0    0    0    0    0    0    0    0       52
bocas del 0    0    0    0    0    0    2    2    1    1    0    0    3    1    0    0    1    1    0    1    0    0    0    0    1    0    0    0    0    0    0    0    0    1    0    0    0    0    0    0    0    0    0    1    0    0    0    2    0    1    0    0    0    1    0    0    1    0    0    0    0    0    0    1    0    0    0    0    1    0    0    0    0    1    0    0    2    0    0    0    0    0    0    0    1    0    0    0    1    0    0    0    0    0    0    0    0    0    0    0    2    1    0    0    0    0    0    0    0    0    1    0    0    0    0    0    0    0    0    0    0    0    0    0    0    0    0    0    0    0    0    0    0    0    0    1    0    0    0    0    0    0    0    0    0    0    0    1    1    0    0    1    0    0    0    0    0    0    0    0    0    1    0    0    0    0    0    0    0    0    0    0    0    0    0    0    0    0    0    0    0    0    0    0    0    0    0    0    0    0    0    0    0    0    0    0    0    0    0    0    0    0       37
el porven 0    0    0    1    0    0    1    2    1    0    0    0    4    0    0    1    0    0    0    0    0    0    0    0    2    0    1    0    0    0    1    0    4    0    1    0    0    0    0    0    0    0    0    0    0    0    0    0    0    0    0    0    0    0    0    0    0    0    0    0    0    0    0    0    0    0    0    1    0    0    1    1    0    1    0    0    1    3    0    1    0    0    0    0    1    0    0    0    0    0    0    0    0    0    0    0    0    0    0    0    2    0    0    1    0    0    1    0    0    2    0    0    0    0    0    0    0    0    0    0    0    0    0    0    0    1    0    0    0    0    0    0    0    0    0    0    2    0    0    0    0    0    0    0    0    0    0    0    1    0    0    0    0    0    0    0    0    0    0    0    0    1    0    0    0    0    0    0    1    0    0    0    0    0    0    0    0    0    0    1    0    0    0    0    1    0    1    0    0    0    0    0    0    0    0    0    0    0    0    0    0    0       44
cayos hol 0    0    0    0    0    0    0    1    0    2    0    0    7    0    0    0    0    3    3    1    1    1    0    0    0    1    1    0    0    0    0    0    4    1    1    0    0    1    0    0    0    1    1    0    1    0    0    0    0    0    0    1    0    0    0    0    1    1    0    0    0    0    0    0    1    0    0    0    0    0    0    0    0    1    0    0    1    0    0    0    1    0    1    1    0    0    0    2    0    0    0    0    0    0    0    1    0    0    1    0    0    0    1    1    0    1    0    0    0    0    0    0    0    0    0    0    0    0    0    0    0    0    0    0    0    0    0    0    0    0    0    0    0    0    0    1    0    0    0    0    1    0    0    0    0    0    1    0    0    0    0    0    0    0    0    0    0    0    0    0    0    0    0    0    0    0    0    0    0    0    0    0    0    0    0    0    0    0    0    0    0    0    0    0    0    0    0    0    0    0    0    0    0    0    0    0    0    0    0    0    0    0       50
islas puy 0    0    1    1    0    0    0    2    1    0    1    0    2    0    2    0    1    2    2    0    0    0    0    0    0    1    0    0    0    0    0    0    1    0    1    0    0    0    0    1    0    0    0    0    0    0    0    0    0    0    0    0    0    0    0    1    0    0    0    0    0    0    0    1    0    0    0    1    0    0    0    0    0    0    0    0    1    0    0    0    0    0    0    1    0    0    1    0    0    0    0    0    0    1    0    0    0    0    0    1    1    1    2    0    1    0    0    1    0    0    0    0    0    0    0    0    0    0    0    0    0    0    0    0    0    0    0    0    0    0    0    0    0    0    0    1    1    0    1    0    0    0    0    0    0    0    0    1    0    0    0    0    0    0    0    0    0    0    0    0    0    0    0    1    2    0    0    0    0    0    0    0    0    0    0    0    0    0    0    0    0    0    0    0    0    0    0    0    0    0    0    0    0    0    0    0    0    0    0    0    0    0       40
cayos rat 0    0    1    0    0    0    0    1    0    0    1    0    0    0    0    0    0    3    1    0    0    0    0    1    2    0    0    0    0    1    0    0    2    1    1    1    0    0    0    1    0    1    0    0    0    0    0    0    0    0    0    0    0    2    0    2    0    0    0    0    0    0    1    0    2    0    0    1    0    0    0    3    0    0    0    0    0    0    1    0    0    0    1    0    0    1    0    2    0    0    0    0    0    0    0    0    0    0    0    0    2    1    2    0    0    0    0    0    0    0    0    0    0    0    0    1    1    1    0    0    0    0    0    0    0    0    0    0    0    0    0    0    0    0    0    0    0    2    0    0    0    0    0    1    0    0    0    0    0    0    0    1    0    0    0    0    0    0    0    0    0    0    1    0    0    0    0    0    0    0    0    0    0    0    1    0    0    0    1    0    0    0    0    0    0    0    0    1    1    0    0    0    0    0    0    0    0    0    1    0    0    0       52
cayos ing 0    0    0    0    0    0    1    2    0    0    0    0    1    0    0    0    0    3    0    0    0    0    0    0    2    1    1    0    0    0    0    0    1    1    1    0    0    1    1    0    0    0    0    0    0    1    0    0    0    0    0    0    0    0    0    0    0    0    0    0    0    0    0    1    2    2    1    0    0    0    0    0    0    0    0    0    2    0    3    1    1    0    0    0    0    0    0    0    0    0    1    0    0    0    0    0    0    1    0    0    0    1    1    2    0    0    0    2    1    1    0    0    0    0    0    0    0    0    0    0    0    1    0    0    0    0    0    0    0    1    0    0    0    0    0    0    0    0    0    0    1    0    0    0    0    0    0    0    0    0    0    0    0    0    0    0    0    0    1    0    0    0    0    0    0    0    1    0    0    0    0    0    0    1    0    0    0    1    0    0    0    1    0    0    0    0    0    0    0    0    1    1    0    0    0    0    0    0    0    0    0    0       50
achutupu  0    0    0    1    0    0    1    2    0    0    0    0    0    2    0    0    1    2    1    0    1    0    0    0    0    2    0    2    0    0    0    0    3    0    1    0    0    0    0    1    1    0    0    0    1    1    0    0    0    0    0    0    0    0    0    0    0    0    0    0    0    0    0    0    0    2    0    0    0    0    0    0    0    1    0    0    1    0    2    0    1    0    1    0    0    0    0    2    0    0    1    0    0    0    0    0    1    0    0    0    0    0    1    1    0    0    0    0    0    1    1    0    0    0    0    0    0    0    0    0    0    0    0    0    0    0    0    0    0    0    0    0    0    0    1    0    0    0    0    0    0    0    0    0    0    0    0    1    0    0    0    1    0    0    1    0    0    0    0    0    0    0    0    0    0    0    0    0    0    0    0    0    0    0    0    0    0    0    0    0    0    0    1    0    0    0    0    0    0    0    0    0    1    1    0    0    1    0    0    0    0    0       47
isla dupa 0    1    0    0    0    1    2    3    0    1    0    0    1    0    0    0    0    3    0    0    0    0    0    0    6    3    2    0    0    0    0    0    0    0    0    0    0    0    0    1    0    1    0    0    0    0    0    0    0    0    0    0    0    0    0    0    0    0    0    1    0    0    0    0    0    1    0    0    1    0    0    0    0    0    0    0    0    0    1    0    0    0    1    0    0    0    0    0    0    0    0    0    0    0    0    0    0    0    0    0    3    0    0    2    0    0    0    0    0    1    0    0    0    0    0    0    0    0    0    0    0    0    0    0    0    0    0    0    0    0    0    0    0    0    0    0    0    0    0    1    0    0    0    0    0    0    0    0    0    0    0    0    0    0    0    0    0    0    0    0    1    0    0    0    0    0    0    0    0    0    0    0    1    1    0    0    1    0    0    0    0    0    0    0    0    0    0    0    0    1    0    0    0    0    0    0    0    0    0    0    0    0       42
goedup    0    0    0    0    0    1    1    0    1    0    0    0    0    0    0    0    0    5    1    1    0    0    0    0    0    0    0    0    1    0    0    1    0    0    0    0    0    0    0    0    0    1    0    0    0    0    0    0    0    0    0    0    0    0    0    0    0    0    0    0    0    0    0    2    0    0    0    0    0    0    0    0    0    0    1    0    0    1    1    0    0    2    0    0    0    0    0    1    0    0    0    0    0    0    0    1    0    0    0    0    2    0    2    2    0    0    3    3    0    3    0    0    0    0    0    0    0    0    0    1    0    0    0    0    0    0    1    1    0    0    0    0    0    0    0    1    0    0    0    0    1    0    0    0    0    0    0    0    1    0    0    0    1    0    0    0    0    0    0    0    0    0    0    0    0    1    0    0    0    0    1    0    0    0    0    1    0    1    0    0    0    1    0    1    0    0    0    0    0    0    0    0    0    0    0    0    0    1    0    0    0    1       52
barbados  1    0    0    0    0    0    0    2    2    0    0    1    2    1    0    0    0    1    3    2    0    0    0    0    1    1    0    0    0    0    0    0    2    1    0    0    0    0    0    0    0    0    0    0    0    0    0    0    0    0    0    0    1    0    0    0    1    0    0    0    1    0    0    2    2    0    0    0    0    1    0    0    0    0    0    0    0    0    0    0    0    0    0    0    0    1    0    2    1    0    1    0    0    1    0    0    0    0    0    1    0    1    0    0    0    1    0    0    0    0    0    1    0    0    0    0    0    0    0    2    0    0    0    0    1    1    0    0    1    0    0    1    0    0    0    1    0    1    0    0    0    0    0    0    0    0    0    0    0    0    0    0    0    0    0    0    1    0    0    0    0    0    0    0    0    0    0    0    0    0    0    0    0    0    0    0    0    0    0    0    0    0    0    0    0    0    0    0    0    0    0    0    0    0    0    0    0    0    0    0    1    0       48

Total:    1    1    2    5    2    2    10   30   7    5    2    1    31   6    5    1    4    29   18   10   2    1    1    3    22   14   8    2    2    3    1    2    20   8    9    1    2    2    1    8    3    7    1    2    3    2    1    2    2    1    1    1    1    9    7    7    4    2    1    1    3    1    1    11   10   7    2    5    2    2    2    6    2    5    2    1    17   8    11   5    3    3    4    4    3    2    2    11   3    2    5    2    1    3    2    6    3    1    1    2    15   8    10   10   1    3    4    8    1    8    3    1    1    1    1    1    1    2    1    5    1    1    1    1    1    3    1    1    1    1    1    2    1    1    1    7    4    6    1    1    4    1    1    1    1    1    1    6    4    1    1    4    1    1    1    4    1    1    2    1    1    2    1    1    2    1    1    1    1    1    1    1    1    2    4    2    1    2    1    1    1    2    1    1    2    1    1    1    1    1    1    1    1    1    1    1    1    1    1    1    2    1       721

Fis^= 0.009523
Fst^= 0.005947
Fit^= 0.015414
1-Qintra^= 0.900139 (gene diversity intra-individuals)
1-Qinter^= 0.908793 (gene diversity inter-individuals intra-pop)


  Locus: h24
---------------------------------
Pop       Genotypes:
          ------------------------------------------------------------------------------------------------------------------------------------------------------------------------------------------------------------------------------------------------
          202  202  204  200  202  204  206  200  204  206  196  202  204  206  208  198  200  202  204  206  210  212  202  204  206  208  210  212  214  198  200  202  204  206  208  210  212  214  216  192  198  204  206  208  210  212  214  216  218  200  202  204  206  208  210  212  214  216  218  220  200  202  204  206  208  210  212  214  216  218  220  222  202  204  206  208  210  212  214  216  218  220  222  224  198  202  204  206  208  210  212  214  216  218  220  222  224  226  204  206  208  210  212  214  216  218  220  222  224  226  200  202  204  206  208  210  212  214  216  218  220  222  224  226  228  230  204  206  210  212  214  216  220  222  224  226  228  230  232  198  202  204  208  210  214  216  218  220  222  224  226  230  232  204  212  216  218  220  222  224  232  234  206  208  210  216  218  220  224  226  230  202  204  206  210  212  216  218  220  222  230  234  236  240  206  222  226  230  232  202  204  206  212  214  216  218  220  222  226  228  230  232  234  238  216  226  202  210  212  230  202  206  214  224  204  216  218  226  202  216  222  230  
          202  204  204  206  206  206  206  208  208  208  210  210  210  210  210  212  212  212  212  212  212  212  214  214  214  214  214  214  214  216  216  216  216  216  216  216  216  216  216  218  218  218  218  218  218  218  218  218  218  220  220  220  220  220  220  220  220  220  220  220  222  222  222  222  222  222  222  222  222  222  222  222  224  224  224  224  224  224  224  224  224  224  224  224  226  226  226  226  226  226  226  226  226  226  226  226  226  226  228  228  228  228  228  228  228  228  228  228  228  228  230  230  230  230  230  230  230  230  230  230  230  230  230  230  230  230  232  232  232  232  232  232  232  232  232  232  232  232  232  234  234  234  234  234  234  234  234  234  234  234  234  234  234  236  236  236  236  236  236  236  236  236  238  238  238  238  238  238  238  238  238  240  240  240  240  240  240  240  240  240  240  240  240  240  242  242  242  242  242  244  244  244  244  244  244  244  244  244  244  244  244  244  244  244  246  246  248  248  248  248  250  250  250  250  252  252  252  252  258  258  258  258    Total

carrie bo 0    0    0    0    0    1    0    0    0    0    0    0    0    0    0    0    0    0    0    0    2    0    0    0    0    0    1    0    0    0    0    0    0    2    1    0    0    0    0    1    0    1    0    0    2    0    0    1    2    0    0    0    0    0    0    0    0    0    1    0    0    1    2    1    0    0    0    0    1    2    0    0    1    2    0    1    0    0    0    0    0    0    0    0    0    0    0    1    0    0    1    1    0    2    2    1    0    0    1    0    0    0    1    0    0    0    0    0    0    0    0    0    1    0    0    0    0    0    0    0    0    0    0    0    0    0    0    0    1    0    0    0    0    0    0    0    0    0    0    0    0    0    0    0    0    0    0    0    0    0    0    0    0    0    0    0    0    0    0    1    0    0    0    0    0    0    0    1    0    0    1    0    0    0    0    0    1    0    1    1    1    0    0    1    0    0    0    0    0    0    0    0    1    0    0    1    1    0    0    0    0    0    1    0    0    0    0    0    0    0    0    0    0    0    0    0    0    0    0    0    0    0       50
utila     0    0    0    1    0    2    0    0    0    1    0    0    1    0    0    0    0    0    0    0    0    0    0    0    0    0    0    0    0    0    0    0    0    1    1    0    1    1    0    0    0    0    0    1    1    0    0    0    1    0    0    0    0    0    0    0    1    0    1    1    0    1    0    1    0    1    0    1    0    2    1    0    0    0    1    0    0    1    0    0    2    0    1    0    0    1    0    0    0    1    0    0    0    1    1    0    0    0    0    0    0    0    0    0    1    0    0    0    0    0    0    0    0    0    0    1    0    1    0    1    1    0    0    0    0    1    0    0    0    0    0    0    1    1    0    0    0    0    0    0    0    0    0    0    0    0    0    0    0    0    0    0    0    0    0    0    0    0    0    0    1    0    1    0    0    1    1    0    0    0    0    0    0    1    0    0    2    2    1    0    0    0    0    0    1    0    0    0    0    0    0    0    1    0    0    1    0    0    0    0    0    0    0    0    0    1    0    0    0    0    0    0    0    0    0    0    0    0    0    0    0    0       53
guanaja   0    0    0    0    0    0    0    0    0    0    0    0    0    0    0    0    1    0    0    1    0    0    0    1    3    0    0    0    0    0    0    0    0    1    0    1    0    0    0    0    0    0    0    0    0    0    0    0    2    0    0    1    1    0    1    0    2    0    0    0    0    0    0    2    0    1    0    0    0    1    2    0    0    1    0    0    0    1    1    0    0    0    1    0    0    0    0    0    0    1    0    0    1    0    0    2    1    0    0    0    0    0    1    0    0    0    0    1    0    3    0    0    0    0    0    1    0    1    0    0    0    0    1    1    0    0    0    0    0    0    0    0    0    0    0    0    0    0    1    0    0    0    0    0    0    0    0    0    0    0    0    0    0    0    0    1    0    0    0    0    0    0    0    1    0    0    0    0    0    0    0    1    0    1    0    0    0    1    0    4    1    0    0    0    0    0    1    0    0    0    0    0    0    1    0    0    0    0    0    0    0    0    0    1    0    0    0    0    0    0    0    0    0    0    0    0    0    0    0    0    0    0       53
cayos bec 0    0    0    0    0    2    0    0    0    0    0    1    0    0    1    0    0    0    0    0    0    0    0    2    0    0    0    0    1    0    0    1    0    1    0    0    0    0    0    0    0    0    2    0    0    0    0    0    0    0    0    1    2    0    0    1    1    0    0    0    0    0    2    1    0    2    0    0    0    0    0    0    0    0    1    0    1    0    1    1    1    1    1    0    0    0    0    0    0    1    2    1    1    0    2    1    0    0    0    1    0    1    0    0    1    1    0    0    0    1    0    0    1    0    0    0    0    1    0    0    1    0    0    0    0    0    0    0    0    0    0    1    0    0    1    0    0    0    0    0    0    0    1    0    0    0    0    0    0    0    0    0    1    0    0    0    0    0    0    0    0    0    1    0    0    0    0    1    0    1    0    0    0    0    0    0    0    1    0    0    0    0    0    0    0    0    0    1    0    0    0    0    0    0    0    0    0    0    0    1    0    0    0    0    0    0    0    0    0    0    0    0    0    1    0    0    0    0    0    0    0    0       55
cayos de  0    0    0    1    0    0    0    0    1    0    0    0    0    1    0    0    0    0    0    1    1    0    0    0    0    0    0    0    0    1    0    0    0    1    0    0    0    0    0    0    0    0    0    0    0    1    2    0    0    1    0    0    0    0    1    0    0    0    0    0    0    0    1    0    0    0    0    0    1    1    0    0    0    0    1    0    0    3    0    0    1    1    1    0    0    0    0    0    1    0    2    1    1    0    2    2    0    3    0    0    0    0    0    1    0    0    0    0    0    0    0    1    1    1    0    0    1    0    0    0    1    0    1    0    0    1    0    0    0    0    0    0    0    0    0    0    0    1    0    1    0    0    0    1    1    0    1    0    0    0    0    0    0    0    0    0    0    0    0    0    0    0    0    0    0    0    0    0    0    0    0    0    1    1    0    0    0    0    0    0    0    0    1    0    0    0    0    0    0    0    0    1    0    0    0    0    0    0    0    0    1    0    0    0    0    0    0    0    0    0    0    1    0    0    0    0    0    0    0    0    0    0       53
bocas del 1    0    0    0    1    0    1    0    0    0    0    0    0    0    0    0    0    0    0    0    0    0    0    0    0    0    0    0    0    0    1    0    2    0    0    1    1    1    2    0    0    2    2    0    1    0    0    1    0    0    0    1    1    0    0    0    0    1    0    0    0    0    0    0    0    0    1    0    1    0    0    0    0    1    0    0    2    1    0    0    1    0    0    0    0    0    0    0    0    3    0    1    1    0    0    0    0    1    0    0    0    0    1    0    2    1    0    0    0    0    0    1    1    0    1    1    0    0    1    0    0    0    0    0    0    0    0    0    0    1    0    0    0    0    0    0    0    0    0    0    0    0    0    0    0    0    1    0    0    0    0    0    0    1    0    0    0    0    0    0    0    0    0    0    0    0    0    0    0    0    0    0    0    0    1    0    1    0    0    0    0    0    0    0    0    0    0    0    0    0    1    0    0    0    1    0    0    0    0    0    0    0    0    0    0    0    0    0    0    0    0    0    0    0    0    0    0    0    0    1    0    0       50
el porven 0    0    0    0    1    0    1    0    0    0    0    0    0    0    0    1    0    1    0    0    0    0    0    0    0    0    0    1    0    0    0    1    0    0    1    0    1    0    0    0    0    0    2    0    0    0    0    1    0    0    1    0    0    0    1    0    0    1    0    0    0    0    0    0    1    0    0    0    2    0    1    0    0    0    0    0    0    0    0    1    0    0    0    1    0    0    1    0    0    0    0    1    4    0    2    4    0    1    0    0    1    0    0    0    0    0    0    0    0    1    0    0    0    0    0    0    0    0    0    0    0    0    0    1    0    0    2    0    0    0    0    0    0    0    0    1    0    0    0    0    0    0    0    0    0    1    0    0    0    1    0    0    0    0    0    1    0    0    0    0    0    0    0    0    0    0    0    0    1    0    0    0    0    0    0    0    0    0    0    0    0    0    0    0    0    1    0    0    1    1    0    0    0    0    0    0    0    0    1    0    0    0    0    0    0    0    0    0    0    0    0    0    0    0    0    0    0    0    0    0    0    0       47
cayos hol 1    0    0    0    0    1    1    0    0    0    0    0    1    0    0    0    0    0    0    0    1    0    0    0    1    0    0    0    1    0    0    1    1    1    1    0    1    0    2    0    0    0    2    0    0    0    0    1    0    0    0    0    0    0    0    0    0    0    0    0    1    0    1    0    0    1    0    0    0    0    0    0    0    2    0    0    1    0    0    0    0    0    0    0    0    1    0    2    0    1    1    0    2    1    1    3    1    0    0    0    0    0    0    0    0    1    0    0    1    0    1    0    0    0    0    0    0    0    0    0    0    0    0    0    0    0    0    0    0    0    0    0    0    0    0    0    0    0    0    0    0    0    0    0    0    0    2    0    0    0    0    0    0    0    0    0    1    0    0    0    0    0    0    0    0    0    0    0    1    0    0    0    0    0    0    0    0    0    0    1    0    1    0    0    0    0    0    0    0    0    0    1    1    0    1    0    0    1    0    0    0    0    0    0    0    0    0    0    0    0    1    0    0    0    0    0    0    0    0    1    0    0       51
islas puy 0    1    1    0    1    0    0    0    1    0    1    0    0    0    0    0    0    0    0    0    0    1    1    0    0    0    0    2    0    0    0    2    0    0    1    0    1    0    0    0    0    0    0    0    1    0    0    1    1    0    0    1    1    0    0    0    0    1    0    1    0    2    0    0    0    1    0    0    2    1    2    1    0    1    0    0    0    0    0    0    0    0    0    0    0    0    1    1    0    0    0    1    1    1    0    1    1    1    0    0    0    0    1    0    1    0    0    0    1    1    0    0    0    0    0    0    0    0    0    0    1    1    0    0    0    0    1    0    0    0    1    0    0    0    0    0    0    0    0    0    0    0    0    0    0    0    1    0    0    0    0    0    0    0    0    0    0    0    0    0    0    0    0    0    0    0    0    0    0    0    0    0    0    1    0    0    0    0    0    0    0    0    0    0    0    0    0    0    0    0    0    1    0    0    0    0    0    1    2    0    0    0    0    0    0    0    0    0    0    0    0    0    1    0    0    0    0    0    0    0    0    0       53
cayos rat 0    0    2    0    0    2    0    0    0    0    0    0    0    1    0    0    0    0    1    0    0    0    0    2    0    0    0    0    0    0    1    0    2    0    0    0    0    0    0    0    0    0    0    0    0    0    0    0    0    0    0    1    0    1    0    1    0    0    0    1    0    1    0    1    3    0    1    1    0    0    0    5    0    0    1    1    0    0    1    0    0    0    0    1    0    0    0    2    0    0    1    0    1    1    1    1    1    1    0    1    0    0    0    0    1    0    0    0    1    0    0    0    0    0    0    0    0    1    1    0    0    1    0    0    0    0    0    0    0    0    0    1    1    0    0    0    1    0    0    0    0    0    0    0    0    0    0    0    0    0    1    0    0    0    1    0    1    0    0    0    0    0    0    0    0    0    0    0    0    0    0    0    0    0    0    0    0    0    0    0    0    0    0    0    1    0    0    0    0    0    0    0    0    0    0    0    0    0    0    0    0    0    0    0    0    0    0    0    0    0    0    0    0    0    0    0    0    0    0    0    0    0       53
cayos ing 0    0    0    0    0    0    0    0    0    1    0    0    0    0    0    0    0    0    1    1    0    0    0    0    3    0    1    0    0    0    0    1    0    0    1    1    1    1    1    0    0    0    0    0    0    0    0    1    0    0    0    0    0    0    0    0    1    0    0    0    0    0    0    0    0    0    0    1    3    2    0    3    0    1    0    0    0    0    0    0    1    0    1    0    1    0    2    1    0    0    0    0    1    0    0    0    1    1    0    0    1    0    0    0    1    0    0    0    0    0    0    0    0    0    0    0    0    0    0    0    0    3    1    0    0    0    0    1    0    1    0    0    0    0    0    1    0    0    0    0    0    0    0    0    0    0    0    0    1    0    1    0    0    0    0    1    0    1    0    0    0    0    1    0    0    0    0    0    0    0    0    0    0    0    0    0    0    0    0    0    0    0    0    0    0    0    0    0    0    0    0    0    0    0    1    0    0    0    1    0    0    0    0    0    0    0    0    0    0    0    0    0    0    0    1    0    0    0    1    0    0    1       53
achutupu  0    1    0    0    0    2    1    1    0    0    0    0    0    0    0    0    0    1    0    2    0    1    0    0    0    0    0    0    0    0    0    0    1    0    0    1    1    0    0    0    0    0    1    0    0    0    1    1    0    0    0    0    0    0    0    0    0    1    0    0    0    2    0    2    0    0    2    0    0    0    0    1    0    0    0    0    1    0    0    1    0    0    0    0    0    0    0    0    0    1    0    1    1    0    2    0    2    0    0    0    0    0    0    0    0    0    1    0    0    1    0    0    0    0    0    0    0    0    2    0    0    1    1    0    0    0    0    0    0    0    0    0    0    0    0    0    0    0    0    0    0    1    0    0    0    0    0    1    0    0    2    1    0    0    0    0    0    0    0    0    0    1    0    0    0    0    0    0    0    0    0    0    0    0    0    0    0    0    0    0    0    0    0    0    0    0    0    0    0    0    1    0    0    0    0    0    0    2    0    0    0    0    0    0    1    0    0    0    0    0    0    0    0    0    0    0    1    0    0    0    0    0       49
isla dupa 0    0    0    0    0    0    0    0    0    0    0    0    0    1    0    0    0    0    0    1    1    0    0    0    1    0    0    0    0    0    0    0    1    0    0    0    0    0    0    0    0    0    1    0    0    0    0    1    0    0    0    0    0    0    0    0    0    0    1    0    0    1    0    1    0    0    1    1    5    0    0    0    0    0    0    0    0    0    2    0    1    0    2    0    0    0    1    1    0    0    1    0    1    1    1    2    1    0    0    1    0    0    0    0    0    0    0    0    0    1    0    0    1    0    0    1    0    0    2    0    0    0    1    0    0    0    0    0    0    0    0    0    0    1    0    0    0    0    0    0    0    0    0    0    0    0    0    0    0    0    0    0    0    0    0    0    0    0    0    0    0    0    0    0    0    0    0    1    0    1    0    0    0    0    0    1    0    0    0    0    0    0    0    0    0    0    0    0    0    0    0    0    0    0    0    0    0    0    0    0    1    0    0    0    0    0    0    0    0    0    0    0    0    0    0    1    0    1    0    0    1    0       46
goedup    0    0    0    0    0    1    0    0    0    0    0    0    0    0    0    0    0    0    0    0    0    0    0    0    1    0    1    0    0    0    0    0    2    1    0    1    0    0    0    0    1    0    0    0    0    1    0    0    1    0    1    0    0    0    0    1    0    1    0    0    1    0    1    1    0    2    1    2    2    0    0    0    0    0    0    0    0    0    1    2    0    0    0    0    0    0    0    0    0    0    2    1    2    0    2    5    1    1    1    0    0    0    0    1    0    0    0    0    0    0    0    0    0    0    0    0    0    0    0    0    1    1    1    0    0    0    0    0    0    0    0    0    0    0    1    0    0    0    0    0    1    0    0    0    0    0    0    0    0    0    1    0    0    0    0    0    0    0    1    0    0    0    0    0    0    0    0    0    0    1    0    0    0    0    0    0    0    0    0    0    0    0    0    0    0    0    0    0    0    0    0    0    0    0    0    0    0    1    2    0    0    1    0    0    0    0    0    0    0    0    0    0    0    0    0    0    0    0    0    0    1    0       55
barbados  0    0    0    0    0    1    0    0    0    0    0    0    0    0    0    0    0    0    1    0    0    0    0    0    0    1    0    0    0    0    0    0    1    0    1    1    0    1    1    0    0    0    0    1    0    1    0    0    0    0    0    1    0    0    0    0    0    0    0    1    0    0    0    1    0    0    0    0    2    0    0    0    0    0    0    0    0    0    0    1    0    0    0    0    0    0    1    1    1    1    2    0    1    1    0    2    1    1    0    1    0    0    1    0    2    0    0    0    0    0    0    0    0    1    0    0    0    0    0    0    0    0    0    0    1    0    0    1    0    0    0    0    0    0    0    1    0    0    0    0    0    1    0    0    0    1    0    1    1    0    0    1    0    0    0    0    0    0    0    2    0    0    0    0    1    0    0    0    0    0    0    0    0    0    0    0    0    0    0    0    0    0    1    0    0    0    0    0    0    1    0    0    0    0    0    0    0    0    0    0    0    0    0    0    0    0    1    1    1    1    0    0    0    0    0    0    0    0    0    0    0    0       50

Total:    2    2    3    2    3    12   4    1    2    2    1    1    2    3    1    1    1    2    3    6    5    2    1    5    9    1    3    3    2    1    2    6    10   8    7    6    7    4    6    1    1    3    10   2    5    3    3    8    7    1    2    6    5    1    3    3    5    5    3    4    2    8    7    11   4    8    6    6    19   9    6    10   1    8    4    2    5    6    6    6    7    2    7    2    1    2    6    9    2    9    12   8    18   8    16   24   10   10   2    4    2    1    5    2    9    3    1    1    3    8    1    2    5    2    1    4    1    4    6    1    5    7    6    2    1    2    3    2    1    2    1    2    2    2    2    3    1    1    1    1    1    2    1    1    1    2    5    2    2    1    5    2    1    1    1    3    2    1    1    3    1    1    3    1    1    1    1    3    2    3    1    1    1    4    1    1    4    4    2    6    2    1    2    1    2    1    1    1    1    2    2    3    3    1    3    2    1    5    6    1    2    1    1    1    1    1    1    1    1    1    1    1    1    1    1    1    1    1    1    2    2    1       771

Fis^= 0.005558
Fst^= 0.004512
Fit^= 0.010045
1-Qintra^= 0.927367 (gene diversity intra-individuals)
1-Qinter^= 0.932550 (gene diversity inter-individuals intra-pop)


  Locus: hyp001
---------------------------------
Pop       Genotypes:
          ------------------------------------------------------------------------------------------------------------------------------------------------------------------------------------------------------------------------------------------------
          207  221  223  223  225  221  223  225  227  213  221  223  225  227  229  221  223  225  227  229  231  217  221  223  225  227  229  231  233  221  223  225  227  229  231  233  235  225  227  229  231  233  235  
          223  223  223  225  225  227  227  227  227  229  229  229  229  229  229  231  231  231  231  231  231  233  233  233  233  233  233  233  233  235  235  235  235  235  235  235  235  237  237  237  237  237  237    Total

carrie bo 0    0    1    1    2    0    0    1    1    0    0    1    0    2    2    0    0    5    2    2    4    0    1    1    5    1    4    3    2    0    0    0    1    1    2    3    0    0    1    0    0    1    0       50
utila     0    0    0    0    0    0    0    0    0    0    0    2    3    0    2    0    2    3    0    8    4    0    0    2    0    1    6    8    6    0    0    1    2    1    3    0    0    0    0    0    0    0    0       54
guanaja   0    0    0    0    0    0    1    2    0    1    0    2    0    2    1    0    4    0    6    7    3    1    0    2    2    2    6    5    2    0    1    0    0    1    0    0    0    0    0    0    1    0    0       52
cayos bec 0    1    0    0    1    1    3    3    2    0    0    0    0    2    2    0    1    1    2    6    3    0    1    1    3    4    1    7    4    1    0    0    2    0    0    0    1    0    0    0    1    0    0       54
cayos de  0    1    1    2    1    1    0    2    2    0    1    1    1    1    0    0    3    5    4    1    2    0    0    1    5    5    3    4    1    0    2    0    1    0    0    1    1    0    0    0    0    0    0       53
bocas del 0    0    0    0    1    0    0    4    0    0    0    0    1    2    1    1    2    3    2    5    2    0    0    2    2    1    3    5    4    0    3    1    0    0    1    2    0    0    0    0    0    1    0       49
el porven 0    0    0    0    1    0    2    2    0    0    0    2    0    1    0    0    1    0    2    1    3    0    0    2    5    6    4    10   0    0    1    0    1    1    1    1    0    0    0    0    0    0    0       47
cayos hol 1    0    0    0    2    1    3    3    0    0    0    1    2    1    1    0    1    0    3    6    1    0    0    1    3    6    5    3    1    0    2    0    1    1    1    0    0    0    0    0    0    0    0       50
islas puy 0    0    0    0    0    0    3    0    2    0    0    0    2    1    0    0    8    4    3    6    0    0    0    1    3    4    2    3    1    0    0    1    3    0    4    0    1    0    0    0    1    0    0       53
cayos rat 0    0    1    2    1    0    0    1    0    0    0    2    0    1    0    0    0    3    7    5    3    0    0    2    4    2    6    2    5    0    0    1    2    1    0    1    0    0    0    0    0    0    0       52
cayos ing 0    0    0    1    0    0    1    1    1    0    0    0    3    0    0    0    2    1    3    4    2    0    0    3    3    0    6    10   6    0    1    0    1    0    2    1    0    0    0    0    0    1    0       53
achutupu  0    1    0    1    0    1    1    2    2    0    0    0    2    2    0    0    2    1    3    2    3    0    0    2    5    0    2    5    2    1    0    0    3    2    2    0    0    1    0    1    0    0    0       49
isla dupa 0    0    1    2    0    0    1    2    0    0    0    0    0    2    1    0    0    2    5    3    5    0    1    1    2    2    2    3    2    0    1    1    0    1    2    0    0    0    0    0    1    0    1       44
goedup    0    0    0    0    0    0    0    1    0    0    0    0    1    2    2    0    5    5    5    0    1    0    0    0    3    4    3    7    3    0    1    1    5    1    1    2    0    0    0    0    1    1    0       55
barbados  0    0    1    0    0    0    3    0    1    0    0    3    1    1    1    0    6    2    2    2    4    0    0    1    2    3    3    2    3    0    0    0    2    0    4    2    0    0    0    0    0    1    0       50

Total:    1    3    5    9    9    4    18   24   11   1    1    14   16   20   13   1    37   35   49   58   40   1    3    22   47   41   56   77   42   2    12   6    24   10   23   13   3    1    1    1    5    5    1       765

Fis^= -0.007597
Fst^= 0.002738
Fit^= -0.004837
1-Qintra^= 0.839216 (gene diversity intra-individuals)
1-Qinter^= 0.832889 (gene diversity inter-individuals intra-pop)


  Locus: hyp015
---------------------------------
Pop       Genotypes:
          ------------------------------------------------------------------------------------------------------------------------------------------------------------------------------------------------------------------------------------------------
          118  124  126  126  126  128  130  122  126  128  130  132  126  132  126  130  132  134  126  132  
          126  126  126  128  130  130  130  132  132  132  132  132  134  134  136  136  136  136  138  138    Total

carrie bo 0    0    18   0    4    0    0    0    13   0    4    7    1    0    1    1    1    0    0    0       50
utila     2    0    18   0    1    0    0    1    20   1    3    4    1    0    2    0    0    1    1    0       55
guanaja   1    0    14   1    5    1    0    1    20   0    2    2    0    2    1    0    2    0    1    0       53
cayos bec 4    0    19   0    6    0    0    0    17   0    2    2    0    0    2    1    0    0    1    0       54
cayos de  1    0    22   1    3    0    0    0    17   0    1    5    0    0    2    0    1    0    0    0       53
bocas del 0    0    23   1    4    0    0    0    10   0    3    5    0    0    3    0    1    0    0    0       50
el porven 0    0    19   1    3    0    1    0    16   1    1    3    0    0    2    0    0    0    0    0       47
cayos hol 1    0    21   0    4    0    0    0    9    1    3    4    0    1    4    0    1    0    2    0       51
islas puy 0    1    23   1    1    0    0    0    14   0    1    4    1    1    3    0    0    0    1    1       52
cayos rat 0    0    24   0    4    0    0    0    15   0    2    3    1    0    2    0    2    0    1    0       54
cayos ing 0    0    25   0    4    0    0    0    16   0    2    1    2    0    1    0    1    0    1    0       53
achutupu  1    0    11   0    5    1    0    0    14   0    2    5    1    1    6    0    1    0    0    0       48
isla dupa 0    0    28   0    4    0    0    0    11   0    0    2    0    0    0    0    1    0    0    0       46
goedup    0    0    27   0    2    0    1    0    12   0    0    5    2    2    3    0    1    0    0    0       55
barbados  0    1    15   0    6    0    1    0    15   0    6    2    2    0    1    0    1    0    0    0       50

Total:    10   2    307  5    56   2    3    2    219  3    32   54   11   7    33   2    13   1    8    1       771

Fis^= 0.031010
Fst^= 0.003816
Fit^= 0.034707
1-Qintra^= 0.527886 (gene diversity intra-individuals)
1-Qinter^= 0.544779 (gene diversity inter-individuals intra-pop)


  Locus: hyp018
---------------------------------
Pop       Genotypes:
          ------------------------------------------------------------------------------------------------------------------------------------------------------------------------------------------------------------------------------------------------
          190  190  192  190  192  194  190  192  190  192  194  196  198  190  192  196  198  190  194  192  198  
          190  192  192  194  194  194  196  196  198  198  198  198  198  200  200  200  200  202  202  204  204    Total

carrie bo 2    16   8    0    4    0    0    1    4    11   1    0    1    0    0    0    0    0    1    0    0       49
utila     3    9    17   1    2    0    1    0    4    11   0    1    5    0    1    0    0    0    0    0    0       55
guanaja   6    12   12   3    3    0    0    0    4    9    2    0    0    0    0    0    0    0    0    0    1       52
cayos bec 3    19   15   0    2    0    0    0    5    8    0    0    1    1    0    0    0    0    0    0    0       54
cayos de  8    16   12   0    2    0    0    2    1    10   0    0    0    2    0    1    0    0    0    0    0       54
bocas del 1    16   19   1    0    0    0    1    1    7    0    0    2    0    0    0    0    0    0    0    0       48
el porven 3    15   18   0    1    0    0    1    3    5    0    0    1    0    0    0    0    0    0    0    0       47
cayos hol 3    17   12   0    4    0    0    0    6    7    0    0    2    0    0    0    0    0    0    0    0       51
islas puy 6    17   18   1    1    0    0    0    3    4    0    0    0    0    1    0    0    0    0    1    0       52
cayos rat 1    15   19   0    2    0    0    0    2    13   1    0    1    0    0    0    0    0    0    0    0       54
cayos ing 6    17   11   1    3    0    0    0    4    9    1    0    1    0    0    0    0    0    0    0    0       53
achutupu  0    13   20   2    0    0    1    1    5    4    0    0    2    0    0    0    0    0    0    0    0       48
isla dupa 3    15   13   1    3    2    0    1    2    4    1    0    0    0    0    0    0    0    0    0    0       45
goedup    1    10   16   1    4    0    0    0    4    17   0    0    0    0    1    0    0    0    0    0    0       54
barbados  7    12   7    2    1    0    1    1    3    13   0    0    1    0    0    0    1    1    0    0    0       50

Total:    53   219  217  13   32   2    3    8    51   132  6    1    17   3    3    1    1    1    1    1    1       766

Fis^= -0.016066
Fst^= 0.008143
Fit^= -0.007792
1-Qintra^= 0.622715 (gene diversity intra-individuals)
1-Qinter^= 0.612869 (gene diversity inter-individuals intra-pop)


  Locus: e2
---------------------------------
Pop       Genotypes:
          ------------------------------------------------------------------------------------------------------------------------------------------------------------------------------------------------------------------------------------------------
          131  145  146  155  157  157  158  157  158  159  157  157  158  159  157  158  159  161  163  157  158  159  161  163  165  157  158  159  157  159  163  157  163  157  
          157  157  157  157  157  158  158  159  159  159  160  161  161  161  163  163  163  163  163  165  165  165  165  165  165  167  167  167  169  169  169  171  171  176    Total

carrie bo 0    1    0    0    18   0    1    14   2    0    0    0    0    0    8    0    3    0    0    0    0    1    0    1    0    0    0    0    0    0    0    1    0    0       50
utila     0    0    0    0    17   1    0    9    1    1    0    1    1    0    14   0    1    0    0    3    0    1    0    0    0    0    0    0    2    0    1    0    1    0       54
guanaja   0    0    0    0    22   1    0    11   0    1    0    1    0    0    7    0    4    0    0    0    0    3    0    2    0    0    1    0    0    0    0    0    0    0       53
cayos bec 0    3    1    0    18   2    0    9    0    1    0    1    0    0    9    3    2    0    0    1    0    0    0    1    0    2    0    0    1    0    0    1    0    0       55
cayos de  0    0    0    1    14   0    2    12   3    0    0    1    0    0    11   1    1    0    4    2    0    0    0    0    0    0    0    0    1    0    1    0    0    0       54
bocas del 0    0    0    0    15   5    1    6    0    1    0    1    1    0    8    0    3    0    3    3    0    0    0    2    0    0    0    0    0    1    0    0    0    0       50
el porven 0    0    0    0    19   2    0    10   0    1    0    2    0    0    8    0    2    0    0    2    0    0    0    0    0    1    0    0    0    0    0    0    0    0       47
cayos hol 0    0    0    0    15   3    0    11   0    0    0    3    1    1    6    0    2    1    2    1    0    0    0    0    1    3    0    1    0    0    0    0    0    0       51
islas puy 0    0    0    0    18   2    0    5    0    1    0    2    0    1    9    0    2    1    1    2    0    0    1    0    0    2    0    0    2    0    0    0    0    0       49
cayos rat 0    0    0    0    20   4    0    9    0    0    0    2    0    0    11   1    1    0    3    2    0    0    0    0    0    1    1    0    0    0    0    0    0    0       55
cayos ing 1    1    0    0    26   1    0    5    1    0    0    3    0    0    10   0    1    0    0    2    1    1    0    0    0    1    0    0    0    0    0    0    0    1       55
achutupu  0    0    0    0    23   4    0    6    1    0    0    0    0    0    7    0    1    0    3    1    0    0    0    0    1    1    0    0    0    1    0    1    0    0       50
isla dupa 0    0    0    0    19   5    0    6    0    0    1    2    0    0    6    1    1    1    0    2    0    0    0    0    0    0    0    0    1    0    0    1    0    0       46
goedup    0    0    0    0    27   2    0    9    0    0    0    2    0    1    6    0    2    0    2    2    0    0    0    2    0    0    0    0    0    0    0    0    0    0       55
barbados  0    2    0    0    16   3    1    10   2    0    0    0    0    0    9    1    1    0    0    3    0    0    0    0    1    0    0    0    0    0    0    0    0    0       49

Total:    1    7    1    1    287  35   5    132  10   6    1    21   3    3    129  7    27   3    18   26   1    6    1    8    3    11   2    1    7    2    2    4    1    1       773

Fis^= -0.007475
Fst^= 0.001807
Fit^= -0.005654
1-Qintra^= 0.587322 (gene diversity intra-individuals)
1-Qinter^= 0.582964 (gene diversity inter-individuals intra-pop)


  Locus: hyp008
---------------------------------
Pop       Genotypes:
          ------------------------------------------------------------------------------------------------------------------------------------------------------------------------------------------------------------------------------------------------
          233  230  234  234  235  233  234  236  230  234  235  236  237  234  236  238  236  237  239  228  232  233  234  235  236  237  238  240  230  234  236  237  239  230  234  236  237  238  240  242  234  235  237  238  239  240  242  230  232  233  234  235  236  237  238  239  240  242  244  230  234  236  240  244  230  233  234  235  236  237  238  239  240  242  243  244  246  233  234  236  238  240  241  243  244  245  246  232  234  235  236  237  238  240  241  242  243  244  246  249  234  236  238  240  244  248  234  235  236  237  238  239  240  242  243  244  246  249  235  246  252  240  242  244  249  234  236  237  238  240  242  244  246  248  249  249  230  234  235  236  237  238  240  242  243  244  246  248  249  251  253  254  256  234  234  236  237  240  241  243  244  249  250  253  256  230  234  236  240  244  247  260  251  234  236  238  240  242  248  249  251  256  258  234  244  235  236  237  238  240  242  244  249  256  258  262  264  234  236  237  238  240  242  244  248  249  251  252  254  256  264  266  234  236  238  239  240  243  244  256  264  268  253  234  235  236  242  244  246  256  266  235  236  238  240  244  246  249  270  254  231  234  236  237  238  240  243  244  246  248  249  256  258  262  264  266  272  274  244  235  236  240  242  244  245  246  249  251  258  260  234  236  237  238  242  245  248  254  256  266  237  243  237  242  244  248  253  256  258  272  240  249  268  241  249  233  234  256  
          233  234  234  235  235  236  236  236  237  237  237  237  237  238  238  238  239  239  239  240  240  240  240  240  240  240  240  240  241  241  241  241  241  242  242  242  242  242  242  242  243  243  243  243  243  243  243  244  244  244  244  244  244  244  244  244  244  244  244  245  245  245  245  245  246  246  246  246  246  246  246  246  246  246  246  246  246  248  248  248  248  248  248  248  248  248  248  249  249  249  249  249  249  249  249  249  249  249  249  249  250  250  250  250  250  250  251  251  251  251  251  251  251  251  251  251  251  251  252  252  252  253  253  253  253  254  254  254  254  254  254  254  254  254  254  255  256  256  256  256  256  256  256  256  256  256  256  256  256  256  256  256  256  257  258  258  258  258  258  258  258  258  258  258  258  260  260  260  260  260  260  260  261  262  262  262  262  262  262  262  262  262  262  263  263  264  264  264  264  264  264  264  264  264  264  264  264  266  266  266  266  266  266  266  266  266  266  266  266  266  266  266  268  268  268  268  268  268  268  268  268  268  269  270  270  270  270  270  270  270  270  272  272  272  272  272  272  272  272  273  274  274  274  274  274  274  274  274  274  274  274  274  274  274  274  274  274  274  275  276  276  276  276  276  276  276  276  276  276  276  278  278  278  278  278  278  278  278  278  278  279  279  280  280  280  280  280  280  280  280  282  282  283  286  286  289  290  290    Total

carrie bo 0    0    0    0    0    0    1    0    0    0    0    0    0    3    1    0    0    0    0    0    0    0    1    0    3    0    1    1    0    0    0    0    0    0    0    0    0    0    1    0    0    0    0    0    0    0    0    0    0    0    0    0    4    0    3    0    3    0    0    0    0    0    0    0    0    0    1    0    0    0    0    0    0    0    0    3    0    0    0    0    0    0    0    0    0    0    0    0    0    0    0    0    2    1    0    0    0    0    0    0    0    0    0    0    0    0    1    0    0    0    2    0    0    0    0    0    0    1    0    0    0    0    0    0    0    0    0    0    1    0    0    0    1    0    0    0    0    0    0    0    0    0    1    0    0    0    0    0    0    0    0    0    0    0    0    0    0    1    0    0    0    1    0    0    0    0    0    0    1    0    0    0    0    0    1    0    1    0    0    0    0    0    0    0    0    0    0    0    0    0    0    0    0    0    0    0    0    0    0    0    1    0    0    0    0    0    0    0    0    0    0    0    0    0    0    0    0    0    0    0    0    0    0    0    0    0    0    0    0    1    0    0    0    0    0    0    0    0    0    0    0    0    0    0    0    0    0    1    1    0    0    0    0    0    0    0    0    0    0    0    0    1    0    0    0    0    0    0    1    0    0    0    0    1    0    0    0    0    0    0    0    0    0    0    0    0    1    1    0    0    0    0    0    0    0    0    0    0       50
utila     0    0    1    0    0    0    0    0    0    0    0    0    0    2    5    0    0    0    0    0    0    0    1    0    0    0    3    0    0    0    0    0    0    0    1    0    0    1    0    0    0    0    0    0    0    0    0    0    1    0    0    0    1    0    1    1    1    0    0    0    0    0    0    0    0    0    0    0    0    0    0    0    0    0    0    0    0    0    0    0    1    0    0    0    0    0    0    0    1    0    2    0    2    0    0    0    0    1    0    0    0    0    0    0    0    0    0    0    0    0    0    0    0    0    0    0    1    0    0    0    0    0    0    0    0    0    1    0    0    0    0    0    0    0    0    0    0    0    0    1    0    0    0    0    0    1    0    1    0    0    0    0    0    0    0    0    0    1    0    0    1    0    0    0    0    0    0    0    0    0    0    1    0    1    0    2    0    0    0    0    1    0    1    0    0    0    0    0    0    0    0    0    1    0    0    0    0    0    0    0    0    0    0    0    0    0    0    0    0    0    0    0    0    0    0    0    0    0    0    0    0    0    0    0    0    0    0    0    0    0    0    0    0    1    0    0    0    0    0    0    0    0    0    0    1    1    0    2    0    0    0    0    0    0    0    0    0    0    0    0    0    1    1    0    0    0    1    0    0    1    0    1    0    0    0    0    0    1    1    0    0    0    0    0    1    1    0    0    0    0    0    1    0    0    0    0    0    0       55
guanaja   0    1    0    0    0    0    0    1    0    0    0    0    0    3    1    1    0    0    0    0    1    0    1    0    0    0    3    0    0    0    0    0    0    0    0    0    0    0    1    0    0    0    0    0    0    0    0    0    0    0    3    0    2    0    3    0    0    2    1    0    0    0    0    1    0    0    1    0    0    0    0    0    2    0    0    1    0    0    0    0    1    0    0    0    0    0    1    0    0    0    0    0    0    0    0    0    0    1    1    0    0    0    0    0    0    0    0    0    0    0    0    0    0    0    0    1    0    0    0    0    0    0    1    0    0    0    0    0    0    0    0    0    0    0    0    0    0    0    1    1    0    3    1    0    0    0    0    0    1    0    0    0    0    0    0    1    0    0    0    0    2    1    0    0    0    0    0    1    0    0    1    0    0    0    0    1    0    0    0    0    0    0    0    0    0    0    0    0    0    0    0    0    0    0    0    1    0    0    0    0    0    0    0    0    0    0    0    0    0    0    0    0    0    0    0    0    0    0    0    0    0    0    0    0    0    0    0    0    0    0    0    0    0    0    0    0    0    0    0    0    0    0    0    0    0    1    0    0    0    0    0    0    0    0    0    0    0    0    1    0    1    0    0    0    0    0    0    0    0    0    0    0    0    0    0    0    0    0    0    0    0    0    0    0    0    0    0    0    0    0    1    0    0    0    0    0    0    0       54
cayos bec 0    0    0    0    0    0    2    2    0    0    0    0    0    2    2    1    0    0    0    0    0    0    2    0    2    0    1    0    0    0    0    0    0    0    0    0    0    1    1    0    0    0    0    0    0    0    0    0    0    0    1    0    1    0    3    0    0    0    1    0    0    0    0    0    0    0    1    0    1    0    0    0    0    0    0    1    0    0    0    1    0    0    1    0    0    0    0    0    0    0    0    0    2    1    0    0    0    1    0    0    0    0    0    1    1    0    0    0    0    0    1    0    0    0    1    1    0    0    0    0    0    0    0    0    0    0    1    0    1    1    0    0    0    0    0    0    0    0    0    2    0    1    1    0    0    0    0    1    0    0    0    0    0    0    2    0    0    1    0    0    0    0    0    0    0    0    1    0    0    1    0    0    0    0    0    0    0    0    0    0    0    0    0    1    0    0    0    0    0    0    0    0    0    0    0    0    0    0    0    0    0    0    0    0    0    0    0    0    0    0    0    0    0    0    0    0    0    0    0    0    0    0    0    0    0    0    0    0    0    0    0    0    0    0    0    1    0    0    0    0    0    0    0    0    0    0    0    0    0    0    0    0    0    0    0    0    0    0    0    0    0    0    0    1    0    0    0    0    0    0    0    0    0    0    0    0    0    0    0    0    0    0    0    0    0    0    0    0    0    0    0    0    0    0    0    0    1    1       54
cayos de  0    0    0    0    0    0    0    0    0    0    0    0    1    2    3    3    0    0    0    0    0    0    1    0    0    0    2    0    0    0    0    0    0    0    1    0    0    0    0    0    0    0    1    0    0    0    0    0    0    1    2    0    1    0    2    0    0    0    3    1    0    0    0    0    0    0    0    0    2    1    2    0    0    0    0    0    1    0    0    0    1    0    0    0    0    0    0    0    0    0    0    0    1    0    0    0    0    1    1    0    0    1    0    0    0    0    0    0    0    0    0    0    0    0    0    0    0    0    0    0    0    1    0    0    0    0    1    0    0    0    0    0    0    2    0    0    0    0    0    1    0    0    0    0    0    1    0    0    0    1    0    1    0    0    1    0    0    0    0    0    0    0    0    0    0    0    0    0    0    0    0    0    0    0    1    0    0    0    0    1    0    0    0    0    0    0    0    0    0    0    0    0    0    0    0    0    0    0    0    0    0    0    1    0    0    0    0    0    0    0    0    0    0    0    0    0    0    0    0    0    0    0    0    0    0    0    0    0    0    0    0    0    0    0    0    0    0    0    0    1    0    0    0    0    2    1    0    0    0    0    0    0    0    0    0    0    0    0    0    0    0    0    0    0    0    1    0    0    1    0    0    0    0    0    0    0    0    0    0    0    0    0    0    0    0    0    0    0    0    0    0    0    0    1    0    0    0    0       54
bocas del 0    0    0    0    0    0    3    1    0    0    0    0    0    1    2    2    1    0    0    0    0    0    0    0    1    0    3    1    0    0    0    0    0    0    0    0    0    0    0    0    0    0    0    0    0    0    0    1    0    0    0    0    1    0    2    0    0    1    1    0    0    0    0    0    0    0    0    0    2    0    1    0    0    0    0    0    0    0    0    1    0    0    0    0    0    0    0    0    0    0    0    0    2    1    0    0    0    2    1    0    0    0    0    0    0    1    0    0    0    0    1    0    0    0    0    0    0    0    0    0    0    0    0    0    0    0    0    0    0    0    0    0    0    0    0    0    0    1    0    1    0    1    0    0    0    0    1    0    0    0    0    0    1    0    0    0    0    0    0    0    1    1    1    0    0    0    0    0    0    0    0    0    0    0    0    1    0    0    0    0    0    0    0    0    0    0    0    0    0    0    0    0    0    0    0    0    0    0    0    0    0    0    0    0    0    0    0    0    0    0    0    0    1    0    0    0    0    0    0    0    0    0    0    0    0    0    0    0    0    0    0    0    0    1    0    0    1    0    0    0    0    0    0    0    0    0    0    0    0    0    0    0    0    0    0    0    0    0    0    0    1    0    0    0    1    0    0    0    0    0    0    1    0    0    0    1    0    0    0    0    0    0    0    1    0    0    0    0    0    0    0    0    0    0    0    0    0    0       50
el porven 0    0    0    0    0    0    0    3    0    0    0    0    1    0    1    0    0    0    0    0    0    0    0    0    0    1    1    1    0    0    0    0    0    0    1    0    0    0    0    1    0    0    0    0    0    0    0    0    0    0    1    1    0    2    2    0    0    0    0    0    1    0    0    0    0    0    0    0    0    0    0    0    0    1    0    0    0    0    0    0    0    0    0    0    0    0    0    0    0    0    0    0    0    0    0    0    0    0    0    0    0    0    0    0    0    0    0    0    2    0    0    0    0    0    0    0    0    0    0    0    0    0    0    0    0    0    0    0    0    1    0    1    0    0    0    0    0    0    0    0    0    0    1    0    1    0    0    0    0    0    0    0    1    0    0    0    0    0    0    0    0    0    0    0    0    0    0    0    0    0    0    0    0    0    0    0    0    1    1    0    0    0    0    0    1    0    0    0    0    0    0    2    0    0    0    0    0    1    0    0    0    0    0    0    0    0    0    0    0    0    1    0    0    0    1    0    0    1    0    0    0    1    0    0    0    0    0    0    0    0    0    0    1    0    1    0    0    0    0    0    0    0    0    1    1    0    0    0    0    1    0    2    0    0    0    1    0    0    0    0    0    0    0    0    0    0    0    0    0    0    0    0    1    0    0    0    0    0    0    1    1    0    0    0    0    0    0    0    0    0    0    0    0    0    0    0    0    0       46
cayos hol 0    0    0    0    0    0    2    0    0    1    0    0    0    0    0    0    0    0    0    0    0    0    3    0    0    0    0    0    0    0    0    0    0    0    0    1    0    0    0    0    0    0    0    0    0    0    0    0    0    0    1    0    0    2    0    0    1    1    0    0    0    0    0    0    1    0    0    0    1    0    0    1    0    0    1    1    0    0    0    0    0    0    0    1    1    0    0    0    0    0    0    1    1    0    0    1    0    1    0    0    0    0    0    0    0    0    0    0    0    0    0    1    0    0    0    1    0    0    0    0    0    0    0    0    1    0    0    0    1    0    0    0    1    0    2    0    0    0    0    0    0    0    0    0    1    0    0    0    0    0    0    0    0    0    0    0    0    0    0    1    0    0    0    0    0    0    0    0    0    1    0    0    0    0    0    0    0    0    0    1    0    0    0    0    0    0    1    0    0    0    0    0    0    0    0    0    0    1    0    0    0    1    0    0    0    0    0    0    0    0    0    0    0    0    0    1    0    0    0    0    1    0    1    0    0    1    0    0    0    0    0    0    0    0    0    0    0    0    0    0    0    0    0    0    0    0    0    1    0    0    1    0    0    0    0    0    0    0    0    0    0    0    0    0    0    0    0    0    0    0    0    0    0    0    0    0    0    0    0    0    0    0    0    0    0    0    0    0    1    0    0    0    1    0    0    0    0    0       45
islas puy 0    0    0    0    1    0    0    0    0    0    1    0    0    0    0    0    0    0    1    0    0    0    0    0    0    0    0    2    1    1    1    0    1    0    0    0    0    0    0    0    0    0    2    1    1    1    0    0    0    1    0    0    1    1    0    0    0    1    0    0    0    0    0    0    0    0    1    1    2    0    0    0    0    0    0    0    0    0    0    0    0    0    0    0    0    0    0    0    0    0    1    0    0    1    0    0    0    3    0    0    0    0    0    0    0    0    0    0    0    1    0    0    0    0    0    0    0    1    0    0    0    0    0    1    0    1    0    2    0    0    0    0    0    0    0    0    0    0    0    0    0    0    0    2    0    0    1    0    1    0    0    0    0    0    0    0    0    0    0    0    0    0    0    0    0    0    0    0    0    0    0    0    0    0    0    0    0    0    0    0    0    0    0    0    0    0    0    2    0    0    0    0    0    0    1    0    0    0    0    1    0    1    0    1    0    0    1    0    0    0    0    0    0    0    0    0    0    0    0    1    0    0    0    0    0    1    0    0    0    0    0    0    0    0    0    0    0    0    0    0    0    0    0    0    0    0    0    0    0    0    0    0    0    0    0    1    0    0    0    0    0    0    0    0    0    0    0    0    0    0    0    0    0    0    0    0    0    0    0    0    0    0    0    0    0    1    0    0    0    0    0    0    0    0    1    0    0    0       49
cayos rat 1    0    0    0    0    1    0    0    0    1    4    1    2    0    0    0    0    1    0    0    0    0    0    1    1    0    0    1    0    0    0    0    0    0    0    0    0    0    0    0    0    0    0    0    0    0    0    0    0    0    0    0    0    0    0    1    0    1    0    0    0    0    1    0    0    1    0    0    0    0    0    0    0    0    0    0    0    0    0    0    0    0    0    0    0    1    0    0    0    0    0    0    0    0    0    0    0    0    1    0    0    0    0    0    0    0    0    1    0    0    0    0    0    1    0    0    0    0    0    0    1    0    0    0    1    0    0    0    0    0    0    0    0    0    1    1    0    0    1    2    1    1    0    0    0    0    0    0    0    0    0    0    0    1    0    0    1    0    1    0    0    0    0    0    0    0    0    0    0    0    0    0    0    0    0    0    0    0    1    0    0    1    0    0    0    1    0    0    0    0    1    0    1    0    1    0    0    0    1    0    0    0    1    0    0    1    0    0    0    0    0    0    0    0    0    0    0    0    0    0    0    0    0    0    0    0    1    0    0    0    0    0    0    0    0    0    0    1    0    0    0    0    1    1    0    0    0    0    0    0    0    0    1    0    0    0    0    0    0    1    0    0    0    1    0    0    0    1    0    0    0    0    0    0    0    0    1    0    0    0    0    0    0    0    0    0    0    0    0    0    0    0    0    0    0    1    0    0       53
cayos ing 0    0    0    0    0    0    0    1    0    4    1    2    1    0    1    0    0    0    0    0    0    1    0    0    0    0    1    1    0    0    0    0    0    0    0    1    2    0    0    1    0    0    0    0    0    0    1    0    0    0    1    0    0    0    1    1    1    0    0    0    0    0    0    0    0    0    1    0    0    2    0    0    0    1    1    0    0    1    0    0    0    0    0    0    0    1    0    0    0    0    1    0    0    0    0    1    1    0    0    0    1    0    0    0    0    0    0    0    0    0    0    0    0    0    0    0    0    0    1    0    0    1    0    0    0    0    1    0    0    0    0    1    0    0    0    0    0    0    0    0    0    0    1    0    0    1    0    0    0    0    0    0    0    0    0    0    0    0    0    0    0    0    0    0    0    0    0    0    0    0    0    0    1    0    0    0    0    0    0    0    0    1    0    0    0    1    0    0    0    0    0    0    0    0    0    0    1    0    0    1    0    0    0    0    1    0    0    0    0    0    0    0    0    0    0    0    0    0    0    0    0    0    0    0    1    0    0    0    0    0    0    0    0    0    0    0    0    0    2    0    0    1    0    0    0    0    1    0    1    0    1    0    0    0    0    0    0    0    0    0    0    0    0    0    0    0    0    0    0    0    0    0    0    0    0    0    0    0    0    0    0    1    0    0    0    0    0    0    0    0    0    0    0    0    0    0    0    0       53
achutupu  0    0    0    0    0    0    2    0    0    0    0    0    1    1    2    2    0    0    0    1    0    0    1    0    0    0    1    1    0    0    0    0    0    1    0    0    0    0    0    0    0    0    0    0    0    0    0    0    0    0    0    0    1    0    1    0    0    0    0    0    0    0    0    0    0    0    0    0    0    0    0    0    0    0    0    0    0    0    0    0    0    0    0    0    0    0    0    0    1    0    0    0    1    0    1    0    0    0    0    1    0    0    0    0    0    0    0    0    0    0    0    0    1    1    0    1    0    1    0    1    0    0    1    0    0    0    0    0    0    0    0    0    0    0    0    0    0    0    0    0    1    0    1    0    0    0    0    0    0    1    0    0    0    0    1    0    1    0    0    0    0    1    0    1    0    0    0    0    0    0    0    0    0    0    0    0    0    0    0    0    0    0    0    0    0    0    0    0    0    0    0    0    0    1    0    0    0    0    0    0    0    1    0    1    0    0    0    1    1    0    0    0    0    0    0    0    1    1    1    0    0    0    0    0    0    0    0    0    0    1    0    0    0    0    0    0    0    0    1    0    0    0    0    0    1    0    0    0    1    0    0    0    0    1    0    0    1    1    0    0    0    0    0    0    0    0    1    0    0    0    1    0    0    0    1    0    0    0    0    0    0    0    0    0    0    0    0    0    0    0    0    0    0    0    0    0    0    0       50
isla dupa 0    0    1    0    0    0    0    0    0    1    0    2    0    0    0    2    0    0    0    0    0    0    1    0    0    0    0    2    0    0    0    1    0    0    0    0    0    1    0    0    0    0    0    0    0    0    1    0    0    0    2    1    1    0    0    0    0    0    0    0    0    0    0    0    0    0    1    0    0    0    0    1    0    0    0    0    0    0    0    1    0    0    0    0    0    0    0    1    0    0    1    1    0    0    0    0    1    0    0    0    0    0    0    0    0    0    0    0    0    0    0    0    0    0    0    0    0    0    0    0    0    0    0    0    0    0    0    0    0    0    0    0    1    0    0    0    1    1    0    1    0    0    1    0    0    0    0    1    0    0    0    0    0    0    1    0    0    0    0    0    0    0    0    0    1    1    0    0    0    0    0    0    0    1    0    0    0    0    0    0    0    0    0    0    0    0    0    1    0    1    0    0    0    0    0    1    0    0    0    0    1    1    1    0    0    0    0    0    0    2    0    0    0    1    0    0    0    0    0    0    0    0    0    0    0    0    0    0    0    0    0    0    0    0    0    0    0    0    0    0    0    0    0    1    0    0    0    0    0    0    1    0    0    0    1    0    0    0    0    0    0    0    0    0    0    0    0    0    0    0    0    0    0    0    0    0    0    0    0    0    0    0    1    0    0    0    0    0    0    0    0    0    0    0    0    0    0    0       46
goedup    0    0    0    1    1    0    0    1    1    0    0    0    1    0    0    0    0    0    0    0    0    0    0    1    2    0    0    2    0    0    0    0    0    0    1    0    1    0    0    0    1    1    0    0    0    0    0    0    0    0    0    1    0    3    0    0    0    0    0    0    0    0    0    0    0    0    0    0    1    0    0    0    0    0    0    0    0    0    0    1    0    1    0    0    0    0    0    0    0    1    0    0    0    0    0    1    0    0    0    1    0    0    0    0    0    0    0    1    0    0    0    0    0    0    0    1    0    0    0    0    0    0    0    0    0    0    0    0    0    0    1    0    0    0    0    0    0    1    1    0    3    1    0    0    0    0    0    0    0    0    1    0    0    0    0    0    0    0    0    0    0    0    0    0    0    0    0    0    0    0    0    0    0    0    0    0    0    0    0    0    0    0    0    0    0    0    0    1    1    0    0    1    0    0    0    0    0    0    1    1    0    0    0    0    0    0    0    0    0    0    0    1    0    0    0    0    0    0    0    0    0    0    0    1    0    0    1    1    1    0    1    1    0    0    0    0    1    0    0    0    1    2    0    0    0    0    0    0    0    0    0    1    0    1    0    0    0    1    0    0    0    0    0    0    0    0    0    0    0    0    0    0    1    0    0    0    0    0    0    0    0    0    0    0    0    0    0    0    0    1    0    0    0    0    0    0    0    0       55
barbados  0    0    1    0    0    0    2    1    0    0    0    0    0    1    1    2    0    0    0    0    0    0    1    0    2    0    2    0    0    0    0    0    0    0    1    0    0    1    0    1    0    0    0    0    0    0    0    0    0    0    1    0    2    0    0    0    2    0    0    0    0    1    0    0    0    0    0    0    0    0    1    0    2    0    0    0    0    0    1    1    1    0    0    0    1    0    0    0    1    0    0    0    0    2    0    0    0    0    1    0    0    0    1    0    0    1    0    0    1    0    0    0    0    1    0    0    0    1    0    0    0    0    0    0    0    0    0    0    0    0    0    0    0    0    0    0    0    1    0    3    0    0    0    1    0    2    0    0    1    0    0    0    0    0    1    0    0    0    0    0    0    0    0    0    0    0    0    0    0    0    0    0    0    0    0    0    0    0    0    0    0    0    0    0    0    0    0    0    0    0    0    0    0    0    0    0    0    0    0    0    0    0    0    0    0    0    0    0    0    0    0    0    0    0    0    0    0    0    0    0    0    0    0    0    0    0    0    0    0    0    0    0    0    0    0    0    0    0    0    0    0    0    1    0    0    1    0    1    0    0    0    0    0    0    0    0    0    0    0    0    0    0    0    0    0    0    0    0    0    0    0    0    0    0    0    0    0    0    0    0    0    0    0    0    0    0    0    0    0    0    0    0    0    0    0    0    0    0       50

Total:    1    1    3    1    2    1    12   10   1    7    6    5    7    15   19   13   1    1    1    1    1    1    12   2    11   1    18   12   1    1    1    1    1    1    5    2    3    4    3    3    1    1    3    1    1    1    2    1    1    2    12   3    15   8    18   3    8    6    6    1    1    1    1    1    1    1    6    1    9    3    4    2    4    2    2    6    1    1    1    5    4    1    1    1    2    2    1    1    3    1    5    2    11   6    1    3    2    10   5    2    1    1    1    1    1    2    1    2    3    1    4    1    1    3    1    5    1    4    1    1    1    2    2    1    2    1    4    2    3    2    1    2    3    2    3    1    1    4    3    12   5    7    7    3    2    5    2    3    3    2    1    1    2    1    6    1    2    3    1    1    4    4    1    1    1    1    1    1    1    2    1    1    1    2    2    4    1    1    2    2    1    2    1    1    1    2    1    4    1    1    1    3    2    1    2    2    1    2    2    3    2    4    3    2    1    1    1    1    1    2    1    1    1    1    1    1    1    2    1    1    1    1    1    1    1    2    2    1    1    2    1    1    1    2    1    1    2    1    3    1    1    3    2    3    5    4    1    5    3    1    3    3    1    2    1    2    1    2    1    1    2    2    1    2    1    1    2    1    2    1    1    2    2    1    1    1    1    1    1    1    1    1    1    1    1    2    1    1    1    1    1    1    1    1    1    1    1    1       764

Fis^= 0.028415
Fst^= 0.010616
Fit^= 0.038729
1-Qintra^= 0.908377 (gene diversity intra-individuals)
1-Qinter^= 0.934943 (gene diversity inter-individuals intra-pop)


  Locus: hyp016
---------------------------------
Pop       Genotypes:
          ------------------------------------------------------------------------------------------------------------------------------------------------------------------------------------------------------------------------------------------------
          176  171  175  176  182  182  184  175  182  184  186  176  182  184  186  188  182  184  186  188  190  171  182  186  182  186  192  188  190  172  182  184  186  188  190  191  192  194  176  182  184  186  188  192  194  182  186  194  171  172  176  182  184  186  188  190  192  194  196  198  182  184  186  188  190  194  175  182  184  186  188  190  191  194  198  172  186  198  175  182  184  186  188  194  198  199  200  190  176  182  184  186  188  190  194  196  198  199  204  176  182  184  186  188  190  192  194  196  198  200  200  171  175  184  186  188  190  194  196  198  199  202  204  206  186  184  186  188  192  194  196  206  172  182  184  186  188  190  194  196  198  199  201  204  206  208  210  199  171  182  184  186  188  190  192  194  196  198  202  206  208  210  214  182  184  186  188  192  194  198  204  206  212  214  171  176  181  182  184  186  188  190  191  192  194  196  198  202  204  206  210  212  214  216  218  171  175  176  181  182  184  186  188  190  194  198  199  202  204  205  206  208  210  212  214  218  220  175  182  184  186  188  194  198  199  202  204  206  212  214  216  218  220  178  182  184  186  188  190  193  194  196  197  202  206  208  216  220  222  176  182  184  186  188  190  194  200  202  204  208  212  216  218  220  222  224  226  176  182  184  186  188  194  196  198  204  212  214  216  218  222  226  207  188  193  198  206  212  214  216  220  226  171  176  182  186  188  222  226  198  199  230  182  216  226  236  184  188  204  
          178  181  182  182  182  184  184  186  186  186  186  188  188  188  188  188  190  190  190  190  190  191  191  191  192  192  192  193  193  194  194  194  194  194  194  194  194  194  196  196  196  196  196  196  196  197  197  197  198  198  198  198  198  198  198  198  198  198  198  198  199  199  199  199  199  199  200  200  200  200  200  200  200  200  200  201  201  201  202  202  202  202  202  202  202  202  202  203  204  204  204  204  204  204  204  204  204  204  204  206  206  206  206  206  206  206  206  206  206  206  207  208  208  208  208  208  208  208  208  208  208  208  208  208  209  210  210  210  210  210  210  210  212  212  212  212  212  212  212  212  212  212  212  212  212  212  212  213  214  214  214  214  214  214  214  214  214  214  214  214  214  214  214  216  216  216  216  216  216  216  216  216  216  216  218  218  218  218  218  218  218  218  218  218  218  218  218  218  218  218  218  218  218  218  218  220  220  220  220  220  220  220  220  220  220  220  220  220  220  220  220  220  220  220  220  220  220  222  222  222  222  222  222  222  222  222  222  222  222  222  222  222  222  224  224  224  224  224  224  224  224  224  224  224  224  224  224  224  224  226  226  226  226  226  226  226  226  226  226  226  226  226  226  226  226  226  226  228  228  228  228  228  228  228  228  228  228  228  228  228  228  228  229  230  230  230  230  230  230  230  230  230  232  232  232  232  232  232  232  234  234  234  236  236  236  236  238  238  240    Total

carrie bo 0    0    0    0    0    1    0    0    1    0    1    0    0    0    0    0    1    0    1    1    0    0    0    0    0    0    0    0    0    0    0    0    0    1    0    0    0    0    0    1    0    0    0    0    0    0    0    0    0    0    0    0    1    1    0    0    0    1    0    0    0    0    0    0    1    0    0    1    1    0    0    0    0    0    0    0    0    0    0    1    0    1    1    0    0    0    0    0    0    0    0    0    0    0    0    0    0    0    0    0    1    0    2    0    0    0    0    0    0    0    0    0    0    1    0    1    0    0    0    0    0    0    0    0    0    0    1    0    1    0    0    0    0    0    0    0    0    0    0    1    0    0    0    0    1    0    0    0    0    1    0    1    0    0    0    0    0    1    0    0    0    0    0    0    0    1    0    1    0    0    0    0    0    0    0    0    0    0    1    1    0    0    0    0    0    0    0    1    0    0    0    0    0    1    0    0    0    0    0    0    0    1    0    0    0    0    0    0    0    0    0    0    0    0    1    0    0    0    0    1    0    0    0    0    0    0    0    0    0    0    0    0    0    0    0    0    0    0    1    0    0    0    1    0    0    0    0    0    0    1    0    1    0    0    1    0    0    1    1    0    0    0    0    0    0    0    0    1    0    0    0    0    0    0    0    0    0    0    1    0    0    0    0    1    0    1    0    0    0    0    0    0    0    0    0    0    0    1    0    0    0    0    0    0    0    0    0    0    0       50
utila     0    0    0    0    0    1    0    0    1    1    0    1    0    0    2    0    1    2    1    0    0    0    0    0    0    0    0    0    0    0    0    0    1    1    0    1    0    0    0    0    0    0    0    0    0    0    1    1    0    0    0    0    2    3    0    0    0    2    0    0    0    1    1    0    0    0    0    0    0    1    0    0    0    0    1    0    0    0    0    0    0    0    0    0    0    0    0    0    0    0    0    0    0    0    0    1    0    0    0    0    0    0    0    1    0    0    0    0    1    0    0    0    0    0    2    0    0    1    0    1    0    0    1    1    0    0    0    1    0    0    0    0    0    0    1    0    0    0    1    0    0    0    0    0    0    0    0    0    1    1    0    0    0    0    3    0    0    0    0    0    0    0    0    0    0    0    0    0    0    0    0    0    0    0    0    0    0    0    0    0    0    0    0    0    0    0    1    0    0    1    0    0    0    0    0    0    0    0    0    0    0    0    0    0    0    0    0    0    0    0    0    0    0    0    0    0    0    0    0    0    0    0    0    0    0    0    0    0    0    2    1    0    0    0    0    0    0    0    0    0    1    1    0    0    0    0    0    0    0    0    0    0    0    0    0    0    0    0    0    0    0    0    0    0    0    0    0    0    0    0    0    0    0    0    0    0    0    0    0    0    0    1    0    0    0    0    0    0    0    1    0    1    0    0    0    0    0    0    0    0    0    0    0    0    0    0    0    0    0       53
guanaja   1    0    0    0    0    0    0    0    1    0    1    0    0    1    0    0    0    0    1    0    0    0    0    1    0    0    1    0    0    0    0    2    0    0    0    0    0    0    0    0    0    1    0    0    0    1    0    0    0    0    0    1    0    2    0    0    0    0    0    0    1    0    0    0    0    0    0    0    0    0    0    0    0    0    0    0    0    0    0    0    0    0    0    0    0    0    1    0    0    0    0    0    0    1    0    0    0    0    0    0    0    0    0    0    0    0    1    0    1    1    0    0    0    0    0    0    1    2    0    0    0    0    0    1    0    0    0    0    0    1    0    1    0    0    1    0    0    0    0    0    0    0    0    1    0    2    0    0    0    2    1    0    0    1    0    0    0    0    0    0    1    1    0    0    0    0    0    0    0    1    1    0    0    0    0    0    0    0    0    0    0    0    0    0    0    1    0    0    0    0    0    0    0    0    0    0    0    0    0    0    1    0    0    1    1    0    0    0    0    0    0    0    0    0    0    0    0    0    0    0    0    0    0    1    0    0    0    0    1    0    0    1    0    0    1    0    1    0    0    0    0    1    0    0    1    0    0    0    0    0    0    0    0    0    0    0    0    0    0    0    1    1    0    0    0    0    0    0    0    0    1    0    0    0    0    0    0    1    0    0    0    0    0    0    0    0    0    0    0    0    0    0    0    0    0    0    0    0    0    0    0    0    0    1    0    0    0    0    0       54
cayos bec 0    0    0    0    1    0    0    0    0    0    0    0    1    0    0    1    0    0    0    0    0    0    0    0    0    0    0    0    0    1    1    1    1    0    1    1    0    0    2    0    0    1    0    0    0    0    0    0    0    0    0    1    0    0    0    0    0    0    1    1    0    0    0    0    0    0    0    0    0    0    0    1    1    0    0    1    0    0    0    1    1    0    0    0    1    0    0    0    1    0    0    0    0    0    0    0    0    0    0    0    0    0    0    1    0    0    1    0    0    0    0    0    0    0    1    0    0    0    0    0    0    0    0    0    0    0    0    0    0    0    0    0    0    0    0    0    1    0    0    0    1    0    1    0    0    0    0    0    0    0    0    0    0    0    0    0    0    1    0    2    0    0    0    0    0    1    0    0    0    1    0    0    0    1    0    0    0    1    1    0    0    0    0    0    2    0    0    0    0    0    0    0    0    0    0    0    0    0    0    0    0    0    0    0    0    0    0    0    0    0    0    0    0    0    1    0    0    0    1    2    1    0    0    0    0    0    0    0    0    0    0    0    0    1    0    0    0    0    0    0    0    0    0    0    0    0    0    1    0    0    0    0    0    0    0    0    0    0    0    0    0    0    0    0    1    0    0    0    0    0    0    0    0    0    0    0    0    0    0    0    0    0    1    0    0    0    0    0    0    0    0    0    0    0    1    1    0    0    0    0    0    0    1    0    0    0    0    0    0       50
cayos de  0    0    0    0    0    1    0    0    1    0    0    0    0    0    1    0    0    0    0    0    0    0    0    0    0    0    0    0    0    0    0    0    1    0    0    0    1    0    0    0    0    0    0    0    1    0    0    0    0    0    0    2    0    0    0    1    0    2    1    0    0    0    0    0    0    1    0    0    0    0    1    0    0    1    0    0    0    0    0    0    0    0    0    2    0    0    0    0    0    0    0    0    1    0    0    0    0    1    0    0    0    0    0    0    0    0    0    0    0    0    0    0    0    0    1    1    0    0    0    0    0    0    0    0    0    1    0    1    0    0    1    1    1    0    2    0    0    0    0    1    1    0    0    0    0    0    0    0    0    1    1    2    0    0    0    0    1    1    0    0    0    0    0    0    1    0    2    0    1    0    0    1    0    0    0    0    0    0    0    0    0    1    0    0    0    0    1    0    0    0    0    0    1    0    0    1    0    1    0    0    0    0    0    0    0    0    0    0    0    0    0    0    0    0    0    0    0    0    0    0    0    0    1    0    0    0    0    0    0    0    0    0    0    0    1    0    1    0    0    0    0    0    0    0    0    0    0    0    0    0    0    0    0    0    0    0    0    0    0    0    0    0    1    0    0    0    0    0    0    0    0    0    0    0    0    0    0    0    0    0    0    0    0    0    0    0    0    0    0    0    0    0    0    1    0    0    0    0    0    1    1    0    0    0    0    0    1    0    0       54
bocas del 0    0    0    1    2    0    0    0    1    0    0    0    0    0    0    0    0    0    0    0    0    0    0    0    0    0    0    0    0    0    2    0    0    1    0    0    0    1    0    1    0    1    1    0    0    0    0    0    0    0    0    3    0    0    0    0    0    1    0    0    0    0    0    0    0    0    0    0    0    0    1    0    0    0    1    0    0    0    0    1    0    0    0    0    0    0    0    0    0    0    0    0    0    0    0    1    0    0    0    0    1    0    0    1    0    0    0    0    0    0    0    0    0    0    0    0    0    0    0    0    0    1    0    0    0    0    0    0    0    0    0    0    0    1    0    0    0    0    0    0    1    0    0    0    0    0    0    0    0    1    0    0    1    0    0    1    0    0    1    0    0    0    0    0    0    0    0    0    0    0    0    0    0    0    0    0    0    1    0    0    0    0    0    1    0    0    0    0    0    0    0    0    0    0    0    0    0    0    0    2    0    1    0    0    2    0    0    1    0    0    0    0    0    1    0    0    0    0    2    0    0    1    1    0    0    1    0    0    0    0    0    0    1    0    0    0    0    0    0    0    0    0    0    0    0    0    0    0    0    0    1    0    1    1    0    2    1    1    0    0    0    0    0    0    0    0    0    0    0    0    0    0    0    0    0    0    0    0    0    0    0    0    0    0    0    0    0    0    0    0    0    0    0    0    0    0    0    0    0    0    0    0    0    0    0    0    0    0    0       50
el porven 0    0    0    0    0    0    0    0    1    1    2    0    0    0    2    0    0    0    1    1    1    0    1    0    0    0    0    0    0    0    0    0    0    3    0    0    0    0    0    1    0    1    0    0    0    0    0    0    0    0    0    0    0    0    0    0    0    0    0    0    0    0    0    0    0    0    0    0    0    0    0    0    0    0    0    0    0    0    0    0    0    1    0    0    0    0    0    0    0    0    0    0    0    1    1    0    0    0    0    0    0    0    0    0    0    0    0    0    1    0    0    0    0    0    0    0    0    1    1    0    0    0    0    0    0    0    0    0    0    1    0    0    0    0    0    0    0    0    0    0    0    0    0    0    0    0    0    0    0    0    0    1    0    0    0    0    0    0    0    0    0    1    0    0    0    0    0    0    1    0    0    0    0    0    1    0    0    0    0    0    2    0    0    0    0    0    0    0    0    0    1    0    0    0    0    0    0    0    0    0    0    0    0    0    0    2    0    0    0    0    0    0    1    0    0    1    0    0    0    0    1    1    0    0    0    0    0    2    0    0    0    1    0    0    0    1    1    0    0    0    0    0    0    0    0    0    0    0    0    0    1    0    0    0    0    0    0    0    0    0    0    0    0    0    0    0    1    0    0    0    0    0    0    0    0    0    0    0    0    0    0    0    0    0    0    0    1    1    0    0    0    0    0    0    0    0    0    0    0    0    0    1    0    0    0    0    0    0    0       45
cayos hol 0    0    0    0    0    0    0    0    0    0    0    0    0    0    1    0    0    0    1    0    0    0    0    0    0    0    0    0    0    0    0    0    1    0    1    0    0    0    0    0    0    2    0    0    0    0    0    0    1    0    0    0    3    1    0    0    0    0    0    0    2    0    0    0    0    0    0    0    0    0    0    0    0    2    0    0    0    1    0    1    0    0    1    0    0    0    0    0    0    0    1    0    0    0    0    0    1    0    0    1    0    2    1    1    0    0    1    1    0    0    0    0    0    0    0    0    0    0    0    0    0    0    0    0    0    0    0    0    0    0    0    0    0    0    0    0    0    0    0    0    0    0    0    0    0    0    0    0    0    0    0    0    0    0    0    2    0    0    0    0    0    0    1    0    0    0    1    2    0    0    0    0    0    0    0    0    0    0    0    0    1    0    0    0    0    0    0    0    0    0    1    0    0    0    0    0    0    0    1    0    0    0    1    0    1    1    0    0    0    0    1    0    0    1    1    0    0    0    0    0    2    1    0    0    0    0    1    0    0    0    0    0    0    0    0    0    0    0    0    0    0    0    0    0    0    0    0    0    1    0    0    0    0    1    0    0    0    0    0    0    0    1    0    0    0    0    0    0    0    0    0    0    0    0    0    1    0    1    0    0    0    0    0    0    0    0    0    0    0    0    0    0    0    0    0    0    1    0    0    0    0    0    0    0    0    0    0    0    0       52
islas puy 0    0    0    0    0    0    1    0    0    0    1    2    0    0    3    0    0    0    1    0    0    0    0    1    0    0    0    1    1    0    0    0    0    0    0    0    0    0    0    0    0    0    1    0    1    0    0    0    0    0    0    0    0    0    0    1    1    1    1    0    0    0    0    0    0    0    0    0    1    0    0    0    0    1    0    0    0    0    0    0    0    0    0    0    0    0    0    0    0    0    0    0    0    1    1    0    1    0    0    0    0    0    0    1    1    0    0    0    1    0    0    0    0    0    0    0    0    1    0    0    0    0    0    0    0    0    0    0    0    0    0    0    0    1    0    1    0    0    0    0    0    0    0    0    0    0    0    0    1    1    0    0    0    0    0    0    0    0    0    0    1    0    0    0    0    0    0    0    0    0    0    0    0    2    0    0    0    0    1    0    0    0    0    0    0    0    0    0    0    0    0    0    2    1    1    0    0    0    0    1    0    1    1    0    0    0    0    0    0    0    0    0    0    1    0    1    0    0    0    0    0    0    0    0    0    0    0    0    0    0    0    0    0    0    0    0    0    0    0    0    0    0    0    0    0    0    0    0    0    0    1    0    0    0    0    1    0    0    0    0    0    0    0    0    0    0    0    0    0    0    0    0    0    0    0    0    1    0    0    0    0    0    0    0    0    0    0    0    0    0    1    0    0    0    0    0    0    0    0    0    0    0    0    0    0    0    0    0    0       47
cayos rat 0    1    0    0    0    0    0    2    0    0    0    0    0    0    0    0    0    0    0    0    0    0    0    0    1    1    0    0    0    0    1    1    1    0    0    0    0    0    0    0    0    0    1    0    1    0    0    0    1    0    0    0    0    0    0    1    0    0    1    0    0    0    0    0    0    0    1    0    0    0    0    0    0    0    0    0    0    0    0    0    0    0    0    0    0    1    0    0    0    0    0    0    0    0    0    0    0    0    1    0    0    0    0    0    0    1    2    0    0    0    0    0    0    0    1    0    0    0    0    0    0    0    0    0    0    0    0    1    0    0    0    0    0    0    0    0    0    0    2    1    0    0    0    0    0    0    1    1    0    1    1    0    0    0    0    2    0    1    0    0    0    0    0    0    0    0    0    0    0    0    0    0    1    0    1    0    0    0    1    0    0    0    0    0    3    0    0    0    0    1    0    0    1    0    2    0    0    0    0    0    0    0    0    0    0    0    0    0    0    0    0    0    0    0    0    0    1    1    0    0    0    0    1    0    0    0    0    2    0    0    0    0    0    0    0    0    0    1    0    0    0    0    0    0    0    1    0    0    0    0    0    0    0    0    0    0    0    1    0    0    0    0    0    0    0    0    0    0    0    0    0    0    0    0    0    0    0    0    0    0    0    0    0    0    1    0    0    0    0    0    0    0    0    0    0    0    0    0    0    0    0    0    0    0    0    0    0    0    0       50
cayos ing 0    0    0    0    0    0    0    0    0    0    1    0    0    1    0    0    0    0    0    0    0    0    0    0    0    0    0    0    0    0    0    0    0    0    0    0    0    0    0    0    0    1    0    0    0    0    0    0    0    0    0    2    0    0    1    0    0    0    1    0    0    0    0    0    1    1    0    0    0    0    0    0    0    0    0    0    0    0    1    0    0    0    0    0    0    0    0    1    0    0    1    0    0    0    1    0    0    0    0    0    0    0    0    0    0    0    0    0    0    0    1    0    0    0    0    1    0    0    0    0    0    0    0    0    1    0    0    1    0    0    0    0    0    0    0    0    0    1    0    0    0    0    0    0    0    1    0    0    1    0    0    0    0    0    0    2    0    0    0    1    0    0    0    0    0    0    0    0    0    0    0    0    0    1    1    1    1    1    0    3    0    0    1    0    1    1    0    1    0    0    0    0    1    1    0    0    0    0    0    0    0    1    0    0    0    0    0    0    0    0    0    0    0    0    0    1    0    0    1    0    0    0    1    0    0    0    0    0    1    0    0    0    0    0    0    0    0    0    0    0    0    0    0    0    0    0    1    0    0    0    0    1    0    0    0    0    0    0    0    1    0    0    0    1    0    0    0    0    1    0    0    0    1    0    1    0    0    0    0    1    0    0    0    0    0    0    0    0    0    0    0    0    0    0    0    0    0    0    1    0    0    0    0    0    1    0    0    0    0       52
achutupu  0    0    1    0    0    0    0    0    0    0    0    0    0    0    1    0    0    1    0    0    0    1    0    0    0    0    0    0    0    0    0    0    0    0    0    0    0    0    0    0    0    1    0    0    0    0    0    0    0    0    0    0    2    2    2    0    0    0    0    0    0    0    0    0    0    0    0    0    0    0    0    0    0    0    0    0    0    0    0    0    0    0    0    2    0    0    1    0    0    0    0    0    0    0    0    0    1    0    0    0    0    0    1    0    0    0    0    0    0    0    0    1    1    0    1    1    0    0    0    0    0    0    0    0    0    0    0    1    0    0    0    0    0    1    1    1    0    0    0    0    1    0    0    0    1    0    0    0    0    0    0    0    0    0    0    0    0    0    0    1    0    0    0    0    0    1    0    0    2    0    0    0    0    0    0    0    0    0    1    4    1    0    0    0    0    0    1    0    0    0    0    0    1    0    1    0    1    0    0    0    0    0    0    0    0    0    0    0    0    0    0    1    0    0    1    0    0    0    0    0    0    0    1    0    0    0    0    0    0    1    0    0    0    0    0    0    0    0    0    0    0    0    0    1    0    0    0    0    0    0    0    0    0    0    1    0    0    0    0    0    0    0    1    0    0    0    0    0    0    0    0    1    0    1    0    0    0    0    0    0    0    0    0    0    0    0    0    0    0    0    0    0    0    0    0    0    1    0    0    0    0    0    0    0    0    0    0    0    0       50
isla dupa 0    0    0    0    0    0    0    0    1    0    0    0    0    1    0    1    0    0    1    0    0    0    0    0    0    0    0    0    0    0    0    1    0    0    0    0    0    0    0    0    1    0    0    0    0    0    0    0    0    0    0    1    0    0    0    0    0    0    0    0    0    0    0    1    0    0    0    0    0    0    0    0    0    0    0    0    1    0    0    0    0    1    0    0    0    0    0    0    0    0    0    0    2    0    0    0    1    0    0    0    0    0    0    0    0    0    0    0    0    0    0    0    0    0    0    0    0    0    0    0    0    0    0    0    0    0    0    1    0    0    0    0    0    0    0    0    1    0    1    0    0    1    0    0    1    0    0    0    0    1    0    0    0    0    0    0    0    0    0    0    0    0    0    0    0    0    0    0    0    0    0    0    0    0    0    0    0    0    0    1    1    1    0    0    1    0    1    0    1    0    0    1    0    0    1    0    0    0    0    0    0    0    0    0    0    0    0    0    0    0    0    0    0    0    1    3    0    0    1    0    0    0    0    0    0    0    0    0    0    1    0    0    0    0    0    0    0    0    0    0    0    0    0    0    0    0    0    0    0    0    0    0    0    0    0    0    0    0    0    0    0    0    0    1    0    1    0    0    0    1    0    0    1    0    1    0    0    0    0    2    0    0    0    0    0    0    0    0    0    0    0    0    0    0    0    0    0    0    0    0    0    0    0    0    0    0    0    1    0       41
goedup    0    0    0    0    0    0    0    0    0    0    2    0    1    0    0    0    0    0    1    0    0    0    0    0    0    0    0    0    0    0    0    0    1    0    0    0    1    0    0    1    0    0    0    0    0    0    0    0    0    0    0    0    0    0    0    0    0    0    0    1    0    0    0    0    0    0    0    1    0    0    0    0    0    0    0    0    0    0    0    0    2    0    0    0    0    0    0    0    0    0    0    1    1    0    0    0    2    0    1    0    0    0    0    0    0    0    1    0    0    0    0    0    0    0    0    0    0    0    0    0    0    0    1    0    0    0    0    0    0    0    0    0    0    0    0    1    0    0    0    0    0    0    0    1    0    0    0    0    0    0    0    0    0    0    0    1    0    0    0    0    1    0    0    0    0    1    1    0    0    0    1    0    0    0    0    0    0    0    2    3    1    0    0    0    2    0    0    0    2    1    0    0    2    0    1    0    0    0    0    0    0    0    0    1    0    1    0    0    1    1    0    0    0    0    0    1    0    0    0    0    0    0    0    0    0    0    0    0    0    0    0    0    0    0    0    0    0    0    0    0    0    0    0    0    0    0    0    0    0    0    0    0    0    0    0    0    0    0    1    0    0    0    1    0    0    0    0    0    0    0    0    0    0    0    0    1    0    0    0    0    1    1    0    0    0    0    0    0    1    0    0    0    1    0    0    0    0    0    0    0    0    0    0    0    0    1    0    0    0       52
barbados  0    0    0    0    0    0    0    0    0    0    0    0    1    0    1    0    0    0    0    0    0    0    0    0    0    0    0    0    0    0    0    0    0    0    0    0    0    1    0    1    0    0    0    1    0    0    0    0    0    1    1    0    0    1    1    0    0    0    0    0    0    0    1    0    0    0    0    0    0    0    2    0    0    0    0    0    0    0    0    0    0    0    1    0    0    0    0    0    0    1    0    0    0    0    1    0    1    0    0    0    0    0    1    0    0    0    0    0    0    1    0    0    0    0    0    0    0    0    0    0    1    0    0    0    0    0    0    0    0    0    0    0    0    1    0    0    0    0    0    0    0    1    0    0    0    0    0    0    0    0    0    0    2    0    0    0    0    0    1    0    0    0    0    1    0    0    0    0    1    0    0    0    0    1    0    0    0    0    0    2    0    0    0    0    0    0    0    0    1    0    0    0    0    0    0    0    0    0    0    1    0    1    1    0    1    1    1    0    0    0    0    0    0    0    0    0    0    0    2    0    1    0    0    1    1    0    0    1    0    0    1    1    0    0    0    0    0    0    0    1    1    0    0    0    0    0    0    0    0    0    0    0    0    1    0    0    0    1    0    0    0    0    0    1    0    0    0    0    0    0    0    0    0    0    0    0    0    0    0    0    0    0    0    0    0    0    0    0    0    0    0    0    0    0    0    0    0    0    0    0    0    0    0    0    0    0    0    0    1       50

Total:    1    1    1    1    3    3    1    2    7    2    8    3    3    3    11   2    2    3    8    2    1    1    1    2    1    1    1    1    1    1    4    5    6    6    2    2    2    2    2    5    1    8    3    1    3    1    1    1    2    1    1    10   8    10   4    3    1    7    5    2    3    1    2    1    2    2    1    2    2    1    4    1    1    4    2    1    1    1    1    4    3    3    3    4    1    1    2    1    1    1    2    1    4    3    4    2    7    1    2    1    2    2    5    5    1    1    6    1    4    2    1    1    1    1    6    4    1    5    1    1    1    1    2    2    1    1    1    6    1    2    1    2    1    4    5    3    2    1    4    3    4    2    1    2    3    3    1    1    3    9    3    4    3    1    3    8    1    4    2    4    3    2    1    1    1    4    4    3    5    2    2    1    1    5    3    1    1    3    7    14   6    2    1    1    9    2    4    2    4    3    2    1    8    3    6    1    1    1    1    4    1    5    3    2    5    5    1    1    1    1    1    1    1    3    5    7    1    1    7    3    5    3    5    2    1    1    1    5    2    4    2    3    1    1    2    1    3    1    1    1    2    2    1    1    1    1    1    1    1    1    3    2    1    3    2    3    1    4    2    1    1    2    3    3    1    1    1    1    1    1    1    1    2    1    2    2    1    2    1    3    1    2    1    1    1    1    1    1    1    1    1    1    1    1    1    1    2    1    1    1    1    1    1    1    1    1    1    1    1       750

Fis^= -0.010038
Fst^= 0.006496
Fit^= -0.003477
1-Qintra^= 0.957333 (gene diversity intra-individuals)
1-Qinter^= 0.947819 (gene diversity inter-individuals intra-pop)


  Locus: pam013
---------------------------------
Pop       Genotypes:
          ------------------------------------------------------------------------------------------------------------------------------------------------------------------------------------------------------------------------------------------------
          104  106  108  106  108  110  114  104  106  112  114  100  106  108  114  118  106  108  114  118  120  106  108  114  116  118  120  122  106  108  114  116  118  120  122  124  100  106  108  110  112  114  118  120  122  124  126  106  108  112  114  118  120  122  124  126  106  108  112  114  116  118  120  122  124  126  128  106  108  118  120  122  126  128  130  132  106  108  112  118  120  122  124  126  128  130  134  106  108  112  114  116  118  120  122  124  126  128  130  132  134  136  104  106  108  112  114  116  118  120  122  124  126  128  130  132  134  136  138  106  108  110  112  118  120  122  124  126  128  130  132  134  136  138  140  106  108  112  116  118  120  122  124  126  128  130  132  136  138  140  106  108  114  116  118  120  122  124  126  128  130  132  138  140  142  96   106  108  112  114  118  120  122  124  126  128  130  132  134  136  138  142  144  146  106  114  116  118  120  122  124  126  128  130  132  134  136  138  142  144  146  106  110  114  120  122  124  126  130  132  134  136  140  144  146  148  150  106  118  122  124  126  128  130  132  134  138  140  142  144  146  150  112  118  120  122  124  126  128  134  136  144  148  150  118  122  124  126  128  130  132  136  138  140  142  154  106  118  120  122  124  126  130  140  150  152  154  118  122  124  126  130  132  134  136  138  140  142  146  108  114  126  130  132  134  140  150  152  126  126  140  108  114  132  136  116  122  
          106  106  108  114  114  114  114  116  116  116  116  118  118  118  118  118  120  120  120  120  120  122  122  122  122  122  122  122  124  124  124  124  124  124  124  124  126  126  126  126  126  126  126  126  126  126  126  128  128  128  128  128  128  128  128  128  130  130  130  130  130  130  130  130  130  130  130  132  132  132  132  132  132  132  132  132  134  134  134  134  134  134  134  134  134  134  134  136  136  136  136  136  136  136  136  136  136  136  136  136  136  136  138  138  138  138  138  138  138  138  138  138  138  138  138  138  138  138  138  140  140  140  140  140  140  140  140  140  140  140  140  140  140  140  140  142  142  142  142  142  142  142  142  142  142  142  142  142  142  142  144  144  144  144  144  144  144  144  144  144  144  144  144  144  144  146  146  146  146  146  146  146  146  146  146  146  146  146  146  146  146  146  146  146  148  148  148  148  148  148  148  148  148  148  148  148  148  148  148  148  148  150  150  150  150  150  150  150  150  150  150  150  150  150  150  150  150  152  152  152  152  152  152  152  152  152  152  152  152  152  152  152  154  154  154  154  154  154  154  154  154  154  154  154  156  156  156  156  156  156  156  156  156  156  156  156  158  158  158  158  158  158  158  158  158  158  158  160  160  160  160  160  160  160  160  160  160  160  160  162  162  162  162  162  162  162  162  162  164  166  166  168  168  168  170  172  172    Total

carrie bo 0    0    0    0    1    0    0    0    0    1    0    0    0    0    0    0    0    1    0    0    0    0    0    0    0    0    0    0    1    1    0    0    1    0    0    2    0    0    0    0    0    2    0    0    1    1    0    0    0    0    0    0    0    1    1    1    0    0    0    0    0    0    1    1    0    0    0    0    0    1    0    1    0    0    0    0    0    0    0    0    0    0    0    1    1    0    0    1    0    0    1    0    0    0    0    0    1    0    1    0    0    1    0    0    0    0    0    0    0    0    0    1    0    0    0    0    0    0    0    1    0    0    0    1    0    2    0    0    0    0    0    0    1    0    0    0    0    0    0    0    0    0    0    0    1    0    0    0    0    0    0    0    0    0    0    0    0    1    0    0    0    0    1    0    1    0    0    0    0    0    0    0    1    1    1    0    0    0    0    0    0    0    0    0    0    0    0    1    0    0    1    0    0    0    0    0    0    0    0    0    0    0    0    0    0    0    0    0    0    0    0    0    0    0    1    0    0    0    0    1    0    0    0    0    0    1    0    0    0    0    0    0    0    0    0    1    1    0    0    0    1    0    0    0    0    0    0    0    0    0    0    0    0    0    0    1    1    0    0    0    0    0    0    0    0    0    0    0    0    0    0    0    0    0    0    0    0    0    0    0    0    0    0    0    0    0    0    0    0    0    0    0    0    1    0    0    0       50
utila     0    1    1    1    0    0    0    0    0    0    0    0    1    0    0    0    1    0    0    1    0    0    0    0    1    0    1    2    0    0    0    0    0    0    1    1    1    0    0    0    0    1    0    0    3    2    0    0    0    0    0    0    0    0    0    0    0    0    0    0    0    0    0    0    0    0    0    0    0    0    0    0    0    0    0    0    0    0    0    0    0    0    0    0    0    0    0    1    0    0    0    0    0    0    0    1    0    0    0    0    0    0    1    1    0    0    0    0    1    2    2    0    0    1    0    0    0    0    1    1    2    0    0    0    0    0    0    0    0    0    0    0    0    0    0    0    0    0    0    0    0    1    1    0    0    0    0    0    0    0    0    0    0    0    0    0    0    1    0    0    0    0    0    0    0    0    0    0    0    0    0    0    0    1    0    0    0    0    0    0    0    0    1    0    1    0    0    0    1    0    0    2    0    0    0    0    0    0    0    0    0    0    0    0    0    0    0    0    0    0    0    1    0    0    0    0    0    0    0    1    0    0    0    0    0    0    1    0    0    0    0    1    0    1    0    1    0    0    0    0    0    0    1    0    0    0    0    1    0    0    0    0    0    0    0    0    0    0    1    0    0    0    0    0    0    0    0    0    0    0    0    0    0    1    0    0    0    0    0    1    1    0    0    0    0    0    0    0    0    0    0    0    0    0    1    0    0       55
guanaja   0    0    0    0    0    0    0    1    0    0    0    0    1    1    0    0    0    0    0    0    0    0    1    1    0    1    0    0    0    0    0    0    1    0    1    0    0    1    0    0    1    1    1    0    2    0    0    1    0    0    0    0    0    0    0    2    0    0    0    0    0    0    1    1    0    0    0    0    0    1    2    1    0    0    0    0    0    1    0    0    0    1    0    0    0    1    0    0    0    0    0    0    0    0    1    0    0    0    0    0    0    1    0    1    0    0    0    0    1    0    0    1    0    0    0    1    0    0    0    0    0    0    0    0    0    2    0    1    0    0    1    0    0    2    0    0    0    0    0    0    0    0    0    0    0    0    0    1    0    0    0    0    0    0    1    0    0    0    1    0    0    0    0    0    0    0    1    0    0    0    0    0    0    0    0    0    0    0    0    0    0    0    0    0    1    0    0    0    0    0    3    0    0    0    0    0    0    0    0    0    0    0    0    0    0    1    0    0    0    0    0    0    0    1    0    0    0    0    0    1    0    0    0    0    0    0    0    0    0    0    0    0    0    0    0    0    0    0    0    0    0    0    0    0    1    0    0    0    0    0    0    0    0    0    0    0    0    1    0    0    0    0    0    1    0    0    0    0    0    0    0    0    0    0    0    0    0    0    0    0    0    0    0    0    1    0    0    0    0    0    0    0    0    0    0    0    0       53
cayos bec 0    0    0    1    0    1    0    0    0    0    0    0    0    0    1    1    0    0    0    0    0    1    1    0    0    1    2    4    1    0    0    1    0    0    0    0    0    0    0    0    0    0    1    0    1    1    1    0    1    0    0    0    0    0    1    1    1    0    0    0    0    0    0    0    1    0    0    0    0    0    0    0    0    0    0    0    0    0    0    0    0    1    0    0    0    0    0    1    0    0    0    0    0    0    2    0    0    0    0    0    0    1    0    0    0    0    0    0    0    1    1    0    0    0    0    0    0    0    0    0    0    1    0    0    0    0    0    0    0    1    0    0    0    0    1    0    0    0    1    0    0    0    0    0    1    1    0    0    1    0    1    0    0    0    0    1    0    0    1    0    0    0    0    0    0    0    0    0    0    0    0    0    0    0    0    0    1    0    0    0    0    0    0    0    0    0    0    0    0    0    0    0    0    0    0    0    0    0    0    0    0    0    0    0    0    0    0    0    0    0    1    0    1    0    0    0    0    0    0    0    1    0    0    0    0    0    0    0    1    0    0    0    0    0    0    0    0    0    0    0    0    0    0    0    0    0    0    0    0    0    0    0    0    0    1    1    0    0    0    0    1    0    0    0    1    0    0    0    0    0    0    0    0    0    0    0    1    0    0    0    0    0    0    0    1    1    1    0    0    0    0    0    0    0    0    0    0       54
cayos de  0    0    0    0    0    0    0    0    0    0    0    0    1    0    0    0    0    0    0    0    0    0    1    0    1    0    0    0    0    0    0    0    0    1    1    0    0    0    0    0    2    0    1    0    0    0    1    0    0    0    0    1    0    1    0    1    0    0    0    0    0    1    0    2    0    0    0    0    0    1    0    0    1    0    0    0    2    0    0    0    0    0    0    0    0    1    0    0    0    0    0    0    1    0    0    0    1    0    0    0    0    0    0    0    0    0    0    0    0    1    1    0    0    0    0    0    0    0    1    0    0    0    0    0    0    0    0    1    0    0    1    0    0    1    0    0    0    0    0    0    0    0    0    0    0    1    1    1    1    0    0    0    0    0    0    1    1    0    0    1    0    0    0    0    1    0    0    1    0    1    0    0    1    0    0    0    0    0    0    1    0    1    0    0    0    0    0    0    0    0    0    0    2    1    0    0    1    0    0    0    0    0    0    0    0    0    0    0    0    0    0    0    0    0    1    0    0    0    0    0    0    0    0    0    0    0    0    0    0    0    0    0    0    0    0    0    0    0    0    0    0    0    0    0    0    0    0    0    0    0    0    0    0    0    0    0    1    0    0    0    0    0    0    0    0    0    0    1    0    0    0    0    0    0    0    0    0    0    0    0    0    1    0    0    0    0    0    0    0    0    0    0    0    0    0    0    0       49
bocas del 0    1    0    0    0    0    0    0    0    0    0    0    0    0    0    0    1    0    1    0    0    0    0    0    0    0    2    1    2    0    0    0    0    0    0    0    0    0    0    0    0    0    0    0    1    0    0    0    0    0    0    0    0    0    1    0    0    1    0    0    0    0    0    0    0    0    0    1    0    1    1    0    0    1    0    1    0    0    0    0    0    1    1    0    0    0    1    2    0    0    0    0    0    0    0    0    0    1    1    0    0    0    0    1    0    0    0    0    1    0    1    0    0    1    0    0    0    0    0    0    0    0    0    0    0    0    0    0    0    0    1    0    0    0    0    0    0    0    0    0    0    1    0    0    0    0    0    0    0    0    0    0    0    0    0    0    0    0    0    0    0    0    0    0    0    0    0    0    0    1    0    0    0    0    0    1    0    0    1    0    1    0    0    0    0    0    1    0    0    0    0    0    2    0    0    1    0    0    0    0    0    0    1    1    0    1    0    1    0    0    0    0    0    0    0    0    0    0    0    0    0    0    0    0    1    0    0    0    0    0    0    1    0    0    0    0    0    0    0    0    0    0    0    0    0    0    0    0    0    0    0    0    0    1    0    0    1    0    0    1    0    0    0    0    0    1    0    0    0    0    0    0    1    0    1    0    0    0    0    0    0    0    0    0    0    0    0    0    0    0    0    0    0    0    0    0    0       49
el porven 0    1    0    0    0    0    1    0    0    0    1    0    0    0    0    0    0    0    0    0    0    2    0    1    0    2    0    0    0    0    0    0    0    1    1    0    0    1    0    0    0    0    1    0    2    0    0    1    0    0    0    0    0    1    0    0    0    0    0    0    0    1    0    0    0    1    0    0    0    1    0    2    0    1    0    0    1    0    0    0    1    0    0    0    0    0    0    0    0    0    0    0    0    0    0    0    0    0    0    0    0    0    0    0    0    0    1    0    0    0    0    0    0    0    0    1    0    0    0    0    0    0    0    0    1    0    0    1    0    0    0    2    0    0    0    0    0    0    0    0    0    0    0    0    0    0    0    0    0    1    0    0    0    0    0    0    0    0    0    0    0    0    0    0    0    1    0    0    0    0    0    0    2    0    1    0    0    0    0    0    0    0    0    0    1    1    0    0    0    0    1    1    0    0    0    0    0    0    0    0    0    0    0    0    0    0    0    0    0    0    0    0    0    0    0    1    0    0    0    0    0    0    0    1    0    0    0    1    0    0    1    0    0    0    0    0    0    0    0    0    0    0    0    0    0    0    0    0    0    0    1    0    0    0    0    0    0    0    0    0    0    0    0    0    0    0    0    0    0    0    0    0    0    0    0    0    0    1    0    0    0    0    0    1    0    0    0    0    0    0    0    0    1    0    0    0    0       47
cayos hol 1    0    0    0    0    0    0    0    0    0    0    0    0    1    0    0    0    0    0    0    1    1    0    1    0    1    1    0    0    0    0    0    0    0    0    0    0    1    0    0    0    0    0    0    1    0    0    0    0    0    0    0    1    1    0    0    0    1    0    0    0    1    0    0    0    0    2    0    0    0    0    0    0    0    0    0    0    0    0    0    0    0    0    0    0    1    0    1    0    0    0    0    0    1    0    1    0    0    0    1    0    0    0    0    0    0    0    0    1    0    0    0    0    0    1    0    0    0    0    0    0    0    0    0    0    0    0    0    0    0    1    1    0    0    0    0    0    1    0    0    0    1    0    0    0    0    1    0    0    0    0    0    0    0    0    0    1    0    0    0    0    0    0    0    1    0    2    0    0    0    1    1    1    0    1    0    0    0    0    0    0    0    0    0    0    0    0    0    0    0    0    0    0    0    0    0    1    0    0    0    1    1    0    0    0    1    0    0    0    0    0    0    0    0    1    0    0    0    0    0    0    0    0    0    0    0    0    0    0    0    0    0    0    0    1    0    0    0    0    0    1    2    0    1    0    0    0    0    0    0    0    0    0    0    0    0    0    0    0    1    0    0    0    0    0    0    0    0    0    0    0    0    0    0    0    0    0    0    0    0    0    0    0    0    0    0    0    0    0    0    0    0    0    0    0    0    0       46
islas puy 0    0    0    0    0    0    0    0    0    0    0    0    0    0    0    0    2    0    0    0    0    1    1    0    1    0    0    0    0    0    1    0    1    0    2    0    0    1    0    1    1    0    0    0    0    0    0    0    0    0    0    0    0    0    0    2    0    0    0    0    0    0    0    0    0    1    0    0    0    0    0    0    0    0    0    0    1    0    3    0    0    1    1    0    0    0    0    0    0    1    0    0    1    0    0    1    0    1    0    0    1    0    0    0    0    0    0    0    0    0    0    0    0    3    1    1    0    0    1    0    0    0    0    0    0    0    1    0    0    0    0    0    0    1    0    0    0    0    0    0    0    1    0    0    0    0    0    0    0    0    0    0    0    0    0    0    0    0    1    0    1    0    0    0    0    0    1    0    0    0    0    0    0    1    0    0    0    1    2    0    0    1    0    0    0    0    0    0    0    0    0    0    0    0    0    0    0    0    0    0    0    0    0    0    0    0    0    0    0    1    0    0    0    0    0    0    1    0    0    0    0    0    0    0    0    0    0    0    0    0    0    0    0    0    0    0    0    0    0    0    0    0    0    0    0    0    0    0    0    1    0    0    0    0    0    0    0    0    0    0    0    1    0    0    0    0    0    0    0    0    0    0    0    0    0    0    0    0    0    0    0    0    0    0    0    0    0    0    0    0    0    0    0    0    0    0    1       48
cayos rat 0    0    0    0    0    0    0    0    0    0    0    1    0    0    0    0    0    0    0    0    0    0    0    0    0    0    0    1    0    0    0    0    1    0    1    0    0    1    1    0    0    0    0    0    1    3    1    1    0    0    0    0    0    1    0    1    0    0    0    1    1    0    0    0    2    0    1    0    1    0    1    0    0    1    0    1    0    0    0    0    1    1    1    1    1    0    0    0    0    0    1    0    0    0    0    0    0    0    0    1    0    0    0    1    0    0    0    0    0    1    1    0    1    1    1    0    0    0    1    0    0    0    0    0    0    0    0    1    1    0    0    0    0    0    0    0    0    0    0    0    0    0    0    0    0    0    0    1    0    1    0    0    0    0    0    0    0    0    1    1    0    1    0    0    0    0    0    0    0    0    0    0    0    0    0    0    0    0    0    0    0    0    1    0    0    0    0    0    0    1    0    0    0    0    1    0    1    0    0    0    0    0    0    0    1    0    0    0    1    0    0    0    0    0    0    0    0    1    0    0    0    0    0    0    0    0    0    0    0    0    0    0    0    0    0    0    0    0    0    0    0    0    0    0    0    0    0    0    1    0    0    0    0    0    0    0    0    0    0    1    0    0    1    0    0    0    0    0    0    0    0    0    0    0    0    0    0    0    0    0    0    0    1    0    0    0    0    0    0    0    0    0    0    0    0    0    0       55
cayos ing 0    0    0    0    0    0    0    0    0    0    0    0    1    0    0    0    0    0    0    0    0    1    0    0    0    0    0    0    0    0    0    0    0    0    0    0    0    1    0    0    0    0    1    0    2    0    2    0    0    0    0    0    1    1    0    0    0    0    1    0    0    0    0    1    0    0    0    0    0    0    0    0    0    0    0    0    0    0    0    0    0    0    0    1    0    0    0    1    1    0    1    0    0    0    1    0    2    0    0    1    1    0    0    0    0    1    0    0    0    0    2    0    0    0    0    1    0    0    1    0    0    0    2    0    0    1    0    1    0    0    0    0    0    0    0    1    1    0    0    1    0    0    1    0    0    0    0    0    0    0    0    0    0    0    0    0    1    1    1    0    1    0    0    1    0    0    0    0    0    0    0    0    0    2    0    0    0    0    0    0    0    0    1    0    0    0    0    0    0    0    0    0    1    0    0    0    0    1    0    0    0    1    0    0    0    0    1    0    0    0    0    0    0    0    0    0    0    0    1    0    0    0    0    0    0    0    0    0    0    0    1    0    1    0    0    0    0    0    0    0    0    0    0    0    0    0    0    0    0    0    0    0    2    0    0    0    0    1    0    0    0    0    0    1    0    0    0    1    0    0    0    0    0    0    0    0    0    0    0    0    0    0    0    0    0    0    0    1    0    0    0    0    0    0    0    0    0       55
achutupu  0    0    1    0    0    0    0    0    1    0    0    0    1    0    0    0    0    0    0    0    0    1    0    1    0    0    0    1    1    0    0    0    0    0    0    0    0    1    1    0    0    0    0    1    1    1    0    1    0    1    0    0    0    0    0    0    3    0    0    0    0    0    0    0    0    0    1    0    0    0    0    0    0    0    1    0    0    0    0    0    0    0    0    0    0    0    0    0    0    0    0    0    0    0    0    0    0    0    0    1    0    0    0    0    0    0    1    0    0    0    2    0    0    0    0    0    0    0    0    0    0    0    0    0    0    0    0    0    0    0    0    0    0    0    0    0    0    0    0    0    0    0    0    1    1    0    0    0    0    0    0    0    0    0    2    0    0    0    0    1    0    0    0    1    0    0    0    0    0    0    0    0    1    0    0    0    0    0    0    0    0    0    0    0    0    0    0    0    0    0    0    1    0    0    0    0    0    0    0    0    0    1    0    0    0    1    0    0    0    0    0    0    0    0    0    0    0    0    0    2    0    0    0    0    0    0    0    0    0    0    0    0    0    0    0    0    0    0    0    1    0    0    0    0    0    0    1    0    0    0    0    0    0    0    0    0    0    0    0    0    0    0    0    0    0    0    0    0    0    1    1    0    1    0    0    0    0    0    1    0    0    0    0    0    0    0    0    0    0    0    0    0    0    0    0    0    0       41
isla dupa 0    0    0    0    0    0    0    0    0    0    0    0    0    0    0    0    0    0    0    0    0    0    0    1    0    0    0    0    0    0    0    0    0    0    2    0    0    2    1    0    0    0    0    0    1    0    0    1    0    0    0    0    0    0    0    1    0    0    0    0    0    0    0    1    0    0    1    0    0    1    0    1    1    0    0    0    0    0    0    0    0    0    0    0    0    0    0    0    0    0    0    1    0    0    0    0    0    1    0    0    1    0    0    2    1    0    1    0    2    0    2    0    0    0    1    0    0    1    0    0    0    0    0    0    0    0    0    1    0    1    0    0    0    0    0    0    0    0    0    0    0    0    0    0    0    0    0    0    0    0    0    0    0    0    0    0    0    0    0    2    0    0    0    0    0    0    0    0    0    0    1    0    0    0    0    1    0    0    0    0    0    0    0    0    0    0    0    0    0    0    0    0    0    0    0    0    0    1    1    0    0    0    0    1    0    0    0    0    0    0    0    0    0    0    0    0    0    0    0    0    0    0    0    0    0    0    0    0    0    0    0    0    0    0    0    0    0    1    0    0    0    0    0    0    0    0    0    2    0    0    0    0    0    0    0    0    1    0    0    1    1    0    0    0    0    0    0    0    0    0    0    1    0    0    0    0    0    0    0    0    0    0    0    0    1    0    0    0    0    1    0    0    0    0    0    0    0       45
goedup    0    1    0    0    0    0    0    0    0    0    0    0    2    0    0    1    0    0    0    0    0    1    0    0    0    3    1    0    0    0    0    0    1    0    1    1    0    1    0    0    0    0    1    0    1    0    0    0    0    0    0    0    2    0    0    2    1    1    0    0    0    0    0    1    0    0    1    0    0    0    0    1    0    0    1    0    0    0    0    1    0    0    0    0    0    0    0    0    0    0    0    0    0    0    0    0    1    0    0    0    0    0    0    0    0    0    0    1    1    1    1    0    1    0    2    0    1    0    0    0    0    0    1    0    0    0    0    0    0    0    2    0    0    0    0    1    0    0    0    0    0    0    1    0    0    0    0    0    0    0    1    0    0    1    0    0    0    0    0    1    0    0    0    0    0    0    0    0    1    0    0    0    1    0    1    0    0    0    0    0    0    0    0    0    0    0    0    0    0    0    0    0    0    0    0    0    1    0    0    0    0    0    0    0    0    0    0    0    0    0    0    0    1    0    0    0    0    0    0    0    0    1    0    0    0    0    0    0    0    0    0    0    0    0    0    0    0    0    1    0    0    0    0    0    0    0    0    0    0    0    0    1    0    0    0    0    1    0    0    0    0    0    0    0    0    0    0    0    1    0    0    0    0    0    0    0    0    0    0    0    0    0    0    0    0    0    0    0    0    0    0    0    0    0    0    0    0       53
barbados  0    0    1    0    0    0    0    0    0    0    0    0    0    0    0    0    0    0    0    0    0    0    0    0    0    0    0    0    1    0    0    0    0    1    0    0    0    1    1    0    0    0    2    0    2    1    0    0    0    0    1    1    0    0    0    0    0    0    0    0    0    1    0    0    0    0    0    0    0    0    0    0    0    0    0    0    0    0    0    0    0    0    0    1    0    0    0    0    0    0    0    0    0    0    1    0    0    0    0    0    0    0    0    1    0    0    0    0    1    0    1    0    0    1    0    0    0    0    0    0    0    0    0    0    0    0    0    0    0    0    0    0    0    0    0    0    0    0    0    0    1    0    1    0    0    0    0    1    0    0    1    1    1    0    0    0    1    0    0    0    0    0    0    0    0    0    0    0    1    0    0    0    0    0    0    0    1    0    0    0    0    0    1    1    1    0    0    0    0    1    0    1    1    0    0    1    0    1    1    1    0    0    0    0    0    0    0    0    0    0    0    0    0    0    0    0    0    0    0    0    0    0    1    0    0    0    0    0    0    1    0    0    0    0    0    0    0    0    1    0    0    0    0    0    0    1    0    0    0    0    0    0    0    0    0    0    0    0    0    0    0    0    0    0    0    0    1    0    0    0    1    0    0    0    0    1    0    0    0    0    0    0    0    0    0    0    0    0    1    0    1    1    0    0    0    1    0       49

Total:    1    4    3    2    1    1    1    1    1    1    1    1    7    2    1    2    4    1    1    1    1    8    4    5    3    8    7    9    6    1    1    1    5    3    10   4    1    11   4    1    4    4    8    1    19   9    5    5    1    1    1    2    4    6    3    11   5    3    1    1    1    4    2    7    3    2    6    1    1    6    4    6    2    3    2    2    4    1    3    1    2    5    3    4    2    3    1    7    1    1    3    1    2    1    5    3    5    3    2    4    3    3    1    7    1    1    3    1    8    6    14   2    2    7    6    4    1    1    5    2    2    1    3    1    1    5    1    6    1    2    6    3    1    4    1    2    1    1    1    1    1    4    4    1    3    2    2    4    2    2    3    1    1    1    3    2    4    3    5    6    2    1    1    2    3    1    4    1    2    2    2    1    7    5    4    2    2    1    3    1    1    2    4    1    4    1    1    1    1    2    5    5    6    1    1    2    4    3    2    1    1    3    1    2    1    4    1    1    1    1    1    1    2    1    3    1    1    1    1    5    1    1    1    1    1    1    1    1    1    1    2    2    1    1    1    2    1    1    2    1    2    2    1    1    1    1    1    3    1    1    1    1    2    1    1    2    5    2    1    4    2    1    1    2    1    1    1    2    1    1    2    1    2    1    1    1    1    1    1    1    1    1    1    1    3    1    1    1    1    1    1    1    1    1    1    1    1       749

Fis^= 0.005358
Fst^= 0.002241
Fit^= 0.007587
1-Qintra^= 0.942590 (gene diversity intra-individuals)
1-Qinter^= 0.947668 (gene diversity inter-individuals intra-pop)

Multilocus estimates for diploid data
Locus           Fwc(is)     Fwc(st)     Fwc(it)
------------    -------     -------     -------
g2              -0.0151      0.0020     -0.0131
gag010           0.0095      0.0059      0.0154
h24              0.0056      0.0045      0.0100
hyp001          -0.0076      0.0027     -0.0048
hyp015           0.0310      0.0038      0.0347
hyp018          -0.0161      0.0081     -0.0078
e2              -0.0075      0.0018     -0.0057
hyp008           0.0284      0.0106      0.0387
hyp016          -0.0100      0.0065     -0.0035
pam013           0.0054      0.0022      0.0076
           All:  0.0023      0.0049      0.0073
-----------------------------------------------
Normal ending.
