Genepop 4.8.5
Allele frequency-based correlation (Fis, Fst, Fit)

One locus estimates following standard ANOVA as in Weir and Cockerham (1984)

File: data/msats/hamlets_caribbean.gen (Microsatellite genotypes of 7 Hypoplectrus species from 6 Caribbean locations)

Number of populations detected : 17
Number of loci detected        : 10


  Locus: g2
---------------------------------
Pop       Genotypes:
          ------------------------------------------------------------------------------------------------------------------------------------------------------------------------------------------------------------------------------------------------
          189  197  201  203  189  201  203  205  201  203  205  203  205  201  203  205  209  211  203  205  211  213  203  205  207  211  213  215  203  205  207  209  211  213  215  217  203  205  207  211  213  215  217  219  203  205  211  213  215  217  219  203  205  209  211  213  215  217  219  221  223  203  205  209  211  213  215  217  219  221  225  203  205  211  213  215  217  219  221  223  225  227  203  205  211  215  217  221  223  227  229  203  205  209  211  213  215  217  221  223  227  231  203  205  207  209  211  215  217  219  224  227  229  231  233  203  205  211  213  217  219  221  223  233  235  203  205  207  209  217  219  221  223  229  233  235  203  205  215  219  221  223  231  203  211  215  217  221  227  203  225  203  217  203  223  233  217  203  207  211  213  215  217  221  205  237  203  215  217  247  203  211  215  233  203  215  215  227  261  
          203  203  203  203  205  205  205  205  207  207  207  209  209  211  211  211  211  211  213  213  213  213  215  215  215  215  215  215  217  217  217  217  217  217  217  217  219  219  219  219  219  219  219  219  221  221  221  221  221  221  221  223  223  223  223  223  223  223  223  223  223  225  225  225  225  225  225  225  225  225  225  227  227  227  227  227  227  227  227  227  227  227  229  229  229  229  229  229  229  229  229  231  231  231  231  231  231  231  231  231  231  231  233  233  233  233  233  233  233  233  233  233  233  233  233  235  235  235  235  235  235  235  235  235  235  237  237  237  237  237  237  237  237  237  237  237  239  239  239  239  239  239  239  241  241  241  241  241  241  243  243  245  245  247  247  249  251  253  253  253  253  253  253  253  255  255  257  257  257  257  259  259  259  259  261  261  265  279  279    Total

chl.bar   0    0    0    3    0    0    1    1    0    0    0    2    0    0    2    1    0    1    0    1    0    1    1    0    1    0    0    0    2    0    0    0    2    0    0    0    1    0    0    0    1    0    0    0    1    1    0    0    0    0    1    0    0    1    0    0    1    0    0    0    0    1    0    0    0    1    0    0    0    0    0    0    0    0    0    0    0    0    0    0    0    0    1    0    0    0    0    0    0    0    0    2    0    0    1    0    0    2    0    0    0    0    0    1    0    0    0    0    3    0    0    0    0    0    0    0    0    0    0    0    0    0    0    0    0    0    0    0    0    0    0    0    0    0    0    0    0    0    0    0    0    0    0    0    0    1    0    0    0    0    0    0    0    0    0    0    0    0    0    0    0    0    0    0    0    0    0    0    0    0    0    0    0    0    1    1    0    0    0       41
nig.bar   0    0    0    5    0    0    0    0    0    0    0    0    0    0    2    0    0    0    8    1    1    2    1    2    0    0    0    0    6    0    0    0    1    0    0    0    2    0    0    0    1    0    2    1    0    0    0    0    0    0    0    1    0    0    0    0    0    0    0    0    0    0    0    0    0    0    0    0    0    0    0    3    0    0    1    0    1    1    1    1    0    0    0    0    0    0    0    0    0    0    0    0    0    0    0    0    0    0    0    0    0    0    0    0    0    0    0    0    0    0    0    0    0    0    0    0    0    0    0    0    0    0    0    0    0    0    0    0    0    0    0    0    0    0    0    0    0    0    0    0    0    0    0    0    0    0    0    0    0    0    0    0    0    0    0    0    0    1    0    0    1    0    0    0    0    0    0    0    0    0    0    0    0    0    0    0    0    0    0       46
pue.bar   0    0    0    3    0    0    0    0    0    1    0    2    0    0    3    2    0    0    0    0    1    0    1    0    0    2    0    0    4    2    0    0    1    1    0    0    0    0    0    0    0    0    0    0    1    2    0    0    0    0    0    2    0    0    0    0    0    0    0    0    0    2    1    0    0    0    0    1    0    0    0    1    0    0    0    0    0    0    0    0    0    0    0    0    0    1    0    0    0    0    0    0    0    1    1    0    0    0    0    0    0    0    0    1    0    0    0    0    1    0    0    1    0    0    0    2    0    0    0    0    0    0    0    0    0    0    0    0    1    1    0    0    0    0    0    1    0    0    0    0    1    0    0    1    1    0    0    0    0    1    1    0    0    0    0    0    0    0    0    0    0    0    0    0    0    0    0    0    0    0    0    0    0    0    1    0    0    0    0       50
ind.bel   0    0    0    7    0    0    4    2    0    0    0    0    0    0    0    0    0    0    0    0    0    0    0    0    0    0    0    0    10   3    0    0    0    1    0    4    1    0    0    0    0    0    0    0    3    1    0    0    0    2    0    0    0    0    0    0    0    0    0    0    0    1    0    0    0    0    0    1    0    0    0    1    0    0    0    0    0    0    0    0    0    0    0    0    0    0    1    0    0    0    0    0    0    0    0    0    0    0    0    0    0    0    0    0    0    0    0    0    1    0    0    0    0    0    0    2    1    0    0    1    0    1    0    0    0    0    0    0    0    1    0    0    0    0    0    0    0    0    0    0    0    0    0    0    0    0    0    0    0    0    0    0    0    0    0    0    0    0    0    0    0    0    1    0    0    0    0    0    0    0    1    0    0    0    0    0    0    0    0       51
nig.bel   0    0    0    7    1    1    4    1    0    0    1    0    1    1    1    0    0    0    1    0    0    0    2    1    0    0    0    0    1    4    0    0    0    0    0    0    0    2    0    0    0    0    0    0    2    0    0    0    0    1    1    0    0    0    1    0    0    0    0    0    0    2    0    0    0    0    0    0    0    0    0    2    1    1    0    0    1    0    0    0    0    0    1    0    0    0    0    0    0    0    0    0    0    0    0    0    0    0    0    0    1    0    0    1    0    0    1    0    1    0    0    0    0    0    0    1    0    0    0    1    0    0    0    0    0    0    1    0    0    0    0    0    1    0    0    0    0    0    0    0    0    0    0    0    0    0    0    0    0    0    0    0    0    0    0    0    0    0    0    0    0    0    0    0    0    0    0    0    0    0    0    1    0    0    0    0    0    0    0       51
pue.bel   0    0    0    0    0    1    7    2    0    1    2    2    1    0    1    1    1    0    0    0    0    0    1    2    0    0    0    1    1    0    1    0    0    0    0    0    1    0    0    0    0    0    1    0    1    1    0    0    0    0    0    0    0    0    0    0    0    0    0    0    0    1    2    0    0    0    1    1    0    0    0    2    0    0    0    1    0    0    1    2    1    0    0    0    0    0    0    0    1    0    0    0    0    0    0    0    0    0    0    0    0    0    0    0    0    0    0    0    1    0    0    0    0    0    0    0    1    0    0    0    1    0    0    0    0    0    0    0    0    0    0    0    0    0    0    0    0    0    0    0    0    0    0    1    0    0    0    0    0    0    0    0    0    1    0    0    0    1    0    1    0    0    0    0    0    1    0    0    0    0    0    0    0    0    0    0    0    0    0       50
nig.boc   0    0    0    5    0    0    3    0    0    2    0    1    0    0    2    0    0    0    1    0    0    0    11   2    1    0    0    1    2    0    0    1    0    0    2    0    1    0    0    0    0    0    0    0    1    0    0    0    0    0    0    0    0    0    0    0    0    1    0    0    0    1    0    0    0    0    0    0    0    0    0    0    0    0    0    1    0    0    0    0    0    0    0    0    0    0    0    0    0    1    0    0    0    0    0    0    0    0    0    0    0    0    4    3    0    0    0    4    1    0    0    0    0    0    1    0    0    0    0    0    0    0    0    0    0    0    0    0    0    0    0    1    0    0    0    0    0    0    0    0    0    0    0    0    0    0    0    0    0    0    0    1    0    0    0    0    0    0    0    0    0    0    0    0    1    0    0    0    0    0    0    0    0    0    0    0    0    0    0       56
pue.boc   0    0    1    3    0    0    3    0    1    0    0    1    0    0    3    1    0    0    3    0    0    0    1    1    1    0    0    0    2    4    0    1    0    0    1    1    3    0    0    0    0    0    1    0    0    0    0    0    0    0    0    2    0    0    0    0    0    1    1    0    0    0    0    0    1    0    1    0    0    0    0    2    0    0    0    0    0    0    0    0    0    0    1    0    1    0    0    0    0    0    0    1    0    0    0    0    0    0    0    0    0    0    1    0    0    0    0    0    0    0    0    0    0    0    0    0    0    0    0    0    1    0    0    0    0    0    0    0    0    1    0    0    0    0    0    0    1    0    0    0    0    1    0    0    0    0    0    0    0    0    0    0    0    0    0    1    0    0    0    0    0    0    0    0    0    0    0    0    0    0    0    0    0    1    0    0    0    0    0       50
uni.boc   0    0    0    2    0    0    2    0    0    0    0    0    0    0    1    0    0    0    1    0    0    0    1    0    0    0    0    0    4    1    0    0    0    0    3    0    0    0    0    0    0    0    2    0    1    0    1    1    0    0    1    0    1    0    1    0    0    0    0    0    1    0    1    0    0    0    0    2    0    0    0    0    0    0    0    0    0    0    0    0    0    0    1    0    1    2    0    0    0    0    0    0    0    0    0    0    0    0    0    0    0    0    1    0    0    0    0    1    1    0    0    1    0    0    0    0    0    0    0    0    0    0    1    0    0    0    0    0    0    0    0    0    0    0    0    0    0    0    0    0    0    0    0    0    0    0    0    0    1    1    0    0    0    0    0    0    0    1    0    0    0    0    0    0    0    0    0    0    0    0    1    0    0    0    0    0    0    0    0       40
gum.med   0    1    0    1    0    0    0    1    0    0    0    0    0    0    0    1    0    0    0    0    0    0    2    0    0    0    0    0    0    0    0    0    0    0    0    0    1    0    0    5    0    1    1    0    0    0    0    0    0    0    1    1    0    0    5    0    0    1    0    1    1    0    0    0    0    0    0    0    0    0    0    0    0    0    0    0    0    0    0    1    0    0    4    0    1    0    0    0    0    0    0    0    0    0    0    0    1    0    0    1    1    0    2    0    1    0    4    1    0    3    0    0    1    0    1    2    0    2    0    0    0    0    1    0    1    0    0    0    0    0    1    0    0    0    1    0    0    0    0    0    0    0    0    0    0    0    0    0    0    0    0    0    0    0    0    0    0    0    0    0    0    0    0    0    0    0    0    0    0    0    0    0    0    0    0    0    0    0    0       54
nig.med   0    0    0    5    0    0    2    0    0    0    0    0    0    1    6    1    0    0    0    1    1    0    2    0    0    0    1    0    2    1    0    0    0    0    0    1    3    0    0    0    0    1    0    0    0    1    0    0    1    0    0    1    0    0    0    0    0    0    0    0    0    0    0    1    1    0    0    0    1    0    0    0    3    1    0    1    0    0    0    0    0    0    1    0    0    0    0    0    0    0    0    0    0    0    0    0    0    0    0    2    0    0    1    0    0    0    0    1    1    0    0    1    0    0    0    0    0    0    0    0    0    0    0    0    0    0    0    1    0    0    0    0    0    0    0    0    0    0    0    1    0    0    0    0    0    0    1    0    0    0    0    0    0    0    0    0    1    0    0    0    0    0    0    0    0    0    0    0    0    0    0    0    0    0    0    0    0    0    0       50
pue.med   1    0    0    4    0    0    3    2    0    1    0    0    0    0    4    0    0    0    0    0    0    0    2    1    1    0    0    0    2    1    0    0    0    0    1    0    0    0    0    0    0    0    0    0    1    2    0    1    0    0    0    0    0    0    0    0    0    0    0    1    0    0    0    0    0    0    1    0    0    0    0    1    3    0    2    0    1    0    0    0    0    1    2    0    0    1    0    0    0    1    0    0    0    0    0    0    0    1    0    0    0    1    1    0    0    0    0    0    0    1    0    0    0    1    0    0    0    0    0    0    0    0    0    0    0    0    0    0    0    0    0    0    0    0    0    0    0    0    0    0    0    0    0    0    0    0    0    0    0    0    0    0    0    0    0    0    0    1    0    0    0    0    0    1    0    0    0    0    0    1    0    0    0    0    0    0    0    0    1       50
uni.med   0    0    0    5    0    0    1    0    0    0    0    0    0    0    0    1    0    0    0    1    0    0    1    0    0    0    0    0    0    1    0    1    0    0    1    0    3    1    0    0    0    0    0    0    2    0    0    0    1    2    1    1    0    0    2    0    1    1    1    0    0    0    0    0    0    0    0    1    0    0    1    2    0    0    0    0    0    0    0    0    0    0    0    0    0    1    0    0    0    0    0    2    2    0    0    0    0    0    0    0    1    0    1    0    0    0    1    1    1    0    1    0    0    0    0    0    0    0    1    0    0    0    1    0    0    0    0    0    0    0    0    1    0    0    0    0    0    1    0    0    0    0    0    0    0    0    1    0    0    0    0    0    0    0    0    0    0    0    0    0    0    0    0    0    0    0    1    0    0    0    0    0    0    0    0    0    0    0    0       49
abe.car   0    0    0    3    0    0    4    1    0    0    0    0    0    0    3    1    0    1    1    0    0    0    2    0    0    0    0    0    2    0    0    0    0    1    2    0    0    0    0    0    0    0    1    1    2    0    0    0    1    0    0    0    3    0    0    0    0    0    1    0    0    1    0    0    0    1    1    0    1    0    0    2    0    0    0    0    0    0    0    0    1    0    1    1    1    0    0    0    0    1    1    1    1    0    0    0    0    0    0    0    0    0    1    0    0    0    0    0    0    0    0    0    0    0    0    0    0    0    0    0    0    0    0    0    0    0    0    0    0    0    0    0    0    1    0    0    0    0    1    0    0    0    1    0    0    0    0    0    0    0    0    0    0    0    0    0    0    0    1    0    0    0    0    0    0    0    0    1    1    0    0    0    1    0    0    0    0    0    0       52
nig.cai   0    0    2    3    0    0    4    0    0    0    1    0    0    0    1    1    0    1    0    0    0    0    2    0    1    2    0    0    3    1    1    1    0    0    1    1    0    0    1    0    0    0    0    0    1    1    0    0    1    2    1    0    0    0    0    0    0    0    0    0    0    1    1    0    0    0    0    1    0    0    0    2    0    1    1    0    0    0    0    0    0    0    0    0    1    0    0    1    0    0    0    0    0    0    0    0    0    0    0    0    0    0    2    0    0    1    1    1    0    0    0    0    0    0    0    1    0    1    0    0    0    0    0    1    0    1    0    0    0    0    0    0    0    1    0    0    0    0    0    0    0    0    0    0    0    0    0    0    0    0    0    0    0    0    0    0    0    0    0    0    0    0    0    0    0    0    0    1    0    0    0    0    0    0    0    0    0    0    0       53
pue.cai   0    0    0    4    0    0    2    0    0    1    0    0    0    0    2    0    0    0    0    0    0    0    2    2    0    0    0    0    3    1    0    0    0    1    0    0    3    0    0    1    0    0    0    0    3    1    0    0    0    0    0    2    0    1    0    2    0    1    0    0    0    1    0    0    0    0    0    1    0    1    0    4    0    0    0    1    0    0    0    1    0    0    3    0    0    0    1    0    0    0    0    0    0    0    0    0    1    0    1    0    0    0    0    0    0    1    0    0    1    0    0    0    0    0    0    0    1    0    0    0    0    0    0    0    0    0    0    0    0    0    0    0    0    0    0    0    0    0    0    0    0    0    0    0    0    0    0    1    0    0    0    1    0    0    0    0    0    0    0    0    0    1    0    0    0    0    0    0    0    0    0    1    0    0    0    0    0    0    0       54
uni.cai   0    0    0    2    0    1    1    0    0    1    0    0    0    0    5    0    0    1    1    1    0    0    1    1    0    0    0    0    2    1    0    0    1    0    0    1    1    0    0    0    0    0    0    1    2    0    0    0    2    2    0    2    0    0    0    0    1    0    0    0    0    1    1    0    0    0    0    0    0    2    0    1    0    0    0    0    0    0    0    0    0    0    1    0    0    0    0    0    0    0    0    0    0    0    0    1    0    0    0    0    0    0    4    0    0    0    2    0    0    0    0    0    0    0    0    1    1    1    0    1    0    0    0    0    0    0    0    0    0    0    0    0    0    0    0    0    1    0    0    0    0    0    0    0    0    0    0    0    0    0    0    0    1    1    1    0    0    0    0    0    0    0    0    0    0    0    0    0    0    0    0    0    0    0    0    0    1    1    0       54

Total:    1    1    3    62   1    3    41   10   1    7    4    8    2    2    36   10   1    4    16   5    3    3    33   12   5    4    1    2    46   20   2    4    5    4    11   8    20   3    1    6    2    2    8    3    21   10   1    2    6    9    6    12   4    2    9    2    3    5    3    2    2    12   6    1    2    2    4    8    2    3    1    23   7    3    4    4    3    1    2    5    2    1    16   1    5    5    2    1    1    3    1    6    3    1    2    1    2    3    1    3    3    1    18   6    1    2    9    9    12   4    1    3    1    1    2    9    4    4    1    3    2    1    3    1    1    1    1    1    1    3    1    2    1    2    1    1    2    1    1    1    1    1    1    2    1    1    2    1    1    2    1    2    1    2    1    1    1    4    1    1    1    1    1    1    1    1    1    2    1    1    2    2    1    1    2    1    1    1    1       851

Fis^= -0.012062
Fst^= 0.015419
Fit^= 0.003543
1-Qintra^= 0.881316 (gene diversity intra-individuals)
1-Qinter^= 0.870812 (gene diversity inter-individuals intra-pop)


  Locus: gag010
---------------------------------
Pop       Genotypes:
          ------------------------------------------------------------------------------------------------------------------------------------------------------------------------------------------------------------------------------------------------
          111  113  109  111  117  109  111  113  115  117  119  109  111  113  117  119  121  109  111  115  117  119  121  123  113  117  119  121  123  125  113  117  119  121  123  125  111  117  119  121  123  125  127  119  121  123  129  109  111  115  117  119  121  123  125  127  129  131  133  111  113  115  117  119  121  123  125  127  129  131  133  135  109  111  113  115  117  119  121  123  125  127  129  133  135  137  111  117  119  121  123  125  127  129  131  133  135  137  139  111  113  117  119  121  123  125  127  133  135  137  139  141  119  121  123  133  135  141  111  117  119  123  125  127  131  133  135  139  141  119  121  123  125  131  133  135  137  143  111  113  119  121  123  127  133  135  139  141  147  149  119  121  123  135  137  141  119  123  125  137  119  123  127  133  135  137  141  153  117  119  121  123  133  135  137  139  147  155  121  133  155  119  123  121  123  129  115  151  123  
          111  113  117  117  117  119  119  119  119  119  119  121  121  121  121  121  121  123  123  123  123  123  123  123  125  125  125  125  125  125  127  127  127  127  127  127  129  129  129  129  129  129  129  131  131  131  131  133  133  133  133  133  133  133  133  133  133  133  133  135  135  135  135  135  135  135  135  135  135  135  135  135  137  137  137  137  137  137  137  137  137  137  137  137  137  137  139  139  139  139  139  139  139  139  139  139  139  139  139  141  141  141  141  141  141  141  141  141  141  141  141  141  143  143  143  143  143  143  145  145  145  145  145  145  145  145  145  145  145  147  147  147  147  147  147  147  147  147  149  149  149  149  149  149  149  149  149  149  149  149  151  151  151  151  151  151  153  153  153  153  155  155  155  155  155  155  155  155  157  157  157  157  157  157  157  157  157  157  159  159  159  161  161  163  163  165  167  167  169    Total

chl.bar   0    0    0    0    0    0    2    0    0    1    0    0    0    0    0    3    2    0    1    1    0    1    1    1    0    0    0    0    0    0    0    0    1    0    0    0    0    0    0    0    0    0    0    0    0    0    0    0    0    0    0    0    0    0    0    1    0    0    0    0    0    0    0    1    1    3    0    0    1    0    0    0    0    0    0    0    0    2    0    0    0    0    0    0    1    0    0    0    1    0    1    0    0    0    0    0    0    1    0    0    0    0    1    0    1    0    0    0    0    0    0    0    1    0    1    0    0    0    0    0    0    0    0    0    0    0    1    0    0    0    0    0    0    0    0    0    0    0    0    0    0    1    0    0    0    0    0    0    0    0    0    0    0    0    0    0    0    0    0    0    1    0    0    0    0    0    0    0    0    0    1    0    0    0    0    0    0    0    0    0    0    0    0    1    1    1    0    0    0       38
nig.bar   2    0    0    0    0    0    4    0    0    0    4    0    0    0    0    1    0    0    1    0    0    2    0    0    0    0    0    0    0    0    0    0    0    0    0    0    2    0    4    0    0    0    0    0    0    0    0    0    0    0    1    0    0    1    0    0    1    0    0    1    0    0    0    3    0    1    0    0    0    0    0    1    0    0    0    0    0    1    1    0    0    0    0    0    0    0    3    1    3    0    2    0    0    1    0    1    0    0    1    1    0    0    0    0    0    0    0    0    0    0    0    0    0    0    0    0    0    0    0    0    0    0    0    0    0    0    0    0    0    0    0    0    0    0    0    0    0    0    1    0    0    0    0    0    0    0    0    0    0    0    0    0    0    0    0    0    0    0    0    0    0    0    0    0    0    0    0    0    0    0    0    0    0    0    0    0    0    0    0    0    0    0    0    0    0    0    0    0    0       45
pue.bar   1    0    0    0    0    0    0    0    0    0    2    0    2    0    1    2    1    0    0    0    0    1    3    2    0    0    1    1    0    0    0    0    2    1    0    0    0    0    0    0    0    0    0    0    0    0    0    0    0    0    1    0    0    0    0    1    0    0    0    1    0    0    0    2    2    0    0    0    0    1    0    0    0    0    0    0    0    0    0    0    0    0    0    0    0    0    1    0    2    1    0    1    0    0    0    1    0    0    0    0    0    1    0    1    0    0    0    1    0    0    0    0    0    1    0    0    0    0    0    0    0    2    0    0    0    0    0    0    1    1    0    0    1    0    0    1    0    0    0    0    1    0    1    0    0    0    0    0    0    0    0    0    0    0    0    0    0    1    0    0    0    0    0    0    0    0    0    0    0    0    0    0    0    0    0    0    0    0    0    0    0    0    0    0    0    0    0    0    1       48
ind.bel   0    0    0    0    0    0    0    0    0    0    12   0    0    0    0    0    0    0    0    0    0    5    0    0    0    0    0    0    0    0    0    0    0    0    0    0    0    0    0    0    0    0    0    0    0    0    0    0    0    0    0    3    0    0    0    0    0    0    0    0    0    0    0    1    0    0    0    0    0    0    0    0    0    0    0    0    0    0    0    0    0    0    0    0    0    0    0    0    2    1    0    0    0    0    0    1    0    0    2    0    0    0    5    0    4    0    0    1    1    1    4    2    0    0    1    0    0    1    0    0    2    1    0    0    0    0    0    0    2    0    0    0    0    0    0    0    0    0    0    0    0    0    0    0    0    0    0    0    0    0    0    0    0    0    0    1    0    0    0    0    0    0    0    0    0    0    0    0    0    0    0    0    0    0    0    0    0    0    0    0    0    0    0    0    0    0    0    0    0       53
nig.bel   0    0    0    0    0    0    0    0    1    0    0    0    0    0    0    0    0    0    1    1    0    1    1    1    0    0    2    0    0    0    1    0    0    0    1    1    0    0    1    0    0    0    0    0    0    0    0    0    0    0    0    0    0    0    1    0    0    0    0    0    0    0    0    1    0    2    0    0    0    0    0    0    0    0    1    0    0    3    0    4    2    0    0    3    2    5    0    0    0    0    1    0    0    0    0    0    0    1    0    0    0    0    1    0    0    0    0    0    0    0    0    0    0    0    0    0    0    0    0    0    0    0    0    0    0    0    0    0    0    0    0    0    0    1    0    0    2    1    0    0    2    0    0    0    0    1    0    0    1    0    0    0    0    0    0    0    0    0    0    1    0    0    0    0    0    1    0    0    0    0    0    0    0    0    0    0    0    0    0    0    0    1    1    0    0    0    0    0    0       51
pue.bel   0    0    0    0    0    0    0    0    0    1    3    0    1    0    0    2    1    0    2    0    0    0    3    0    0    0    1    1    1    0    0    0    1    0    0    0    0    0    1    2    0    0    0    0    0    0    0    0    0    0    0    2    0    0    0    0    0    0    0    0    0    0    0    0    0    0    0    1    0    0    0    0    0    0    0    1    1    3    1    1    1    0    0    0    0    0    0    0    1    0    0    0    0    0    0    0    1    1    0    0    0    0    0    2    0    1    0    0    0    0    0    0    0    0    0    0    0    0    0    0    0    0    1    0    0    1    0    1    0    0    0    0    0    0    0    0    0    1    0    0    1    0    0    0    0    1    0    1    0    0    0    0    0    0    1    1    1    0    0    0    0    0    0    0    0    0    0    0    1    0    0    0    0    0    0    0    0    0    0    0    0    0    0    0    0    0    0    1    1       50
nig.boc   0    0    0    0    2    0    0    0    1    0    4    0    0    0    0    1    0    0    0    0    2    2    0    0    0    0    1    0    0    0    0    0    0    0    0    0    0    0    1    0    1    1    0    0    0    1    0    0    0    0    2    2    0    1    0    0    1    0    0    0    0    0    1    0    0    0    0    1    1    0    0    0    0    0    0    0    4    0    1    1    0    0    0    3    1    1    0    1    1    0    0    0    0    0    0    0    1    0    0    0    0    0    0    0    1    0    0    0    0    0    0    0    0    0    0    0    0    0    0    0    0    0    0    0    1    0    0    0    0    0    0    0    0    0    0    0    0    0    0    0    0    0    0    1    1    0    0    0    0    0    0    1    1    0    0    0    0    0    0    0    0    1    0    0    0    0    0    1    0    0    0    0    0    0    0    0    0    0    0    0    0    0    0    0    0    0    0    0    0       48
pue.boc   0    0    0    0    0    0    0    0    0    2    2    0    1    1    0    3    1    0    0    0    1    1    0    1    0    0    1    0    0    0    0    0    0    1    0    0    0    0    0    0    0    0    1    0    0    0    2    0    1    0    0    1    0    0    0    1    0    0    0    0    0    0    0    1    0    0    0    0    1    0    0    0    0    1    0    0    0    2    0    0    0    0    0    0    0    1    0    0    0    1    0    0    0    0    0    0    0    0    0    0    0    0    2    1    0    0    0    0    0    0    0    0    1    0    0    0    0    0    0    0    0    0    0    0    0    0    0    0    0    0    0    0    0    0    0    0    0    0    0    0    1    0    0    0    0    0    0    0    0    0    1    1    0    0    1    0    0    0    0    0    1    0    0    0    0    0    0    0    0    0    0    0    0    0    0    0    0    0    0    0    0    0    0    0    0    0    0    0    0       37
uni.boc   0    0    0    0    0    0    1    0    1    0    1    0    1    0    0    0    2    0    0    0    0    2    1    0    0    0    0    0    0    0    0    0    2    1    1    0    0    0    0    0    0    0    1    0    2    0    0    0    1    0    0    3    0    1    0    1    0    1    0    1    0    0    0    1    1    0    0    1    0    1    1    0    0    0    0    0    0    1    1    0    0    0    0    0    0    0    0    0    0    1    0    0    0    0    0    1    0    1    0    0    1    0    0    1    0    0    0    0    0    0    0    0    0    0    0    0    0    0    0    0    0    0    0    0    0    0    0    0    0    0    0    0    0    0    0    0    0    0    0    0    0    0    0    0    0    0    0    0    0    0    0    0    0    0    0    0    0    0    0    0    0    1    1    0    0    0    0    0    0    0    0    0    0    0    0    0    0    0    0    0    0    0    0    0    0    0    0    0    0       38
gum.med   0    0    0    0    0    0    0    0    0    0    8    0    0    0    0    2    1    0    0    0    0    1    0    0    0    0    0    0    0    0    0    0    0    0    0    0    0    0    0    0    0    0    0    0    0    0    0    0    0    0    0    7    2    0    0    1    0    0    1    0    0    0    0    1    1    0    0    0    0    0    1    0    0    0    0    0    0    1    0    0    0    0    0    0    0    0    0    0    1    0    0    0    0    0    0    2    0    0    0    0    0    0    0    0    0    0    0    0    0    0    0    0    0    0    0    0    0    0    0    0    1    0    0    0    0    1    1    0    0    0    0    0    0    0    0    0    0    0    0    0    0    0    0    0    0    0    0    0    0    0    0    0    0    0    0    0    0    0    0    0    0    0    0    0    0    0    0    0    0    0    0    0    1    0    1    0    0    0    0    0    0    0    0    0    0    0    0    0    0       35
nig.med   0    0    0    0    0    1    2    0    0    0    0    1    0    0    0    1    0    1    0    0    0    4    4    1    0    0    2    0    0    0    0    1    1    0    0    0    0    0    0    0    0    0    0    0    0    0    0    0    0    0    0    0    1    0    0    0    0    0    0    0    1    0    0    2    0    1    0    1    0    0    2    0    1    0    0    1    0    4    1    1    0    0    0    1    0    0    0    1    0    0    2    0    0    0    0    0    0    2    0    0    0    0    1    0    0    0    2    0    0    1    0    0    0    0    0    0    0    0    0    0    0    0    0    0    0    0    0    0    0    0    0    1    0    0    0    0    0    0    0    1    0    0    0    0    0    0    0    0    0    1    0    0    0    0    0    0    0    0    0    0    0    0    0    0    0    0    0    0    0    0    1    0    0    0    0    0    0    0    0    0    0    0    0    0    0    0    0    0    0       49
pue.med   0    0    0    0    0    0    0    1    0    0    2    0    0    0    0    2    1    0    1    0    0    1    0    1    0    1    2    1    1    0    1    1    1    1    3    0    0    0    1    0    1    0    0    0    0    0    0    1    0    0    0    1    2    0    0    0    0    1    0    1    0    0    0    2    0    0    0    0    0    1    0    2    0    0    0    0    0    1    1    1    0    0    0    0    0    0    0    0    0    0    1    0    1    0    1    0    0    2    0    0    0    0    0    0    1    0    0    0    0    0    0    0    0    0    0    0    1    0    0    0    0    0    0    0    0    0    0    0    0    0    0    0    0    0    0    0    0    0    0    0    0    1    1    0    0    0    0    0    0    0    1    0    0    0    0    0    0    0    0    0    0    0    0    0    0    0    0    0    0    0    0    2    0    0    0    1    0    0    0    0    0    0    0    0    0    0    0    0    0       50
uni.med   0    1    0    0    0    0    0    0    0    1    3    1    0    0    0    2    1    0    0    0    0    3    2    1    0    0    1    0    1    1    0    0    0    1    1    0    1    1    2    0    0    0    0    0    0    0    0    0    1    0    0    0    1    3    0    0    0    0    0    0    0    0    0    0    1    2    1    0    0    0    0    0    1    0    0    0    0    2    1    0    0    1    0    1    0    0    0    0    0    1    2    0    0    0    1    0    0    0    0    0    0    1    0    1    1    0    0    1    0    1    0    0    0    0    0    1    0    0    0    0    0    0    0    0    0    0    1    0    0    0    0    0    0    0    0    0    0    0    0    0    0    0    0    0    0    0    0    0    0    0    0    0    0    0    0    0    0    0    0    0    0    0    0    1    0    0    0    0    0    0    0    0    0    0    0    1    0    0    0    0    0    0    0    0    0    0    0    0    0       52
abe.car   0    0    1    0    0    1    0    0    0    0    0    0    0    0    1    0    1    0    0    0    0    2    3    0    0    0    2    0    0    0    0    0    1    0    1    1    0    0    0    0    0    0    0    0    0    0    0    0    0    1    0    1    1    2    0    1    0    0    0    0    0    0    0    1    2    1    0    0    0    0    0    0    0    0    0    0    1    3    0    1    1    0    0    1    0    1    0    0    1    0    2    1    0    0    0    1    0    0    0    0    0    0    1    1    0    1    1    0    0    0    1    0    1    0    0    0    0    0    0    0    0    0    0    0    0    0    0    0    0    0    0    0    0    0    0    0    1    0    0    0    0    0    1    0    0    0    0    0    0    0    0    0    0    0    1    0    0    0    0    0    0    0    0    0    1    0    0    1    0    2    0    0    0    0    0    0    0    0    0    1    0    0    0    0    0    0    1    0    0       52
nig.cai   0    0    0    0    0    0    0    0    0    0    0    0    0    0    0    2    1    0    0    0    0    0    3    1    0    0    2    0    1    0    0    0    0    1    0    0    1    0    0    0    0    1    0    0    0    0    0    0    1    0    0    0    0    0    0    1    0    0    0    1    0    1    0    1    2    1    0    0    0    0    1    2    0    0    1    0    0    0    0    1    0    1    1    0    1    1    0    0    0    0    0    0    0    0    0    0    0    0    0    0    0    0    1    0    0    0    0    2    0    1    0    0    0    0    0    0    0    0    0    1    0    0    0    0    0    0    0    0    0    0    1    0    0    0    0    0    0    0    0    0    1    1    1    0    0    0    1    0    0    0    0    0    0    1    0    0    0    1    1    0    0    1    0    1    0    0    0    0    0    0    0    0    0    1    0    0    1    0    1    0    0    0    0    0    0    0    0    0    0       48
pue.cai   0    0    0    1    0    0    0    0    0    0    0    0    1    0    0    4    0    0    0    0    0    4    3    0    1    0    1    1    1    0    1    0    4    0    0    0    0    0    2    0    1    0    0    0    0    0    0    0    0    1    0    0    0    0    0    0    0    0    0    0    0    0    0    1    2    2    0    0    0    0    0    2    0    0    0    0    0    1    1    2    0    0    0    1    1    0    0    0    2    0    0    0    0    0    0    0    0    0    0    0    0    0    1    0    1    1    0    0    0    0    0    1    1    0    0    0    0    0    1    0    0    0    0    1    0    0    0    0    0    1    0    0    0    0    0    0    0    0    0    0    1    0    1    0    0    0    0    0    0    0    1    0    0    0    0    0    0    0    0    0    1    0    0    0    0    0    0    0    0    0    0    0    0    0    0    0    0    0    0    0    1    0    0    0    0    0    0    0    0       54
uni.cai   0    0    0    0    0    0    2    0    0    0    1    0    0    0    0    2    1    1    0    0    0    0    1    2    0    0    1    0    1    0    0    0    0    0    0    0    0    0    3    0    0    0    0    1    0    0    0    0    0    0    0    2    0    0    0    2    0    0    0    0    0    0    0    3    0    2    0    0    0    0    1    1    0    0    0    0    0    3    0    0    1    0    0    1    1    0    0    0    1    0    0    0    0    0    0    1    1    2    0    0    0    0    3    0    0    0    1    0    1    0    0    0    0    0    0    0    0    0    1    1    0    0    0    0    0    0    0    0    0    0    0    0    0    0    1    0    0    0    0    0    0    0    0    0    1    0    0    0    0    0    0    0    0    0    0    0    0    0    0    0    0    0    0    0    0    1    2    0    0    0    0    0    0    1    0    0    0    1    0    0    0    0    0    0    0    0    0    0    0       52

Total:    3    1    1    1    2    2    11   1    3    5    42   2    6    1    2    27   13   2    6    2    3    30   25   11   1    1    17   4    6    1    3    2    13   6    7    2    4    1    15   2    3    2    2    1    2    1    2    1    4    2    4    22   7    8    1    9    2    2    1    5    1    1    1    21   12   15   1    4    3    3    6    8    2    1    2    2    6    27   8    12   5    2    1    11   7    9    4    3    15   5    11   2    1    1    2    8    3    10   3    1    1    2    16   7    9    3    4    5    2    4    5    3    4    1    2    1    1    1    2    2    3    3    1    1    1    2    3    1    3    2    1    1    1    1    1    1    3    2    1    1    7    3    5    1    2    2    1    1    1    1    3    2    1    1    3    2    1    2    1    1    3    3    1    2    1    2    2    2    1    2    2    2    1    2    1    2    1    1    1    1    1    1    1    1    1    1    1    1    2       800

Fis^= 0.011405
Fst^= 0.023926
Fit^= 0.035058
1-Qintra^= 0.877500 (gene diversity intra-individuals)
1-Qinter^= 0.887623 (gene diversity inter-individuals intra-pop)


  Locus: h24
---------------------------------
Pop       Genotypes:
          ------------------------------------------------------------------------------------------------------------------------------------------------------------------------------------------------------------------------------------------------
          202  202  204  196  200  202  204  206  206  200  202  204  206  208  210  202  204  206  210  212  200  204  206  208  210  212  214  190  196  198  200  202  204  206  208  210  212  214  216  192  204  206  208  210  212  214  216  218  196  200  202  204  206  210  212  214  216  218  220  198  202  204  206  208  210  212  214  216  218  220  222  196  202  204  206  208  210  212  214  216  218  220  222  224  200  202  204  206  208  210  212  214  216  218  220  222  224  226  202  204  206  208  210  212  214  216  218  220  222  224  226  228  202  204  206  208  210  212  214  216  218  220  222  224  226  228  230  202  204  206  210  212  214  216  220  224  226  204  206  210  214  216  218  220  222  224  226  230  232  234  202  204  208  220  224  228  230  232  234  202  204  206  210  212  218  220  222  226  228  230  204  206  210  212  214  216  218  220  222  224  230  236  240  206  220  222  230  234  202  204  206  210  212  214  216  218  220  222  224  226  234  236  240  228  202  210  212  230  206  224  216  
          202  204  204  206  206  206  206  206  208  210  210  210  210  210  210  212  212  212  212  212  214  214  214  214  214  214  214  216  216  216  216  216  216  216  216  216  216  216  216  218  218  218  218  218  218  218  218  218  220  220  220  220  220  220  220  220  220  220  220  222  222  222  222  222  222  222  222  222  222  222  222  224  224  224  224  224  224  224  224  224  224  224  224  224  226  226  226  226  226  226  226  226  226  226  226  226  226  226  228  228  228  228  228  228  228  228  228  228  228  228  228  228  230  230  230  230  230  230  230  230  230  230  230  230  230  230  230  232  232  232  232  232  232  232  232  232  232  234  234  234  234  234  234  234  234  234  234  234  234  234  236  236  236  236  236  236  236  236  236  238  238  238  238  238  238  238  238  238  238  238  240  240  240  240  240  240  240  240  240  240  240  240  240  242  242  242  242  242  244  244  244  244  244  244  244  244  244  244  244  244  244  244  244  246  248  248  248  248  250  250  258    Total

chl.bar   0    0    0    0    0    1    0    0    0    0    0    0    0    0    0    1    0    0    0    0    0    0    0    0    0    0    0    0    0    0    0    0    0    0    1    1    0    0    0    0    1    0    0    0    0    0    0    0    0    0    1    0    0    2    0    0    0    0    0    0    1    0    1    0    0    0    0    1    0    1    0    0    0    0    0    0    0    0    0    0    1    0    0    0    0    3    1    0    0    0    0    0    5    0    1    1    0    0    0    0    0    0    1    1    0    0    0    0    1    0    1    0    1    0    0    1    0    0    0    0    0    0    0    0    0    0    0    0    0    0    0    0    0    0    0    0    1    0    0    0    0    0    0    0    0    0    0    0    0    0    0    0    0    0    0    0    0    2    0    1    0    0    0    0    1    0    0    0    0    0    0    0    0    0    0    0    0    0    0    1    0    0    0    1    0    0    1    0    0    0    1    0    0    0    1    0    0    0    0    0    0    0    0    0    1    0    0    0    0    0    0       41
nig.bar   3    1    0    0    0    0    0    0    0    0    1    0    0    0    0    2    0    0    0    0    0    0    0    0    0    0    0    0    0    0    0    4    1    0    0    0    0    0    2    0    2    0    0    0    0    0    0    1    1    0    1    0    1    0    1    0    1    0    1    0    1    2    0    0    0    0    0    2    0    2    0    0    1    0    0    0    0    0    0    0    0    0    0    0    0    0    0    0    0    0    0    0    0    0    0    1    0    0    2    1    0    0    0    0    0    0    0    0    0    0    0    0    1    1    0    0    0    0    0    2    0    1    0    0    0    1    1    1    0    0    0    0    0    1    1    0    0    0    0    0    0    0    0    0    0    0    0    0    0    0    0    0    0    0    0    0    0    0    0    0    0    0    0    0    0    0    0    0    0    0    0    0    0    0    0    0    0    0    0    0    0    0    0    0    0    0    0    0    0    0    0    0    0    0    0    0    0    0    0    0    0    0    0    0    0    0    0    0    0    0    0       45
pue.bar   0    0    0    0    0    0    1    0    0    0    0    0    0    0    0    0    1    0    0    0    0    0    0    1    0    0    0    0    0    0    0    0    1    0    1    1    0    1    1    0    0    0    1    0    1    0    0    0    0    0    0    1    0    0    0    0    0    0    1    0    0    0    1    0    0    0    0    2    0    0    0    0    0    0    0    0    0    0    0    1    0    0    0    0    0    0    1    1    1    1    2    0    1    1    0    2    1    1    0    0    1    0    0    1    0    2    0    0    0    0    0    0    0    0    1    0    0    0    0    0    0    0    0    0    0    1    0    0    0    1    0    0    0    0    0    0    1    1    0    0    0    1    0    1    1    0    0    1    0    0    0    0    0    0    2    0    0    0    0    0    0    0    1    0    0    0    0    0    0    0    0    0    0    0    0    0    0    0    0    0    0    1    0    0    0    0    0    0    1    0    0    0    0    0    0    0    0    0    0    0    0    0    0    0    1    1    1    1    0    0    0       50
ind.bel   0    0    0    0    0    0    0    0    0    0    0    0    1    1    0    0    0    0    0    0    0    0    1    0    1    0    3    0    0    0    0    0    0    1    1    0    0    1    0    0    0    0    0    0    1    0    0    0    0    0    0    0    0    0    0    0    0    0    0    0    0    0    0    0    2    0    2    0    0    0    1    0    0    0    0    0    0    0    0    0    0    0    0    0    0    0    0    0    0    0    0    0    0    0    0    1    0    0    0    0    0    1    0    0    0    0    0    0    0    0    0    0    0    0    0    0    0    1    0    0    0    0    0    0    0    0    0    0    0    0    0    0    0    0    0    0    0    0    0    0    1    0    0    0    0    0    0    0    0    0    0    0    0    0    0    0    0    0    0    0    0    0    0    0    0    0    0    0    0    0    0    1    1    0    8    0    0    1    10   1    1    0    9    0    0    0    0    0    0    0    0    0    0    1    0    0    0    1    0    0    0    0    0    0    0    0    0    0    0    0    0       54
nig.bel   0    1    0    0    0    0    0    2    3    0    0    0    0    0    1    1    0    2    0    2    0    0    2    0    1    0    0    1    0    0    0    0    0    2    0    1    0    0    0    0    0    0    0    0    0    1    2    0    0    0    0    0    0    0    0    0    0    0    0    0    0    0    2    0    0    0    0    0    0    1    0    0    0    0    0    0    0    0    0    0    1    0    0    0    1    0    0    4    1    0    0    0    1    0    0    0    0    0    0    0    0    1    0    0    0    0    0    1    0    1    0    1    0    0    3    0    0    0    0    0    1    0    0    0    1    1    0    0    0    0    0    0    0    0    0    0    0    0    1    0    0    0    0    0    0    0    0    0    0    0    0    0    0    0    0    0    0    0    0    0    0    0    0    1    0    0    0    0    0    0    0    0    0    1    0    0    0    0    0    0    0    0    0    0    0    1    0    0    0    0    1    0    0    0    0    1    1    0    0    0    0    0    0    1    0    0    0    0    0    0    0       51
pue.bel   0    0    0    0    0    0    1    0    0    0    0    0    0    0    0    0    0    0    2    0    0    0    0    0    1    0    0    0    0    0    0    0    0    2    1    0    0    0    0    1    1    0    0    2    0    0    1    2    0    0    0    0    0    0    0    0    0    1    0    0    1    2    1    0    0    0    0    1    2    0    0    0    1    2    0    1    0    0    0    0    0    0    0    0    0    0    0    1    0    0    1    1    0    2    2    1    0    0    0    1    0    0    0    1    0    0    0    0    0    0    0    0    0    1    0    0    0    0    0    0    0    0    0    0    0    0    0    0    0    0    1    0    0    0    0    0    0    0    0    0    0    0    0    0    0    0    0    0    0    0    0    0    0    0    1    0    0    0    0    0    0    0    0    0    0    1    0    0    0    1    0    0    0    0    0    1    0    1    1    0    1    0    1    0    0    0    0    0    0    0    0    0    1    0    0    1    1    0    0    0    1    0    0    0    0    0    0    0    0    0    0       50
nig.boc   0    0    0    0    0    0    0    1    0    0    0    0    0    0    0    0    0    0    0    0    0    0    3    0    0    1    0    0    0    0    0    0    0    0    0    0    0    0    0    0    0    1    0    0    0    2    0    0    0    0    0    2    4    0    1    3    2    3    7    0    0    0    0    0    0    1    2    0    0    1    0    0    0    1    1    0    0    0    0    1    2    2    0    0    0    0    0    0    0    0    0    0    0    0    1    0    0    0    0    1    1    0    0    0    1    0    0    3    0    0    0    0    0    0    0    0    0    0    0    0    0    2    1    1    0    1    0    0    0    0    0    0    0    0    0    0    0    0    0    0    0    0    0    0    0    0    0    0    0    0    0    0    0    1    0    0    0    0    0    0    0    0    0    0    0    0    0    0    0    0    0    0    0    0    0    0    0    1    0    0    0    0    0    0    0    0    0    0    0    0    0    0    0    0    1    0    0    0    0    0    0    0    0    0    0    0    0    0    0    0    0       56
pue.boc   1    0    0    0    0    1    0    1    0    0    0    0    0    0    0    0    0    0    0    0    0    0    0    0    0    0    0    0    0    0    1    0    2    0    0    1    1    1    2    0    2    2    0    1    0    0    1    0    0    0    0    1    1    0    0    0    1    0    0    0    0    0    0    0    0    1    0    1    0    0    0    0    0    1    0    0    2    1    0    0    1    0    0    0    0    0    0    0    0    3    0    1    1    0    0    0    0    1    0    0    0    0    0    1    0    2    1    0    0    0    0    0    1    1    0    1    1    0    0    1    0    0    0    0    0    0    0    0    0    0    0    1    0    0    0    0    0    0    0    0    0    0    1    0    0    0    0    0    0    0    0    1    0    0    0    0    0    0    0    0    0    0    0    0    0    0    0    0    0    0    0    0    1    0    0    1    0    0    0    0    0    0    0    0    0    0    0    0    0    1    0    0    0    0    1    0    0    0    0    0    0    0    0    0    0    0    0    0    0    0    1       50
uni.boc   1    0    0    0    0    1    4    0    0    0    0    1    0    0    0    0    0    1    0    0    0    1    0    0    0    0    0    0    0    0    0    0    0    0    0    0    0    0    0    0    0    0    0    0    0    1    0    0    0    0    0    1    0    0    1    0    0    0    0    0    0    1    3    0    0    0    0    0    1    0    0    0    1    0    1    0    0    0    0    0    0    0    1    0    0    0    1    1    2    0    4    0    0    1    0    1    0    1    0    1    1    0    0    0    0    0    0    0    0    0    0    0    0    0    0    0    0    0    0    0    0    0    0    0    0    0    0    0    0    0    0    0    0    0    0    0    0    0    0    0    0    2    0    0    0    0    0    0    0    0    0    0    1    0    0    0    0    0    0    0    0    0    0    0    0    0    0    0    0    0    0    0    0    0    0    0    0    0    0    0    0    0    0    0    1    0    0    0    0    1    0    0    1    0    0    0    0    0    0    1    0    0    0    0    0    0    0    0    0    0    0       40
gum.med   2    0    0    0    0    2    0    0    0    0    6    0    7    0    12   0    0    0    1    0    0    0    1    0    7    0    0    0    0    0    0    1    0    0    0    0    0    0    0    0    0    0    0    3    0    1    0    0    0    0    0    0    0    0    0    0    0    0    0    0    0    0    0    0    0    0    0    0    0    0    0    0    0    0    0    0    0    0    0    0    0    0    0    0    0    1    0    0    0    5    0    0    1    0    0    1    0    0    0    0    0    0    0    0    0    0    0    0    0    0    0    0    0    0    0    0    0    0    0    0    0    0    0    0    0    0    0    0    0    1    1    0    1    0    0    0    0    0    0    0    0    0    0    0    0    0    0    0    0    0    0    0    0    0    0    0    0    0    0    0    0    0    0    0    0    0    0    0    0    0    0    0    0    0    0    0    0    0    0    0    0    0    0    0    0    0    0    0    0    0    0    0    0    0    0    0    0    0    0    0    0    0    0    0    0    0    0    0    0    0    0       54
nig.med   0    0    0    0    0    0    1    1    0    1    0    2    0    0    0    0    0    0    0    1    1    0    0    0    0    1    0    0    1    0    0    0    0    0    0    0    0    2    0    0    0    2    0    0    1    0    0    0    0    0    0    0    0    1    1    0    1    0    0    0    0    0    2    0    0    1    1    0    0    0    0    0    0    0    0    0    0    0    0    0    0    0    0    0    0    0    1    1    0    1    0    2    0    0    1    1    2    1    0    0    0    0    0    0    0    0    0    0    0    0    0    0    0    0    0    1    1    1    1    1    1    1    0    0    2    0    0    0    0    0    0    0    0    0    0    0    0    0    0    0    0    0    0    1    0    0    0    0    1    0    0    0    0    0    0    0    0    0    0    0    0    1    0    0    0    0    0    0    0    0    0    2    0    0    1    0    0    0    0    0    0    0    0    1    0    0    0    0    0    0    0    0    0    0    0    0    1    0    0    1    0    1    0    0    0    0    0    0    0    0    0       50
pue.med   0    0    0    0    1    0    1    0    0    0    0    0    1    0    0    0    0    0    0    0    0    2    0    0    0    0    1    0    0    1    0    1    0    1    0    0    0    0    0    0    0    0    0    0    1    1    0    0    0    1    0    1    1    1    1    0    0    0    0    0    0    3    0    0    1    0    0    1    1    0    0    0    0    0    0    0    0    3    0    0    0    2    1    0    0    0    0    0    0    0    2    1    1    0    1    1    0    0    0    0    1    0    1    0    0    1    0    0    0    0    0    0    0    0    1    0    0    0    0    0    0    2    0    0    0    0    1    0    0    0    0    0    0    0    0    1    0    0    0    1    0    0    0    0    0    0    0    0    0    0    0    0    0    0    0    0    0    0    0    0    0    0    0    0    0    1    0    1    0    0    1    0    0    0    0    0    1    0    0    0    0    0    0    0    0    0    0    0    0    0    1    0    0    0    0    0    0    0    0    0    0    0    0    0    0    0    0    0    1    1    0       50
uni.med   0    0    0    1    0    0    2    0    0    0    0    0    0    0    0    0    1    2    0    0    0    0    0    0    0    1    0    0    0    0    0    0    1    0    0    0    2    2    0    0    0    0    0    2    0    0    0    0    0    0    0    1    0    0    2    0    0    0    0    0    0    1    0    0    1    0    1    0    0    0    1    0    0    0    0    0    0    0    0    2    0    0    0    0    0    0    0    0    0    0    0    0    3    0    1    1    2    0    0    0    0    0    0    0    0    0    0    0    1    0    1    0    0    0    0    0    0    1    1    1    0    0    1    0    1    0    0    1    0    1    0    1    0    0    0    0    0    0    1    0    0    0    0    0    0    0    0    0    0    1    0    0    0    0    1    2    1    0    0    0    0    0    0    0    0    0    1    0    0    0    0    0    0    0    0    0    0    0    0    0    0    0    0    0    0    0    0    1    0    0    0    1    0    0    0    1    0    1    0    0    0    0    1    0    0    0    0    0    0    0    0       52
abe.car   0    1    0    0    0    0    2    1    0    0    0    0    1    0    0    0    1    0    0    2    0    0    0    0    1    0    0    0    0    0    0    0    0    2    0    1    0    0    1    0    0    3    0    0    0    0    0    0    0    0    0    0    0    0    1    0    1    0    0    0    0    0    0    0    1    0    0    1    0    0    0    1    0    0    2    0    0    1    0    3    2    0    1    3    0    3    0    1    0    0    1    1    0    0    0    1    1    1    0    0    0    0    0    0    0    0    0    0    1    0    0    0    0    0    0    0    0    0    0    0    0    0    0    1    0    0    0    0    0    0    0    0    0    0    0    0    1    0    1    0    0    1    0    0    1    0    0    0    0    0    1    0    0    0    0    0    0    0    0    0    1    0    0    0    0    0    0    0    0    0    0    0    0    0    0    0    0    0    0    1    0    0    0    0    0    0    0    0    0    0    0    0    0    0    0    0    1    0    0    0    0    0    0    0    0    0    0    0    0    0    0       52
nig.cai   0    2    0    0    0    1    1    0    0    0    0    0    1    0    0    0    0    1    0    0    0    0    0    0    0    0    1    0    0    0    0    1    1    1    1    0    0    0    1    0    0    0    0    0    0    0    0    1    0    0    1    0    2    0    0    0    2    1    1    0    0    0    0    0    2    1    1    2    0    0    1    0    1    0    0    0    1    1    1    1    0    0    0    1    0    1    2    0    0    0    1    0    0    0    0    2    1    1    0    1    0    0    0    0    0    0    0    0    0    1    1    0    1    0    0    0    0    0    0    1    0    0    1    0    1    0    0    0    1    0    0    0    0    0    1    0    0    0    0    0    0    0    0    0    1    1    0    0    0    0    0    0    0    0    0    0    0    0    0    0    0    0    0    0    0    0    1    0    0    0    0    0    0    0    0    0    0    0    0    0    0    0    0    0    0    0    0    0    0    0    0    0    0    0    0    0    0    0    0    0    0    0    0    0    0    0    0    0    0    0    0       53
pue.cai   0    0    1    0    0    0    3    1    0    0    0    0    0    0    0    2    0    0    0    0    0    0    0    0    0    1    0    0    0    0    0    0    2    0    2    0    1    0    1    0    0    1    0    0    0    0    1    0    0    0    1    0    0    0    0    1    2    0    1    0    0    1    1    1    0    1    0    2    0    1    0    0    0    1    0    0    1    0    0    0    0    0    0    0    0    0    2    1    0    0    0    1    2    0    1    0    0    0    0    0    0    0    0    0    0    1    0    0    0    0    0    0    0    0    0    0    0    0    1    0    0    0    2    0    0    0    0    0    0    0    0    1    1    0    0    0    1    0    0    0    0    0    0    0    0    0    1    0    0    0    0    0    0    1    0    0    0    0    1    0    0    0    0    0    0    0    0    0    0    0    0    1    0    0    0    0    0    0    0    0    0    0    0    1    0    0    0    0    0    1    1    0    0    0    0    0    0    0    0    2    0    0    0    0    0    0    0    0    0    0    1       54
uni.cai   0    0    1    0    0    0    1    1    0    0    0    1    0    0    0    0    1    0    0    0    0    0    0    0    0    0    0    0    0    0    0    0    1    2    0    2    0    0    0    0    3    1    0    0    0    1    1    0    0    0    1    1    1    1    0    0    1    0    0    1    1    0    2    0    0    1    0    0    0    1    0    0    0    1    1    0    0    0    0    1    1    0    1    0    0    0    1    0    0    1    0    0    3    0    0    0    1    2    0    0    0    0    0    0    0    2    0    0    2    0    0    0    0    0    0    0    0    0    1    0    0    0    0    0    1    0    0    0    0    0    0    0    0    0    0    0    0    1    0    0    0    1    0    0    1    0    0    0    0    0    0    1    0    0    0    0    0    0    0    0    1    0    0    0    0    0    0    0    1    0    0    0    0    0    0    0    0    0    0    0    0    0    0    0    0    0    0    0    0    0    0    0    0    0    0    0    0    0    1    1    0    0    0    0    0    0    0    0    0    0    0       54

Total:    7    5    2    1    1    6    17   8    3    1    7    4    11   1    13   6    4    6    3    5    1    3    7    1    11   4    5    1    1    1    1    7    9    11   7    7    4    7    8    1    9    10   1    8    4    7    6    4    1    1    5    8    10   5    8    4    11   5    11   1    4    10   13   1    7    6    7    13   4    7    3    1    4    6    5    1    4    6    1    9    8    4    4    4    1    8    9    10   4    11   11   7    18   4    8    14   8    8    2    5    4    2    2    4    1    8    1    4    5    2    3    1    4    3    5    3    2    3    4    6    2    6    5    2    6    4    2    2    1    3    2    3    2    1    2    1    4    2    3    1    1    5    1    2    4    1    1    1    1    1    1    2    1    2    4    2    1    2    1    1    2    1    1    1    1    2    2    1    1    1    1    4    2    1    9    2    1    3    11   3    2    1    10   3    1    1    1    1    1    3    4    1    2    1    3    3    4    2    1    5    1    1    1    1    2    1    1    1    1    1    2       856

Fis^= 0.006713
Fst^= 0.046529
Fit^= 0.052929
1-Qintra^= 0.892523 (gene diversity intra-individuals)
1-Qinter^= 0.898555 (gene diversity inter-individuals intra-pop)


  Locus: hyp001
---------------------------------
Pop       Genotypes:
          ------------------------------------------------------------------------------------------------------------------------------------------------------------------------------------------------------------------------------------------------
          221  223  223  225  211  219  221  223  225  227  221  223  225  227  229  219  221  223  225  227  229  231  221  223  225  227  229  231  233  223  225  227  229  231  233  235  223  225  227  229  231  233  235  
          223  223  225  225  227  227  227  227  227  227  229  229  229  229  229  231  231  231  231  231  231  231  233  233  233  233  233  233  233  235  235  235  235  235  235  235  237  237  237  237  237  237  237    Total

chl.bar   0    0    0    0    0    0    0    2    0    0    0    1    1    2    0    0    0    3    0    4    4    2    0    4    1    2    0    4    1    1    0    2    1    0    2    1    1    1    0    0    0    0    0       40
nig.bar   0    0    0    0    0    0    1    1    4    6    0    2    0    6    1    0    0    1    3    2    0    1    0    1    1    6    0    1    0    1    0    0    0    0    1    0    1    0    3    1    0    0    1       45
pue.bar   0    1    0    0    0    0    0    3    0    1    0    3    1    1    1    0    0    6    2    2    2    4    0    1    2    3    3    2    3    0    0    2    0    4    2    0    0    0    0    0    0    1    0       50
ind.bel   0    1    0    0    0    0    0    3    3    9    0    3    0    9    5    0    2    1    3    2    7    1    0    0    0    1    1    0    0    0    0    0    0    0    1    0    0    0    0    1    0    0    0       53
nig.bel   0    1    0    0    0    0    0    1    0    0    0    0    0    1    1    0    0    2    1    5    4    12   0    3    2    2    1    3    1    1    0    1    1    5    1    1    0    0    0    0    0    1    0       51
pue.bel   0    1    1    2    0    0    0    0    1    1    0    1    0    2    2    0    0    0    5    2    2    4    1    1    5    1    4    3    2    0    0    1    1    2    3    0    0    0    1    0    0    1    0       50
nig.boc   0    0    2    0    0    0    0    1    0    4    1    0    0    2    2    0    0    2    1    8    1    7    0    2    1    2    2    4    2    1    0    3    1    0    4    0    0    0    0    0    0    0    0       53
pue.boc   0    0    0    1    0    0    0    0    4    0    0    0    1    2    1    0    1    2    3    2    5    2    0    2    2    1    3    5    4    3    1    0    0    1    2    0    0    0    0    0    0    1    0       49
uni.boc   0    0    0    0    0    0    1    2    0    3    0    0    2    3    0    0    0    2    1    2    1    1    1    1    3    3    2    3    6    0    0    1    0    1    0    0    0    0    0    0    0    1    0       40
gum.med   0    0    0    0    0    0    0    0    0    0    0    2    0    0    0    1    0    2    3    7    2    23   0    1    0    0    0    9    1    0    0    0    0    2    0    0    0    0    0    0    0    0    0       53
nig.med   0    1    3    0    1    1    0    0    1    0    1    1    1    1    1    0    0    6    1    6    2    3    0    0    0    2    4    4    2    0    1    3    0    2    1    0    0    0    0    0    0    0    0       49
pue.med   1    0    0    1    0    0    2    2    2    1    0    0    0    2    1    0    0    1    1    3    2    4    0    1    5    4    1    8    3    2    0    2    0    0    0    0    0    0    0    0    1    0    0       50
uni.med   1    1    0    0    0    0    0    4    1    1    0    0    0    3    0    0    1    3    2    2    1    2    0    0    2    8    5    7    1    2    0    2    3    2    0    0    0    0    0    0    0    0    0       54
abe.car   0    0    1    0    0    0    0    1    0    2    1    2    0    2    1    0    0    4    2    2    2    2    0    4    2    3    3    4    1    1    1    2    2    2    5    0    0    0    0    0    0    0    0       52
nig.cai   0    1    0    1    0    0    0    1    3    2    0    0    1    3    0    0    1    2    3    5    0    3    0    1    3    8    2    4    2    1    0    1    2    2    0    1    0    0    0    0    0    0    0       53
pue.cai   0    1    0    1    0    0    0    6    2    1    0    1    2    0    0    0    0    1    3    3    4    3    0    2    2    3    4    6    4    0    0    2    1    1    0    1    0    0    0    0    0    0    0       54
uni.cai   0    0    2    0    0    0    0    4    1    0    0    0    0    1    0    0    0    1    1    3    5    3    0    2    7    3    8    4    2    0    1    0    0    2    0    0    0    0    0    0    0    1    0       51

Total:    2    8    9    6    1    1    4    31   22   31   3    16   9    40   16   1    5    39   35   60   44   77   2    26   38   52   43   71   35   13   4    22   12   26   22   4    2    1    4    2    1    6    1       847

Fis^= 0.018486
Fst^= 0.034046
Fit^= 0.051903
1-Qintra^= 0.791027 (gene diversity intra-individuals)
1-Qinter^= 0.805925 (gene diversity inter-individuals intra-pop)


  Locus: hyp015
---------------------------------
Pop       Genotypes:
          ------------------------------------------------------------------------------------------------------------------------------------------------------------------------------------------------------------------------------------------------
          116  118  124  126  126  126  128  130  122  126  128  130  132  126  132  124  126  130  132  136  126  132  126  
          126  126  126  126  128  130  130  130  132  132  132  132  132  134  134  136  136  136  136  136  138  138  140    Total

chl.bar   0    0    0    19   1    3    0    0    0    15   0    1    1    0    0    0    0    1    0    0    0    0    0       41
nig.bar   0    0    0    21   0    0    0    0    0    20   0    0    5    0    0    0    0    0    0    0    0    0    0       46
pue.bar   0    0    1    15   0    6    0    1    0    15   0    6    2    2    0    0    1    0    1    0    0    0    0       50
ind.bel   1    0    0    47   0    0    0    0    0    5    0    0    1    0    0    0    0    0    0    0    0    0    0       54
nig.bel   0    0    0    17   0    2    0    0    0    21   1    0    5    0    0    1    2    0    0    2    0    0    0       51
pue.bel   0    0    0    18   0    4    0    0    0    13   0    4    7    1    0    0    1    1    1    0    0    0    0       50
nig.boc   0    0    0    23   3    3    0    0    0    16   0    2    4    0    0    0    1    1    1    1    0    0    0       55
pue.boc   0    0    0    23   1    4    0    0    0    10   0    3    5    0    0    0    3    0    1    0    0    0    0       50
uni.boc   0    0    1    12   0    7    0    1    0    6    2    1    5    3    0    0    2    0    0    0    0    0    0       40
gum.med   0    0    0    4    0    4    0    2    0    11   0    7    22   0    2    0    0    1    1    0    0    0    0       54
nig.med   1    0    0    13   1    4    0    0    1    12   0    6    2    1    0    0    4    1    2    1    0    1    0       50
pue.med   0    2    0    17   1    6    0    0    0    17   0    2    1    0    0    0    3    1    0    0    0    0    0       50
uni.med   0    0    0    25   1    3    0    0    1    14   0    1    2    0    0    1    3    0    1    0    1    0    1       54
abe.car   0    0    0    15   1    2    0    0    0    24   2    1    3    1    0    0    2    0    0    0    1    0    0       52
nig.cai   0    0    0    22   0    2    0    0    0    20   0    2    5    0    0    0    2    0    1    0    0    0    0       54
pue.cai   0    0    1    22   0    6    1    1    0    5    0    3    4    1    2    0    5    0    2    0    0    1    0       54
uni.cai   0    0    0    20   0    6    0    1    0    15   0    2    4    0    0    0    1    0    2    0    0    0    0       51

Total:    2    2    3    333  9    62   1    6    2    239  5    41   78   9    4    2    30   6    13   4    2    2    1       856

Fis^= 0.049665
Fst^= 0.052529
Fit^= 0.099585
1-Qintra^= 0.508178 (gene diversity intra-individuals)
1-Qinter^= 0.534735 (gene diversity inter-individuals intra-pop)


  Locus: hyp018
---------------------------------
Pop       Genotypes:
          ------------------------------------------------------------------------------------------------------------------------------------------------------------------------------------------------------------------------------------------------
          190  190  192  192  190  192  194  190  192  186  190  192  194  196  198  190  192  196  198  190  192  194  190  192  
          190  192  192  193  194  194  194  196  196  198  198  198  198  198  198  200  200  200  200  202  202  202  204  204    Total

chl.bar   6    8    8    0    1    1    0    2    1    1    2    7    2    0    2    0    0    0    0    0    0    0    0    0       41
nig.bar   4    12   11   0    1    3    0    0    0    0    2    6    0    0    2    0    1    0    2    0    0    0    0    0       44
pue.bar   7    12   7    0    2    1    0    1    1    0    3    13   0    0    1    0    0    0    1    1    0    0    0    0       50
ind.bel   0    3    13   0    0    4    0    0    0    0    5    19   2    0    5    0    0    0    0    0    1    0    0    0       52
nig.bel   0    12   15   0    3    4    0    0    0    0    3    8    0    0    3    0    0    0    0    0    0    0    1    1       50
pue.bel   2    16   8    0    0    4    0    0    1    0    4    11   1    0    1    0    0    0    0    0    0    1    0    0       49
nig.boc   2    8    28   0    0    1    0    0    1    0    4    8    0    0    1    0    2    0    0    0    0    0    0    0       55
pue.boc   1    16   19   0    1    0    0    0    1    0    1    7    0    0    2    0    0    0    0    0    0    0    0    0       48
uni.boc   3    14   10   0    0    2    0    0    0    0    2    6    1    1    1    0    0    0    0    0    0    0    0    0       40
gum.med   11   23   11   0    3    1    0    0    0    0    1    2    1    0    0    0    0    0    0    0    0    0    0    0       53
nig.med   3    19   15   0    0    5    0    0    0    0    3    3    1    0    2    0    0    0    0    0    0    0    0    0       51
pue.med   5    17   13   0    0    1    0    0    1    0    4    6    0    0    1    1    0    1    0    0    0    0    0    0       50
uni.med   2    22   15   0    0    1    0    0    1    0    2    7    0    0    3    0    0    0    0    0    0    0    0    1       54
abe.car   3    9    19   0    0    6    0    0    0    0    6    9    1    0    0    0    0    0    0    0    0    0    0    0       53
nig.cai   4    14   14   1    0    1    0    0    0    0    6    9    0    0    1    1    1    0    0    0    0    0    0    0       52
pue.cai   2    14   20   0    2    3    0    0    1    0    4    6    1    0    1    0    0    0    0    0    0    0    0    0       54
uni.cai   2    13   10   0    3    6    2    0    0    0    5    8    1    0    3    1    0    0    0    0    0    0    0    0       54

Total:    57   232  236  1    16   44   2    3    8    1    57   135  11   1    29   3    4    1    3    1    1    1    1    2       850

Fis^= 0.000678
Fst^= 0.019835
Fit^= 0.020499
1-Qintra^= 0.618824 (gene diversity intra-individuals)
1-Qinter^= 0.619243 (gene diversity inter-individuals intra-pop)


  Locus: e2
---------------------------------
Pop       Genotypes:
          ------------------------------------------------------------------------------------------------------------------------------------------------------------------------------------------------------------------------------------------------
          146  144  145  155  157  146  155  157  158  157  158  159  157  158  159  151  157  158  159  161  162  163  157  158  159  163  165  163  157  163  157  159  163  165  157  157  
          148  157  157  157  157  158  158  158  158  159  159  159  161  161  161  163  163  163  163  163  163  163  165  165  165  165  165  166  167  167  169  169  169  169  171  173    Total

chl.bar   0    0    1    0    10   0    0    3    1    7    1    1    1    0    0    1    3    1    0    0    0    0    7    0    0    0    0    0    0    0    2    0    0    0    0    0       39
nig.bar   0    0    2    0    21   0    0    0    0    7    0    2    1    0    0    1    7    0    3    1    0    1    0    0    0    0    0    0    0    0    0    0    0    0    0    0       46
pue.bar   0    0    2    0    16   0    0    3    1    10   2    0    0    0    0    0    9    1    1    0    0    0    3    0    0    0    1    0    0    0    0    0    0    0    0    0       49
ind.bel   0    0    2    0    23   0    0    2    0    13   0    1    0    0    0    0    5    1    3    0    0    0    0    0    0    0    0    1    1    1    0    0    0    0    0    0       53
nig.bel   0    0    1    0    13   0    0    0    0    8    0    1    1    0    0    0    9    2    2    0    0    3    3    1    2    2    1    0    0    0    1    0    0    0    0    0       50
pue.bel   0    0    1    0    18   0    0    0    1    14   2    0    0    0    0    0    8    0    3    0    0    0    0    0    1    1    0    0    0    0    0    0    0    0    1    0       50
nig.boc   0    0    1    0    24   0    0    1    0    5    0    0    3    0    1    0    14   0    2    1    0    0    2    0    0    1    0    0    0    0    0    0    0    1    0    0       56
pue.boc   0    0    0    0    15   0    0    5    1    6    0    1    1    1    0    0    8    0    3    0    0    3    3    0    0    2    0    0    0    0    0    1    0    0    0    0       50
uni.boc   0    0    1    0    17   0    0    3    1    8    1    3    0    0    0    0    3    0    0    0    0    0    2    0    0    0    0    0    0    0    0    0    0    0    1    0       40
gum.med   0    0    0    0    10   0    0    4    0    2    0    0    0    0    0    0    10   0    1    0    0    2    13   2    2    2    4    0    1    0    0    0    0    0    0    0       53
nig.med   1    0    1    0    9    0    1    2    0    12   1    1    1    0    1    0    14   1    1    0    0    2    1    0    1    0    0    0    0    0    1    0    0    0    0    0       51
pue.med   0    0    2    1    15   0    0    2    2    9    1    1    1    0    0    0    9    1    1    0    0    2    1    0    0    0    0    0    1    0    1    0    0    0    0    0       50
uni.med   0    1    1    1    22   1    0    2    1    7    1    0    0    0    0    0    7    0    0    0    0    2    3    0    0    2    0    0    0    0    0    0    0    0    0    0       51
abe.car   0    0    1    0    16   0    0    2    1    9    1    0    1    0    2    0    10   0    5    1    1    1    0    0    1    0    0    0    0    0    0    0    0    0    0    1       53
nig.cai   0    0    0    0    24   0    0    1    0    8    0    0    1    0    0    0    12   0    1    2    0    1    2    0    0    1    0    0    0    0    0    0    1    0    0    0       54
pue.cai   0    0    1    0    23   0    0    0    0    8    1    1    3    0    1    0    7    0    2    0    0    1    2    0    0    0    0    0    3    0    0    1    0    0    0    0       54
uni.cai   0    0    0    0    24   0    0    1    0    8    0    2    2    0    0    0    6    1    2    0    0    1    2    0    0    2    0    0    0    0    1    0    0    0    0    0       52

Total:    1    1    17   2    300  1    1    31   9    141  11   14   16   1    5    2    141  8    30   5    1    19   44   3    7    13   6    1    6    1    6    2    1    1    2    1       851

Fis^= 0.015733
Fst^= 0.012594
Fit^= 0.028128
1-Qintra^= 0.591069 (gene diversity intra-individuals)
1-Qinter^= 0.600517 (gene diversity inter-individuals intra-pop)


  Locus: hyp008
---------------------------------
Pop       Genotypes:
          ------------------------------------------------------------------------------------------------------------------------------------------------------------------------------------------------------------------------------------------------
          234  230  234  236  234  235  236  237  230  234  236  237  238  236  234  236  237  238  240  234  236  238  240  242  234  236  237  240  230  234  236  237  238  239  240  241  242  244  234  236  237  238  240  244  234  236  237  238  240  242  244  246  236  234  236  237  238  240  242  243  244  246  248  234  236  238  240  242  244  246  249  234  238  240  242  244  248  234  235  236  238  240  242  244  246  248  249  250  251  238  240  242  246  240  242  234  236  238  240  244  246  248  249  234  238  240  234  236  238  240  242  243  244  245  246  248  249  251  252  254  256  234  236  238  240  242  244  246  249  250  251  254  256  258  234  238  240  244  246  236  238  240  242  244  249  256  248  238  240  246  248  249  254  258  234  236  238  240  246  254  258  232  234  238  244  246  256  260  240  234  236  240  248  256  236  238  244  246  248  256  268  254  234  236  238  240  244  246  248  249  254  256  234  236  238  240  244  245  249  258  234  234  236  238  240  242  245  248  256  266  274  236  238  242  253  256  256  256  238  234  244  249  233  262  
          234  236  236  236  237  237  237  237  238  238  238  238  238  239  240  240  240  240  240  242  242  242  242  242  243  243  243  243  244  244  244  244  244  244  244  244  244  244  245  245  245  245  245  245  246  246  246  246  246  246  246  246  247  248  248  248  248  248  248  248  248  248  248  249  249  249  249  249  249  249  249  250  250  250  250  250  250  251  251  251  251  251  251  251  251  251  251  251  251  252  252  252  252  253  253  254  254  254  254  254  254  254  254  255  255  255  256  256  256  256  256  256  256  256  256  256  256  256  256  256  256  258  258  258  258  258  258  258  258  258  258  258  258  258  260  260  260  260  260  262  262  262  262  262  262  262  263  264  264  264  264  264  264  264  266  266  266  266  266  266  266  268  268  268  268  268  268  268  269  270  270  270  270  270  272  272  272  272  272  272  272  273  274  274  274  274  274  274  274  274  274  274  276  276  276  276  276  276  276  276  277  278  278  278  278  278  278  278  278  278  278  279  280  280  280  280  282  283  284  285  285  286  289  296    Total

chl.bar   1    0    1    1    0    0    0    0    0    1    1    0    0    0    0    2    0    3    3    0    1    0    0    0    0    0    0    0    0    0    1    0    0    0    0    0    0    1    0    0    0    0    0    0    0    0    0    1    0    0    0    0    0    0    0    0    0    0    1    0    0    0    0    0    1    1    1    0    2    1    0    0    0    0    0    0    0    0    0    1    0    2    0    2    0    0    0    1    0    0    0    0    0    0    0    0    0    0    0    0    0    0    0    0    0    0    2    2    0    0    0    0    0    0    0    0    1    1    0    0    0    0    0    1    0    0    0    0    0    0    0    0    0    0    1    0    0    0    0    0    0    0    0    0    0    0    0    0    0    0    0    0    0    0    0    0    0    0    0    0    0    0    0    0    0    0    0    0    0    0    0    0    0    0    0    0    0    0    1    0    0    0    0    0    0    0    1    0    1    0    0    0    0    0    0    0    0    0    0    0    0    0    0    0    0    0    0    0    0    0    0    0    0    0    0    0    0    0    0    0    0    0    0    0       41
nig.bar   0    0    0    0    0    0    0    0    0    0    0    0    2    0    0    1    0    8    14   0    0    0    0    0    0    0    0    0    0    0    0    0    0    0    0    0    0    0    0    0    0    0    0    0    0    0    0    0    3    0    1    0    0    0    0    0    0    0    0    0    0    0    0    0    1    2    5    0    0    2    2    0    0    0    0    0    0    0    0    0    0    0    0    0    0    0    1    0    0    0    0    0    0    0    0    0    0    0    1    0    0    0    1    0    0    0    0    0    0    0    0    0    0    0    0    0    0    0    0    0    0    0    0    0    1    0    0    0    0    0    0    0    0    1    0    0    0    0    0    0    0    0    0    0    0    0    0    0    0    0    0    0    0    0    0    0    0    0    0    0    0    0    0    0    0    0    0    0    0    0    0    0    0    0    0    0    0    0    0    0    0    0    0    0    0    0    0    0    0    0    0    0    0    0    0    0    0    0    0    0    0    0    0    0    0    0    0    0    0    0    0    0    0    0    0    0    0    0    0    0    0    0    0    0       46
pue.bar   1    0    2    1    0    0    0    0    0    1    1    0    2    0    1    2    0    2    0    1    0    1    0    1    0    0    0    0    0    1    2    0    0    0    2    0    0    0    0    1    0    0    0    0    0    0    0    1    2    0    0    0    0    1    1    0    1    0    0    0    1    0    0    1    0    0    2    0    0    1    0    0    1    0    0    0    1    0    0    1    0    0    1    0    0    0    1    0    0    0    0    0    0    0    0    0    0    0    0    0    0    0    0    0    0    0    1    3    0    0    1    0    2    0    0    0    1    0    0    0    0    1    0    0    0    0    0    0    0    0    0    0    0    0    0    0    0    0    0    0    0    0    0    0    0    0    0    0    0    0    0    0    0    0    0    0    0    0    0    0    0    0    0    0    0    0    0    0    0    0    0    0    0    0    0    0    0    0    0    0    0    0    0    1    0    1    1    0    0    0    0    0    0    0    0    0    0    0    0    0    0    0    0    0    0    0    0    0    0    0    0    0    0    0    0    0    0    0    0    0    0    0    0    0       50
ind.bel   1    0    0    0    0    0    0    0    0    3    0    0    9    0    0    0    0    3    0    0    0    1    1    0    0    0    0    0    0    1    1    0    10   0    2    0    1    6    0    0    0    0    0    0    0    0    0    1    0    0    0    0    0    0    0    0    0    0    0    0    0    0    0    0    0    5    2    1    1    0    0    0    0    0    0    0    0    0    0    0    0    0    0    0    0    0    0    0    0    0    0    0    0    0    0    0    0    0    0    1    0    0    0    0    0    0    0    0    0    0    0    0    0    0    0    0    0    0    0    0    0    0    0    0    0    0    0    0    0    0    0    0    0    0    0    0    0    0    0    0    3    0    0    1    0    0    0    0    0    0    0    0    0    0    0    0    0    0    0    0    0    0    0    0    0    0    0    0    0    0    0    0    0    0    0    0    0    0    0    0    0    0    0    0    0    0    0    0    0    0    0    0    0    0    0    0    0    0    0    0    0    0    0    0    0    0    0    0    0    0    0    0    0    0    0    0    0    0    0    0    0    0    0    0       54
nig.bel   0    0    0    0    0    0    0    0    0    0    2    0    8    0    0    1    0    2    0    0    0    1    0    1    0    0    0    0    0    1    1    0    3    0    2    0    0    2    0    0    0    0    0    0    0    0    0    2    0    0    1    0    0    1    0    0    0    0    0    0    0    0    0    0    0    1    0    0    0    0    0    0    0    0    0    0    0    0    0    1    2    0    0    0    0    1    0    0    0    0    0    1    0    0    0    0    0    0    0    0    0    0    0    0    0    0    0    1    1    1    1    0    0    0    1    0    0    0    0    0    1    0    0    0    0    0    1    0    0    0    0    0    1    0    0    0    0    0    1    0    0    0    0    0    0    0    0    0    0    0    0    0    0    0    0    0    0    0    0    0    0    0    0    0    0    0    0    1    0    0    0    0    0    0    0    1    0    0    0    0    0    0    0    0    0    0    0    0    1    1    0    0    0    0    1    0    1    0    0    0    0    0    0    0    0    0    0    0    0    0    0    1    0    0    0    0    0    1    0    0    0    0    0    0       51
pue.bel   0    0    1    0    0    0    0    0    0    3    1    0    0    0    1    3    0    1    1    0    0    0    1    0    0    0    0    0    0    0    4    0    3    0    3    0    0    0    0    0    0    0    0    0    1    0    0    0    0    0    3    0    0    0    0    0    0    0    0    0    0    0    0    0    0    2    1    0    0    0    0    0    0    0    0    0    0    1    0    0    2    0    0    0    0    0    1    0    0    0    0    0    0    0    0    0    0    1    0    0    1    0    0    0    0    0    0    0    0    1    0    0    0    0    0    0    0    0    0    0    0    0    0    0    1    0    0    0    1    0    0    0    0    0    0    0    1    0    0    1    0    1    0    0    0    0    0    0    0    0    0    0    0    0    0    0    1    0    0    0    0    0    0    0    0    0    0    0    0    0    0    0    0    1    0    0    0    0    0    0    0    0    0    0    0    0    1    1    0    0    0    0    0    0    0    1    0    0    0    1    0    0    0    1    0    0    0    0    0    0    0    0    0    0    1    1    0    0    0    0    0    0    0    0       50
nig.boc   1    0    0    0    0    0    0    0    0    3    7    0    4    0    0    1    0    7    1    0    0    1    0    0    0    0    0    0    0    1    0    0    2    0    1    0    0    1    0    0    0    0    0    0    0    0    0    0    0    0    0    0    0    0    0    0    0    1    0    0    1    0    0    0    0    0    0    0    0    0    0    0    1    1    0    0    0    0    0    0    1    0    0    0    0    1    0    0    0    1    0    0    0    0    0    0    0    2    0    0    0    0    0    0    0    0    0    0    3    1    0    0    0    0    0    0    0    0    0    0    0    0    0    4    0    0    0    0    0    0    0    0    0    0    0    1    0    0    0    0    0    0    0    0    0    0    0    0    0    0    0    0    0    0    0    0    0    0    0    0    0    0    0    1    0    0    0    0    0    0    0    0    0    0    0    2    0    0    0    0    0    0    0    0    0    0    1    0    0    0    0    0    0    0    0    0    0    0    0    0    0    0    0    0    1    0    0    0    1    0    0    0    0    0    0    0    0    0    0    0    0    0    0    0       54
pue.boc   0    0    3    1    0    0    0    0    0    1    2    0    2    1    0    1    0    3    1    0    0    0    0    0    0    0    0    0    1    0    1    0    2    0    0    0    1    1    0    0    0    0    0    0    0    2    0    1    0    0    0    0    0    0    1    0    0    0    0    0    0    0    0    0    0    2    1    0    2    1    0    0    0    0    0    0    1    0    0    0    1    0    0    0    0    0    0    0    0    0    0    0    0    0    0    0    0    0    0    0    0    0    0    0    0    0    1    1    1    0    0    0    0    0    1    0    0    0    0    0    1    0    0    0    0    0    1    0    1    1    0    0    0    0    0    0    0    0    0    0    1    0    0    0    0    0    0    0    0    0    0    0    0    0    0    0    0    0    0    0    0    0    1    0    0    0    0    0    0    0    0    0    0    0    0    1    0    1    0    0    0    0    0    0    0    0    0    0    0    0    0    0    0    1    0    0    0    1    0    0    0    0    1    0    0    0    1    0    0    0    0    0    0    1    0    0    0    0    0    0    0    0    0    0       50
uni.boc   0    0    0    0    0    0    0    0    0    1    0    1    0    0    1    0    0    0    1    0    0    0    0    0    0    0    0    0    0    0    3    0    3    0    0    0    0    0    0    0    0    0    0    0    1    2    0    0    0    0    1    0    0    0    0    0    0    0    0    0    0    0    0    0    3    0    1    2    0    1    1    0    0    0    0    0    0    0    0    0    0    0    0    0    0    0    0    0    0    0    0    0    0    0    0    0    0    0    0    0    0    0    0    0    0    0    1    0    0    0    0    0    1    0    0    1    0    1    1    0    0    0    0    0    2    0    0    0    0    0    0    0    1    0    1    0    0    0    0    2    0    0    0    0    0    0    0    0    0    0    1    1    0    0    0    0    0    0    0    0    0    0    0    0    0    0    0    0    0    0    0    0    0    0    0    0    0    0    0    0    0    0    0    0    0    0    0    0    0    0    0    0    0    0    0    0    0    0    0    0    0    0    0    0    0    0    0    0    0    0    0    0    0    0    0    0    1    0    1    1    1    0    0    0       39
gum.med   0    0    2    3    0    0    4    1    0    0    1    0    0    0    0    0    0    0    0    0    0    0    0    0    1    1    0    1    0    0    2    0    0    0    0    0    0    0    0    0    2    0    0    0    1    5    0    0    2    1    1    3    0    0    1    1    0    1    0    1    0    1    0    0    0    0    0    0    0    0    0    0    0    0    0    0    0    0    2    3    0    0    1    0    2    1    0    0    2    0    0    0    0    0    0    0    0    0    0    0    0    0    0    1    0    0    0    0    0    0    0    0    0    0    0    0    1    0    0    0    0    0    0    0    0    0    0    0    0    0    0    0    0    0    0    0    0    1    0    0    0    0    0    0    0    0    0    0    0    0    0    0    0    0    0    0    0    0    0    0    0    0    0    0    0    0    0    0    0    0    0    0    0    0    0    0    0    0    0    0    0    0    0    0    0    0    0    0    0    0    0    0    0    0    0    0    0    0    0    0    0    0    0    0    0    0    0    0    0    0    0    0    0    0    0    0    1    0    0    0    0    0    0    0       51
nig.med   0    0    1    0    0    0    0    0    0    1    1    0    0    0    0    0    0    2    0    0    0    0    0    0    0    0    0    0    0    2    0    0    5    0    0    0    0    1    0    0    0    0    0    0    0    0    0    1    1    0    0    0    0    1    0    0    1    0    1    0    0    0    0    1    0    2    0    0    0    0    2    0    0    0    0    0    0    0    0    1    1    0    0    0    1    0    0    0    0    0    0    0    0    0    0    0    1    1    0    0    0    1    0    0    0    1    0    0    2    0    0    0    3    0    1    0    0    0    0    1    1    1    2    3    0    0    0    0    0    0    0    0    1    0    0    0    0    0    0    0    0    0    0    0    0    1    0    0    1    0    0    0    0    0    0    0    0    0    0    0    0    0    0    0    0    0    0    0    0    1    0    0    0    0    1    0    0    0    0    0    0    0    0    0    0    0    0    0    0    0    0    0    0    0    0    0    0    0    0    0    1    0    0    0    0    0    0    0    0    0    0    0    1    0    0    0    0    0    0    0    0    0    0    0       51
pue.med   0    0    2    1    0    0    0    0    0    1    3    0    1    0    2    1    0    2    0    1    0    1    0    0    0    0    0    0    0    0    0    0    5    0    0    0    0    2    0    0    0    0    0    0    1    1    0    1    0    0    0    1    0    0    1    0    1    0    0    0    0    0    0    0    0    2    0    0    0    1    0    0    0    1    0    1    0    0    0    0    1    0    0    0    0    0    0    0    0    0    0    0    0    1    0    0    0    1    0    0    0    1    0    0    0    0    0    3    1    0    0    0    0    0    0    0    0    0    0    0    0    1    0    0    1    0    0    0    0    0    0    0    0    0    0    0    0    0    0    1    0    0    0    0    1    0    0    0    0    0    0    0    0    0    0    0    0    0    0    0    0    0    0    0    0    0    0    0    0    0    0    0    0    0    0    0    0    0    0    0    0    1    0    0    2    0    0    0    0    0    0    0    0    0    0    0    1    0    0    1    0    0    0    0    0    0    0    0    0    0    0    0    0    0    0    0    0    0    0    0    0    0    0    0       50
uni.med   0    0    1    2    0    0    0    0    0    0    1    0    2    0    0    1    0    0    1    0    1    0    0    0    0    0    0    0    0    1    2    2    2    0    0    1    1    1    0    0    0    1    1    1    0    1    0    2    0    0    0    0    1    0    1    0    0    0    0    0    0    0    0    0    1    0    0    0    1    0    0    1    0    0    1    0    0    0    0    1    0    0    1    0    0    0    0    0    0    0    0    0    0    0    0    2    0    1    0    0    0    0    0    0    1    0    0    1    0    0    0    0    0    0    0    0    1    0    0    0    0    0    0    0    0    0    0    1    1    0    0    1    0    0    0    0    0    0    0    0    1    0    0    0    0    0    1    1    0    0    0    0    0    0    0    0    0    0    0    0    0    0    0    0    0    0    0    0    1    0    0    0    0    0    0    1    0    0    0    0    0    0    1    0    0    0    1    1    0    0    0    0    0    1    0    0    0    0    0    0    0    1    0    0    0    0    0    0    0    1    0    0    0    0    0    0    0    0    0    0    0    0    0    1       54
abe.car   0    0    1    1    0    0    0    0    1    0    0    0    4    0    0    0    0    1    1    1    1    0    0    1    0    0    0    0    0    2    2    0    0    0    0    0    1    2    0    0    0    0    0    0    0    0    0    3    1    0    0    0    0    0    1    0    0    0    0    0    0    0    1    0    0    1    0    0    0    0    0    0    0    0    0    0    0    0    0    0    0    0    0    1    0    0    0    0    0    1    1    0    0    0    1    1    0    0    0    0    0    0    0    0    0    0    1    0    1    1    1    0    0    1    1    1    1    0    0    0    0    0    0    0    0    1    0    0    0    0    0    0    0    0    0    0    0    0    0    0    0    0    0    0    0    0    0    0    0    0    0    0    0    0    1    0    0    0    0    0    1    1    0    0    0    1    0    0    0    0    1    1    0    0    0    0    1    1    0    0    0    0    0    0    1    0    0    0    0    0    1    1    0    0    0    0    0    0    0    0    0    0    0    0    0    0    0    0    0    0    1    0    0    0    0    0    0    0    0    0    0    0    0    0       52
nig.cai   0    0    0    0    0    0    0    0    0    1    4    1    2    0    0    1    0    1    0    0    1    1    0    0    0    0    0    0    0    1    1    0    3    0    1    0    0    2    0    0    0    0    0    0    1    0    0    2    2    0    0    1    0    1    1    0    0    0    0    0    0    0    0    0    1    0    1    0    0    0    0    0    0    0    0    0    0    0    0    1    0    0    0    0    0    0    0    0    0    0    0    0    0    0    0    0    1    1    0    1    0    0    0    0    0    0    2    1    4    0    0    0    0    0    0    2    0    0    0    0    0    0    0    0    0    0    0    0    0    0    0    0    0    0    0    0    0    0    0    0    0    0    0    0    0    0    0    0    0    1    0    0    0    0    0    0    0    0    1    0    0    0    0    0    0    0    0    0    0    0    0    0    0    0    0    0    0    0    1    1    1    0    1    0    0    0    0    0    0    1    0    0    0    0    0    0    0    0    1    0    0    0    0    0    0    0    0    0    0    0    0    0    1    0    0    0    0    0    0    0    0    0    0    0       52
pue.cai   0    0    0    2    1    1    1    1    0    0    1    0    0    0    1    1    1    0    0    0    0    0    0    0    0    0    1    0    0    0    0    2    1    2    0    0    1    0    1    0    0    0    0    0    0    0    1    0    0    1    0    0    0    0    0    0    0    0    0    0    0    0    0    0    1    0    0    1    1    0    0    0    0    0    0    0    0    0    0    2    0    1    0    1    0    0    1    0    0    0    0    0    1    0    1    0    0    0    1    0    0    0    0    0    0    0    0    0    1    1    1    1    1    0    1    0    0    0    0    0    0    0    0    0    0    0    0    0    0    0    0    0    0    0    0    0    0    0    0    0    0    0    1    0    0    0    0    0    0    0    0    0    0    1    1    0    0    1    0    1    0    0    0    0    0    0    1    0    0    0    1    0    0    0    0    0    0    0    0    0    0    0    1    1    0    0    1    1    1    1    0    0    0    0    0    0    0    0    0    0    0    0    0    0    0    1    0    1    0    0    0    0    0    0    0    0    0    0    0    0    0    1    1    0       54
uni.cai   1    1    1    1    0    0    1    0    0    1    4    0    2    0    1    1    0    0    0    1    2    0    0    0    0    0    0    0    0    3    1    0    2    0    1    0    0    0    0    0    0    0    0    0    0    0    0    0    0    0    1    0    0    0    0    0    2    0    0    0    0    0    0    0    0    0    1    0    0    0    1    0    0    0    0    0    0    0    0    1    0    0    0    0    0    0    0    0    0    0    1    0    0    0    0    0    1    1    0    0    0    0    0    0    0    0    1    2    0    2    1    0    0    1    1    0    0    0    0    0    0    0    0    0    0    0    0    0    0    0    1    0    0    0    0    0    0    0    0    0    0    0    0    0    0    0    0    1    0    0    0    0    1    0    0    1    0    0    0    0    0    0    0    0    1    0    0    0    0    0    0    0    1    0    0    0    0    0    0    0    0    0    1    0    1    0    0    0    0    0    0    0    1    0    0    1    0    0    0    1    0    0    0    0    0    0    0    0    0    0    0    0    0    0    0    0    0    0    0    0    0    0    0    0       52

Total:    5    1    15   13   1    1    6    2    1    17   29   2    38   1    7    16   1    35   23   4    6    6    2    3    1    1    1    1    1    13   21   4    41   2    12   1    5    19   1    1    2    1    1    1    5    11   1    15   11   2    8    5    1    4    7    1    5    2    2    1    2    1    1    2    8    18   15   4    7    7    6    1    2    2    1    1    2    1    2    12   8    3    3    4    3    3    4    1    2    2    2    1    1    1    2    3    3    8    2    2    1    2    1    1    1    1    9    14   14   7    5    1    7    2    6    4    5    2    1    1    3    3    2    8    5    1    2    1    3    1    1    1    3    1    2    1    1    1    1    4    5    1    1    1    1    1    1    2    1    1    1    1    1    1    2    1    1    1    1    1    1    1    1    1    1    1    1    1    1    1    2    1    1    1    1    5    1    2    2    1    1    1    4    2    4    1    6    3    3    3    1    1    1    2    1    2    2    1    1    3    1    1    1    1    1    1    1    1    1    1    1    1    2    1    1    1    2    1    1    1    1    1    1    1       851

Fis^= 0.027362
Fst^= 0.035501
Fit^= 0.061891
1-Qintra^= 0.857814 (gene diversity intra-individuals)
1-Qinter^= 0.881946 (gene diversity inter-individuals intra-pop)


  Locus: hyp016
---------------------------------
Pop       Genotypes:
          ------------------------------------------------------------------------------------------------------------------------------------------------------------------------------------------------------------------------------------------------
          176  171  176  182  176  177  182  184  176  182  184  186  176  182  184  186  188  182  186  188  182  184  186  182  184  186  172  176  182  184  186  188  190  191  192  194  186  176  178  182  184  186  188  190  191  192  194  196  192  171  172  176  178  182  184  186  188  190  191  192  194  196  198  184  186  188  190  194  175  176  182  184  186  188  190  191  194  198  198  182  184  186  188  190  194  196  198  199  200  176  182  184  186  190  192  194  196  198  199  204  176  182  184  186  188  190  194  196  198  199  200  200  172  175  176  182  184  186  188  192  194  196  198  199  202  204  184  186  188  192  194  196  198  202  204  206  208  172  176  182  184  190  194  196  198  199  201  202  204  206  208  212  171  178  182  184  186  188  192  194  196  198  202  204  206  208  210  212  214  176  182  186  188  192  194  196  198  200  204  206  208  214  171  176  182  184  186  188  190  191  192  194  196  198  200  202  204  206  208  212  214  216  218  171  176  182  184  186  188  191  192  194  196  198  199  200  202  204  205  206  208  212  214  216  218  220  182  184  186  188  190  194  196  198  199  200  202  204  206  208  212  214  216  218  220  176  182  184  186  188  190  192  193  194  196  197  198  202  204  206  208  210  212  214  216  218  220  222  224  176  182  184  186  188  190  192  194  198  200  202  204  206  214  218  220  222  224  226  176  186  188  206  216  220  176  207  182  184  188  198  208  182  188  194  204  216  222  224  184  188  194  196  198  199  214  216  220  222  226  188  199  214  216  228  222  204  
          176  181  182  182  184  184  184  184  186  186  186  186  188  188  188  188  188  190  190  190  191  191  191  192  192  192  194  194  194  194  194  194  194  194  194  194  195  196  196  196  196  196  196  196  196  196  196  196  197  198  198  198  198  198  198  198  198  198  198  198  198  198  198  199  199  199  199  199  200  200  200  200  200  200  200  200  200  200  201  202  202  202  202  202  202  202  202  202  202  204  204  204  204  204  204  204  204  204  204  204  206  206  206  206  206  206  206  206  206  206  206  207  208  208  208  208  208  208  208  208  208  208  208  208  208  208  210  210  210  210  210  210  210  210  210  210  210  212  212  212  212  212  212  212  212  212  212  212  212  212  212  212  214  214  214  214  214  214  214  214  214  214  214  214  214  214  214  214  214  216  216  216  216  216  216  216  216  216  216  216  216  216  218  218  218  218  218  218  218  218  218  218  218  218  218  218  218  218  218  218  218  218  218  220  220  220  220  220  220  220  220  220  220  220  220  220  220  220  220  220  220  220  220  220  220  220  222  222  222  222  222  222  222  222  222  222  222  222  222  222  222  222  222  222  222  224  224  224  224  224  224  224  224  224  224  224  224  224  224  224  224  224  224  224  224  224  224  224  224  226  226  226  226  226  226  226  226  226  226  226  226  226  226  226  226  226  226  226  228  228  228  228  228  228  229  229  230  230  230  230  230  232  232  232  232  232  232  232  234  234  234  234  234  234  234  234  234  234  234  236  236  236  236  236  237  240    Total

chl.bar   0    0    0    0    0    0    0    0    0    0    0    0    0    2    1    0    0    0    0    0    0    0    0    1    0    0    0    0    1    0    0    1    0    0    0    1    0    0    0    0    1    0    0    0    0    0    0    0    0    0    0    0    0    0    1    0    0    0    0    0    0    1    0    0    0    0    0    0    0    0    0    0    1    0    0    0    0    0    0    0    0    0    1    0    0    0    0    0    0    0    0    0    0    0    0    0    0    0    0    0    0    0    0    1    1    0    0    0    0    0    0    0    0    0    0    0    0    0    0    0    0    0    0    0    0    1    0    0    0    0    0    0    0    0    0    0    0    0    0    0    0    0    0    1    0    0    0    0    0    0    0    0    0    0    0    0    0    0    0    0    0    0    0    1    0    0    0    0    1    0    2    0    0    0    0    0    0    0    0    0    0    0    0    0    0    0    0    1    0    0    0    0    0    0    0    0    0    0    0    0    0    0    0    0    0    0    1    0    0    0    0    0    0    1    0    0    0    0    0    0    0    0    0    1    0    0    0    1    0    0    0    0    0    0    1    0    0    0    0    1    0    0    0    0    0    0    1    0    1    0    0    0    0    0    0    0    0    0    0    0    0    0    0    0    0    1    1    1    0    0    0    0    0    1    0    0    0    0    1    0    0    0    1    0    0    0    0    0    0    0    0    0    0    0    0    0    0    0    0    0    0    0    0    0    0    0    0    0    0    0    0    0    0    0    0    0    0    0    0    0    0    0    0    0    1    0       36
nig.bar   0    0    0    0    0    0    0    1    0    0    0    0    0    0    1    0    0    0    0    0    0    0    0    0    0    0    0    0    0    0    0    0    0    0    0    0    0    1    0    0    2    2    0    0    0    0    0    2    0    0    0    0    0    0    0    0    0    0    0    0    0    0    0    0    0    0    0    0    0    0    0    0    0    0    0    0    0    0    0    0    0    0    0    0    0    0    0    0    0    0    0    0    0    0    0    0    0    0    0    0    0    0    0    0    0    0    0    0    0    0    0    0    0    0    0    0    0    1    0    0    0    0    0    0    0    0    0    0    0    0    0    0    0    0    0    0    0    0    0    0    0    0    0    0    0    0    0    0    0    0    0    0    0    0    0    0    0    0    0    0    0    0    0    0    0    0    0    0    0    0    0    0    0    0    0    1    0    0    0    0    0    0    0    1    0    0    0    0    0    0    0    0    0    0    0    0    0    0    0    0    0    0    0    0    2    0    0    2    5    0    0    0    5    0    0    0    0    0    0    0    0    0    1    4    1    7    1    0    0    1    0    0    0    0    0    0    0    1    0    0    0    0    0    0    3    0    0    0    0    0    0    0    0    0    0    0    0    0    0    0    0    0    0    0    0    0    0    0    0    0    0    0    0    0    0    0    0    0    0    0    0    0    0    0    0    0    0    0    0    0    0    0    0    1    0    0    0    0    0    0    0    0    0    0    0    0    0    0    0    0    0    0    0    0    0    0    0    0    0    0    0    0    0    0    0    0       46
pue.bar   0    0    0    0    0    0    0    0    0    0    0    0    0    1    0    1    0    0    0    0    0    0    0    0    0    0    0    0    0    0    0    0    0    0    0    1    0    0    0    1    0    0    0    0    0    1    0    0    0    0    1    1    0    0    0    1    1    0    0    0    0    0    0    0    1    0    0    0    0    0    0    0    0    2    0    0    0    0    0    0    0    0    1    0    0    0    0    0    0    0    1    0    0    0    0    1    0    1    0    0    0    0    0    1    0    0    0    0    0    0    1    0    0    0    0    0    0    0    0    0    0    0    0    1    0    0    0    0    0    0    0    0    0    0    0    0    0    0    0    1    0    0    0    0    0    1    0    0    0    0    0    0    0    0    0    0    0    2    0    0    0    0    1    0    0    0    0    0    0    0    1    0    0    0    1    0    0    0    0    0    0    1    0    0    0    0    2    0    0    0    0    0    0    0    0    0    1    0    0    0    0    0    0    0    0    1    0    1    1    0    0    1    0    1    1    0    0    0    0    0    0    0    0    0    0    0    2    0    1    0    0    0    0    1    1    0    0    0    1    0    0    0    1    1    0    0    0    0    0    0    0    0    1    1    0    0    0    0    0    0    0    0    0    0    0    0    0    0    0    0    0    0    0    1    0    0    0    0    0    1    0    0    0    0    1    0    0    0    0    0    0    0    0    0    0    0    0    0    0    0    0    0    0    0    0    0    0    0    0    0    0    0    0    0    0    0    0    0    0    0    0    0    0    0    0    1       50
ind.bel   0    0    0    0    1    0    0    3    0    0    3    0    0    0    0    0    0    0    0    0    0    3    1    0    1    0    0    0    0    3    0    0    0    0    0    0    1    0    0    0    3    0    0    0    1    0    0    1    0    0    0    0    0    0    2    0    0    0    2    0    0    1    0    0    0    0    0    0    0    0    0    0    0    0    0    0    0    1    0    0    0    0    0    0    0    0    0    0    0    0    0    1    0    0    0    0    0    0    0    0    0    0    2    0    0    0    0    0    1    0    0    0    0    0    0    0    4    1    1    0    0    0    2    0    0    0    0    0    0    0    0    0    0    0    0    0    1    0    0    0    0    0    0    0    0    0    0    0    0    0    0    0    0    0    0    3    0    0    1    0    2    0    0    0    0    0    0    0    0    0    0    0    0    0    0    0    0    0    0    0    0    0    0    0    0    0    0    0    0    0    0    0    0    0    0    0    0    0    0    0    0    0    0    0    0    0    1    0    0    0    0    0    0    0    0    0    0    0    0    0    0    0    0    0    0    0    0    0    0    0    0    0    0    0    0    0    0    0    0    0    0    0    0    0    0    0    0    1    0    0    0    0    0    0    0    0    0    0    0    0    0    0    0    0    0    0    0    0    0    0    0    0    0    0    0    0    0    0    0    0    0    0    0    0    0    0    0    0    0    0    0    0    0    0    0    0    0    2    0    0    1    0    0    0    0    0    0    0    1    0    0    0    0    0    0    0    0    0    0    0    0    0    0    0    0    0       52
nig.bel   0    0    0    0    1    0    1    0    1    0    0    0    0    1    1    0    0    0    0    0    3    0    0    0    0    0    0    0    0    0    2    0    0    0    0    0    0    0    0    0    0    0    1    0    0    1    0    0    0    0    0    0    0    1    0    0    0    0    0    0    1    0    0    1    1    0    0    0    0    0    0    0    0    0    0    0    1    1    0    0    0    0    1    0    0    0    0    0    0    0    1    1    0    0    0    0    0    0    0    0    1    0    0    0    0    0    0    0    0    1    0    0    1    0    0    0    0    0    0    0    0    0    0    0    0    0    0    0    0    0    0    0    0    0    0    0    0    0    0    0    0    1    2    0    0    0    0    0    0    0    0    0    0    0    0    0    0    0    0    0    0    0    0    0    0    0    0    0    0    0    0    0    1    0    2    0    0    1    0    0    1    0    0    0    1    0    0    0    0    0    0    1    0    0    0    0    0    0    1    0    0    0    1    0    1    2    0    0    0    1    0    0    0    0    0    0    0    0    0    0    1    0    0    0    0    0    0    0    0    0    0    1    0    0    0    1    0    0    1    0    0    0    0    0    0    0    0    1    0    0    0    0    0    0    0    0    1    0    0    0    0    1    1    0    0    0    0    0    0    0    0    0    1    0    0    0    0    0    0    0    0    0    0    0    0    0    0    0    0    0    0    0    0    0    1    0    1    0    0    0    0    0    0    0    0    0    0    0    0    0    0    0    0    0    0    0    0    0    0    0    0    0    0    0    0    0       51
pue.bel   0    0    0    0    0    0    1    0    0    1    0    1    0    0    0    0    0    1    1    1    0    0    0    0    0    0    0    0    0    0    0    1    0    0    0    0    0    0    0    1    0    0    0    0    0    0    0    0    0    0    0    0    0    0    1    1    0    0    0    0    1    0    0    0    0    0    1    0    0    0    1    1    0    0    0    0    0    0    0    1    0    1    1    0    0    0    0    0    0    0    0    0    0    0    0    0    0    0    0    0    0    1    0    2    0    0    0    0    0    0    0    0    0    0    0    0    1    0    1    0    0    0    0    0    0    0    0    1    0    1    0    0    0    0    0    0    0    0    0    0    0    0    0    1    0    0    0    0    0    1    0    0    0    0    1    0    1    0    0    0    0    1    0    0    0    0    0    0    0    0    0    1    0    1    0    0    0    0    0    0    0    0    0    0    0    1    1    0    0    0    0    0    0    0    0    1    0    0    0    0    0    1    0    0    0    0    0    1    0    0    0    0    0    0    0    0    0    0    0    0    0    0    1    0    0    0    0    1    0    0    0    0    0    0    0    0    0    0    0    0    0    0    0    0    0    0    0    0    0    0    1    0    0    0    0    1    0    0    0    0    0    0    0    0    0    0    0    0    0    1    0    1    0    0    1    0    0    0    0    1    1    0    0    0    0    0    0    0    1    0    0    0    1    0    0    0    0    0    1    1    0    0    0    0    0    0    1    0    0    0    0    0    0    0    0    0    0    0    0    0    0    0    0    0    0    0       50
nig.boc   0    0    0    0    0    0    0    0    0    0    0    0    0    0    0    0    0    0    0    0    0    0    0    0    1    0    0    0    0    0    0    0    0    0    1    2    0    0    0    0    0    0    0    0    0    0    0    0    0    0    0    0    0    1    2    0    2    0    0    2    4    0    1    1    0    1    0    0    0    0    0    0    0    0    0    0    0    0    0    0    0    0    0    0    0    0    0    0    0    0    0    0    1    1    2    0    0    1    0    1    0    0    0    0    0    0    1    0    0    0    0    0    0    0    0    0    0    0    1    0    0    0    0    0    0    1    1    0    1    0    1    0    0    0    1    0    0    0    0    0    0    0    0    0    0    0    0    0    0    0    0    0    0    0    0    1    0    0    0    0    0    0    0    0    0    0    0    0    0    0    0    0    0    0    0    0    1    0    0    0    0    0    0    0    0    0    0    0    0    0    0    0    0    0    0    1    0    0    0    0    0    0    0    0    0    0    0    0    0    0    2    2    0    1    0    1    0    2    1    0    0    0    0    0    0    0    0    0    0    0    0    0    0    0    1    0    0    0    1    0    0    0    0    0    0    1    0    0    0    0    0    0    0    3    0    0    1    0    0    0    0    0    0    0    0    0    0    0    0    0    0    0    0    0    0    0    0    2    0    0    0    0    0    0    0    0    0    0    0    0    0    0    0    0    0    0    0    0    0    0    0    0    0    0    1    0    0    0    0    1    0    0    0    1    0    0    0    0    0    0    1    0    0    0    0    0       56
pue.boc   0    0    1    2    0    0    0    0    0    1    0    0    0    0    0    0    0    0    0    0    0    0    0    0    0    0    0    0    2    0    0    1    0    0    0    1    0    0    0    1    0    1    1    0    0    0    0    0    0    0    0    0    0    3    0    0    0    0    0    0    1    0    0    0    0    0    0    0    0    0    0    0    0    1    0    0    0    1    0    1    0    0    0    0    0    0    0    0    0    0    0    0    0    0    0    0    1    0    0    0    0    1    0    0    1    0    0    0    0    0    0    0    0    0    0    0    0    0    0    0    0    0    0    0    1    0    0    0    0    0    0    0    0    0    0    0    0    0    0    1    0    0    0    0    1    0    0    0    0    0    0    0    0    0    1    0    0    1    0    1    0    0    1    0    0    0    0    0    0    0    0    0    0    0    0    0    0    0    0    0    0    0    0    0    1    0    0    0    0    0    1    0    0    0    0    0    0    0    0    0    0    0    0    0    0    2    0    1    0    0    0    2    0    0    0    0    1    0    0    0    0    1    0    0    0    0    2    0    0    1    0    1    0    0    0    0    1    0    0    0    0    0    0    0    1    0    0    0    0    0    0    0    0    0    0    0    0    0    0    0    0    0    0    0    0    0    0    0    0    0    1    0    1    1    0    0    2    0    1    1    0    0    0    0    0    0    0    0    0    0    0    0    0    0    0    0    0    0    0    0    0    0    0    0    0    0    0    0    0    0    0    0    0    0    0    0    0    0    0    0    0    0    0    0    0    0       50
uni.boc   0    0    0    0    0    0    0    0    0    0    0    1    0    0    0    0    0    0    0    0    0    0    0    0    0    0    0    0    1    0    1    2    0    0    0    1    0    0    0    1    1    1    0    0    0    0    0    0    0    0    0    0    0    0    0    1    0    0    0    0    0    0    0    0    0    0    0    0    0    0    0    0    0    0    0    0    0    0    0    0    1    0    1    0    0    0    0    0    0    0    0    0    0    0    0    0    0    0    0    0    0    0    2    0    0    0    2    1    0    0    0    0    0    0    0    0    0    0    0    0    0    1    0    0    0    0    0    0    0    0    0    0    0    1    0    0    0    0    0    0    0    0    0    0    0    0    0    0    1    0    0    2    0    0    0    0    1    0    0    1    0    0    0    0    0    0    0    0    0    0    0    0    0    0    0    0    0    0    0    0    0    0    0    0    0    0    0    0    0    0    0    0    0    0    0    0    0    0    0    1    0    0    0    0    0    0    0    0    0    0    0    0    0    0    0    0    0    0    0    1    0    0    0    0    0    0    0    1    1    0    1    0    0    0    0    0    0    0    0    0    0    0    1    0    2    0    0    1    0    0    0    0    0    0    0    0    0    1    0    0    0    0    0    1    0    0    1    0    0    0    0    0    0    0    0    0    0    0    0    0    0    0    0    0    0    0    1    0    0    0    0    1    0    0    0    0    0    0    0    0    0    0    0    0    0    0    0    0    0    0    0    0    0    0    0    0    0    0    0    0    0    0    0    0    0    0       38
gum.med   0    0    0    0    0    1    0    0    0    0    0    1    0    0    0    0    0    0    0    0    0    0    0    0    0    0    0    0    0    0    0    0    0    0    0    0    0    0    0    2    0    0    0    0    0    0    0    4    0    0    0    0    1    1    1    0    0    0    0    0    0    5    1    0    0    0    0    0    0    0    0    0    0    0    0    0    0    0    0    0    0    0    0    0    0    0    0    0    0    0    0    0    1    0    0    0    1    1    0    0    0    0    0    0    0    0    0    1    1    0    0    0    0    0    0    0    0    0    0    0    0    1    0    0    0    0    0    0    0    0    0    0    0    0    0    0    0    0    0    0    0    0    0    0    0    0    0    0    0    0    0    0    0    0    0    0    0    0    0    0    1    0    0    0    0    0    0    1    0    0    0    0    0    0    0    2    0    0    0    0    0    0    0    0    0    0    0    0    0    0    0    0    0    0    0    0    1    0    0    0    0    0    0    0    0    0    0    0    0    0    0    0    0    0    0    0    0    0    0    0    0    0    0    0    0    0    0    0    0    0    0    0    0    1    0    0    0    0    0    1    1    0    0    0    0    0    0    0    0    0    0    0    0    0    1    0    2    0    0    1    0    0    0    0    1    0    0    0    1    0    0    0    0    0    0    0    0    0    0    0    0    0    0    0    0    0    0    0    0    0    0    0    1    0    0    0    0    0    0    0    0    0    0    0    0    0    0    0    0    0    1    4    1    0    1    1    0    1    0    1    0    1    1    1    0    0       51
nig.med   0    0    0    0    1    0    0    0    0    1    0    2    0    0    0    0    0    0    1    0    0    0    0    0    0    0    0    1    0    0    0    0    1    0    0    0    0    0    0    1    0    0    2    1    0    0    1    0    0    0    0    0    0    0    0    1    0    0    0    0    1    0    0    0    0    0    0    0    0    0    0    0    0    0    0    0    0    0    0    0    2    1    0    0    1    0    1    0    0    0    0    0    0    0    0    0    0    1    0    0    0    0    0    0    0    0    0    0    1    0    0    0    0    0    0    1    0    0    0    1    1    1    0    0    0    0    0    0    0    0    0    0    0    0    0    0    0    0    0    0    0    0    0    1    0    0    0    0    0    0    0    0    0    0    0    0    0    0    0    0    0    0    0    0    1    0    0    0    0    0    1    1    0    0    0    0    1    0    1    0    0    0    0    0    0    0    0    1    0    0    0    0    1    0    0    0    0    0    0    0    0    0    0    0    0    1    0    0    0    0    0    0    1    0    0    0    2    0    0    0    0    0    1    0    0    0    0    0    0    0    0    1    0    0    0    0    0    0    0    0    0    0    0    0    0    0    0    0    0    1    0    0    0    0    0    0    0    0    0    0    0    0    0    0    0    1    0    0    0    0    0    0    0    1    0    0    1    0    0    0    0    0    0    0    0    0    0    1    0    0    0    0    0    0    0    0    0    0    0    0    0    0    0    1    0    1    0    0    0    0    0    1    0    0    0    0    0    0    1    0    0    0    0    0    0    0       48
pue.med   0    0    0    1    0    0    0    0    0    1    0    0    0    0    0    0    0    0    0    0    0    0    0    0    0    0    0    0    1    1    2    0    1    0    1    0    0    1    0    0    0    1    0    0    0    0    0    0    0    0    0    0    0    2    0    0    0    1    0    0    1    1    0    0    0    0    0    0    0    0    0    0    0    0    1    1    1    0    0    0    1    0    0    0    0    0    1    0    0    1    0    0    0    0    0    0    0    0    1    0    0    0    0    0    1    0    0    0    0    0    0    0    0    0    0    0    0    0    0    0    0    0    0    0    0    0    0    0    1    0    0    1    0    0    0    1    0    1    0    0    1    0    0    1    1    0    1    0    0    0    0    0    0    0    1    0    1    0    0    0    1    1    0    0    0    0    0    0    0    0    0    1    1    0    0    0    0    0    0    0    0    0    0    0    0    0    0    0    1    0    0    2    0    1    0    0    0    0    0    0    0    0    0    1    0    0    0    0    0    0    0    0    0    0    0    0    0    0    0    0    0    0    1    0    0    0    0    0    0    0    0    0    0    0    0    0    0    0    0    0    0    0    0    0    0    0    1    0    1    0    0    0    0    0    0    0    0    0    0    0    0    0    0    0    0    0    1    0    0    0    0    0    0    0    0    0    0    0    0    0    0    0    0    0    0    1    0    0    0    0    0    0    0    0    0    1    0    0    0    0    0    1    0    0    0    0    0    0    0    0    0    0    1    0    0    0    0    0    0    0    0    0    0    0    0    0       50
uni.med   0    0    0    0    0    0    0    0    0    1    0    0    0    1    0    0    0    0    0    0    0    0    0    0    0    0    0    0    0    0    2    1    1    0    1    1    0    0    1    0    0    0    0    0    0    0    0    0    1    0    0    0    0    0    0    3    1    0    0    0    1    0    0    0    0    0    0    0    0    0    1    0    0    0    0    0    2    0    0    1    0    1    0    0    1    0    1    0    0    0    0    0    1    0    0    1    0    0    0    0    0    0    0    0    1    0    0    0    0    0    0    0    0    0    0    0    0    2    0    0    0    0    0    0    0    0    0    0    1    0    0    0    1    0    0    0    0    0    0    0    0    0    1    0    0    0    0    0    0    0    0    0    0    0    0    0    0    0    0    0    0    0    0    0    0    0    1    1    1    0    0    0    0    0    1    0    0    0    0    0    0    1    0    0    0    0    1    1    0    0    0    1    0    0    1    0    0    0    0    0    0    0    0    0    0    0    0    0    1    0    0    0    0    0    0    0    0    0    0    0    0    0    0    0    0    0    0    0    0    0    0    0    1    1    0    0    0    0    0    0    0    0    1    0    0    0    0    0    0    0    1    1    0    1    1    0    0    0    1    0    0    0    0    0    0    0    0    0    0    0    0    0    0    1    0    0    0    0    0    0    0    0    0    0    0    0    0    0    0    0    0    0    0    0    0    0    0    0    0    0    0    0    0    0    0    0    0    0    0    0    0    0    0    0    0    0    0    0    0    0    0    0    0    0    0    0       49
abe.car   1    0    0    0    0    0    1    0    0    1    0    1    0    0    1    1    1    0    0    0    0    0    0    0    0    0    0    0    0    2    2    0    1    0    0    0    0    1    0    1    1    1    1    0    0    0    1    0    0    0    0    0    0    0    0    0    0    0    0    0    0    0    0    0    0    1    1    1    0    1    0    0    0    0    0    0    0    0    0    0    0    1    1    0    0    2    0    0    0    0    0    0    0    0    0    0    0    0    1    0    1    0    0    0    0    1    0    0    0    0    0    0    0    0    0    1    0    0    0    0    2    0    0    0    0    0    0    0    0    0    0    0    0    0    0    0    0    0    1    0    0    0    0    0    1    0    0    1    0    0    0    0    0    1    0    0    0    0    0    0    0    0    0    0    0    1    0    0    0    1    0    1    0    0    1    0    0    0    0    1    0    1    0    0    0    0    0    1    0    0    0    0    0    0    0    0    0    1    0    0    0    0    0    0    0    0    0    0    0    0    0    0    0    0    0    0    0    0    0    0    0    0    0    0    0    0    0    0    1    0    0    1    0    0    0    0    0    0    0    0    0    0    0    0    0    0    0    0    0    0    0    0    0    0    0    0    0    0    0    0    0    0    1    0    0    1    0    0    0    1    0    0    0    1    0    0    0    0    0    0    0    0    0    0    0    0    0    0    0    0    0    0    0    0    0    0    0    0    0    0    0    0    0    0    0    0    0    0    0    0    0    0    0    0    0    0    0    0    0    0    0    0    0    0    0    0       50
nig.cai   0    0    1    0    0    0    0    0    0    1    0    0    1    0    0    1    0    0    0    0    0    0    0    1    1    1    1    1    1    1    1    1    0    0    0    1    0    0    0    0    0    1    0    0    0    0    0    0    0    0    1    0    0    0    0    1    0    1    1    0    0    0    0    0    0    0    0    0    0    0    0    0    1    1    0    0    0    0    0    0    0    0    0    0    0    0    0    0    0    0    1    0    1    0    0    1    0    0    1    0    0    0    0    1    0    0    1    0    0    0    0    0    0    0    0    0    0    0    0    0    0    0    0    0    0    0    1    0    0    0    0    0    0    0    1    0    0    0    0    0    0    0    0    0    0    0    0    0    0    0    1    0    0    0    0    0    0    0    0    1    0    0    1    1    0    0    0    0    0    0    0    0    0    0    0    0    0    1    1    0    0    1    0    0    1    0    1    0    0    0    0    0    0    0    0    0    0    0    0    1    0    0    0    0    0    0    0    1    1    0    0    1    1    1    0    0    0    0    0    0    0    0    1    0    0    1    0    0    0    0    0    0    0    1    0    0    0    0    0    0    0    0    0    0    0    0    0    0    0    0    0    0    0    0    0    0    0    0    0    0    0    0    0    0    0    0    0    0    0    0    0    0    0    0    0    0    0    0    0    0    0    1    0    0    0    0    0    0    0    1    0    0    0    0    0    0    0    0    0    0    0    0    0    0    0    0    0    1    0    0    0    0    0    0    0    0    0    0    0    0    0    0    0    0    0    0       50
pue.cai   0    1    0    0    0    0    0    1    0    0    0    2    1    0    0    1    0    0    1    0    0    0    0    0    0    0    0    0    0    1    2    1    1    0    0    0    0    0    0    0    0    0    0    0    0    0    1    0    0    1    0    0    0    1    1    2    0    0    0    0    1    0    0    0    0    0    0    0    1    0    0    0    0    0    0    0    0    0    1    0    0    0    0    0    0    0    0    1    0    0    0    0    0    0    0    1    0    1    0    0    0    0    0    0    2    0    1    0    0    0    0    1    0    1    0    0    0    0    0    0    1    0    0    0    0    0    0    0    0    0    1    0    0    0    0    0    0    0    0    1    0    0    0    0    0    0    0    0    0    0    0    0    1    0    0    0    0    0    0    0    0    0    0    0    1    1    0    0    1    0    0    0    1    0    0    0    0    0    0    0    0    0    1    0    0    0    1    1    0    1    0    0    0    0    0    0    0    0    0    0    0    0    0    0    0    0    0    1    0    0    0    0    0    2    0    0    0    0    0    0    0    0    0    0    1    0    0    0    1    0    0    0    0    0    0    0    0    1    1    0    0    1    0    0    0    0    0    0    0    0    0    0    0    0    0    0    0    1    0    0    1    0    0    0    0    0    0    0    0    0    0    1    0    0    0    0    0    0    0    0    0    0    0    0    0    0    0    0    0    0    1    0    0    0    0    0    0    0    0    0    0    0    1    0    0    0    0    0    0    0    0    0    0    0    0    0    0    0    0    0    0    0    0    0    0    0       54
uni.cai   0    0    0    0    0    0    0    0    0    1    0    1    0    0    0    0    0    1    1    1    0    0    0    0    0    0    0    0    1    0    2    1    0    1    0    0    0    0    0    0    1    0    1    0    0    0    2    0    0    0    0    0    0    0    0    2    0    0    0    0    1    0    0    0    0    0    0    0    0    0    0    0    0    0    0    0    0    0    0    0    0    0    1    2    1    0    0    0    1    0    0    1    0    0    0    0    2    0    0    0    0    0    0    2    0    0    0    0    0    0    0    0    0    0    1    0    0    0    0    0    0    0    0    0    0    0    0    0    0    0    0    0    0    0    0    0    0    0    0    0    0    0    0    0    0    0    0    0    0    1    0    0    0    0    0    0    1    0    1    0    0    0    0    0    0    0    0    1    0    0    0    0    0    0    0    0    0    0    0    0    0    0    0    0    0    0    1    0    0    0    0    0    1    1    0    0    1    0    0    0    1    0    0    1    0    0    1    0    0    0    0    0    0    0    0    0    0    0    0    0    0    0    0    0    0    1    0    0    0    0    1    0    1    0    0    0    1    0    0    0    0    0    1    0    0    0    0    0    0    1    0    0    0    0    0    0    0    0    0    0    0    0    0    0    0    0    1    0    0    0    0    0    0    0    0    1    0    0    0    0    0    1    0    1    0    1    1    0    1    0    0    0    0    0    0    0    0    0    0    0    0    0    0    0    0    0    0    0    0    0    0    0    0    0    0    0    1    0    0    0    0    0    0    0    0    0       53

Total:    1    1    2    3    3    1    3    5    1    8    3    9    2    5    4    4    1    2    4    2    3    3    1    2    3    1    1    2    7    8    14   9    5    1    3    8    1    3    1    8    9    7    6    1    1    2    5    7    1    1    2    1    1    9    8    12   4    2    3    2    12   8    2    2    2    2    2    1    1    1    2    1    2    4    1    1    4    3    1    3    4    4    7    2    3    2    3    1    1    1    3    3    4    1    2    4    4    5    3    1    2    2    4    7    6    1    5    2    3    1    1    1    1    1    1    2    5    4    3    1    4    3    2    1    1    2    2    1    3    1    2    1    1    1    2    1    1    1    1    3    1    1    3    4    3    1    1    1    1    2    1    2    1    1    3    4    4    3    2    3    4    2    3    2    2    2    1    3    3    1    4    4    3    1    5    3    2    2    2    1    1    4    1    1    3    1    7    5    1    1    1    4    2    2    1    2    3    1    1    2    1    1    1    2    3    6    3    7    8    1    2    6    7    6    1    1    3    2    1    1    1    1    5    5    2    9    5    3    4    2    2    4    2    4    3    1    2    2    4    2    1    1    4    1    6    1    2    3    2    2    2    1    1    5    2    1    4    2    1    1    1    1    2    1    1    3    4    1    1    2    1    2    2    6    1    1    3    2    2    3    1    2    1    1    1    2    2    1    2    1    1    1    2    1    1    1    1    2    1    1    1    1    1    1    1    1    1    1    1    1    1    5    2    1    1    1    1    1    1    1    1    1    1    1    1    1       834

Fis^= -0.008876
Fst^= 0.029209
Fit^= 0.020592
1-Qintra^= 0.935252 (gene diversity intra-individuals)
1-Qinter^= 0.927023 (gene diversity inter-individuals intra-pop)


  Locus: pam013
---------------------------------
Pop       Genotypes:
          ------------------------------------------------------------------------------------------------------------------------------------------------------------------------------------------------------------------------------------------------
          106  106  108  106  106  108  110  106  108  112  106  108  114  116  118  106  108  110  112  114  118  100  102  106  108  110  114  116  118  120  122  106  108  114  116  118  120  122  124  106  108  112  114  118  120  122  124  126  106  108  112  114  118  120  122  124  126  106  108  110  114  118  120  122  124  126  128  102  106  108  112  114  116  118  120  122  124  126  128  132  106  108  114  118  122  124  126  128  130  132  134  106  108  110  112  114  118  120  122  124  126  128  130  132  134  136  106  108  110  112  114  118  120  122  124  126  128  130  132  134  138  106  108  112  118  120  122  126  128  130  132  134  136  138  140  106  118  120  122  124  126  128  130  132  136  138  140  106  108  110  114  120  122  124  126  130  132  134  136  138  140  142  106  108  112  114  120  122  124  126  128  130  132  134  136  138  140  142  144  146  106  108  116  118  122  124  126  128  130  132  134  136  138  140  142  144  146  148  106  110  114  118  122  126  128  130  132  134  138  140  142  144  146  106  108  112  114  118  122  124  126  128  132  134  136  140  142  144  146  148  150  106  116  120  122  124  126  128  130  134  136  138  142  150  106  108  114  116  118  120  122  124  126  134  136  138  140  144  146  148  150  152  154  106  114  116  122  124  126  136  138  146  148  150  152  154  114  118  122  124  126  132  136  138  140  146  154  156  118  122  124  126  128  130  132  134  150  154  122  124  126  128  132  142  144  160  162  140  106  108  126  128  132  108  124  140  150  152  106  116  122  152  170  112  122  
          106  108  108  112  114  114  114  116  116  116  118  118  118  118  118  120  120  120  120  120  120  122  122  122  122  122  122  122  122  122  122  124  124  124  124  124  124  124  124  126  126  126  126  126  126  126  126  126  128  128  128  128  128  128  128  128  128  130  130  130  130  130  130  130  130  130  130  132  132  132  132  132  132  132  132  132  132  132  132  132  134  134  134  134  134  134  134  134  134  134  134  136  136  136  136  136  136  136  136  136  136  136  136  136  136  136  138  138  138  138  138  138  138  138  138  138  138  138  138  138  138  140  140  140  140  140  140  140  140  140  140  140  140  140  140  142  142  142  142  142  142  142  142  142  142  142  142  144  144  144  144  144  144  144  144  144  144  144  144  144  144  144  146  146  146  146  146  146  146  146  146  146  146  146  146  146  146  146  146  146  148  148  148  148  148  148  148  148  148  148  148  148  148  148  148  148  148  148  150  150  150  150  150  150  150  150  150  150  150  150  150  150  150  152  152  152  152  152  152  152  152  152  152  152  152  152  152  152  152  152  152  154  154  154  154  154  154  154  154  154  154  154  154  154  156  156  156  156  156  156  156  156  156  156  156  156  156  156  156  156  156  156  156  158  158  158  158  158  158  158  158  158  158  158  158  158  160  160  160  160  160  160  160  160  160  160  160  160  162  162  162  162  162  162  162  162  162  162  164  164  164  164  164  164  164  164  164  166  168  168  168  168  168  170  170  170  170  170  172  172  172  172  172  174  174    Total

chl.bar   0    0    0    0    0    0    0    0    0    0    0    0    0    0    0    0    0    0    0    0    0    0    0    0    0    0    0    0    0    0    0    0    0    0    0    0    0    1    1    0    1    0    0    0    1    0    0    0    0    0    0    0    0    1    0    0    0    0    1    0    0    0    0    1    0    1    0    0    0    0    0    0    0    0    0    0    0    0    0    0    0    0    0    0    1    0    0    0    0    0    0    0    0    0    0    0    0    0    0    1    0    0    0    0    0    0    0    0    0    0    0    0    0    0    0    0    0    0    0    0    0    0    0    0    0    1    0    0    0    0    1    0    1    0    0    0    0    1    0    0    0    0    0    0    0    0    0    0    1    0    0    0    0    0    0    0    0    0    0    0    0    0    0    0    0    0    0    0    0    1    0    0    0    0    0    0    0    0    0    0    1    1    0    0    0    1    0    0    1    0    0    0    0    0    0    0    0    1    0    0    0    0    0    0    0    0    0    0    0    0    1    1    0    1    1    2    0    0    1    0    1    0    0    0    0    0    0    0    0    0    0    1    0    1    0    0    0    0    0    0    0    0    0    0    0    1    0    0    0    0    0    0    0    0    0    0    1    0    0    1    0    0    0    1    1    0    0    0    0    0    0    1    0    0    0    0    0    0    0    0    0    0    0    0    0    0    0    0    0    0    0    0    0    0    0    0    0    0    0    0    0    0    0    0    0    0    0    0    0    0    0    0    0    0    0    0    0    0    0    0    0    0    0    0    0       37
nig.bar   0    0    0    0    0    0    0    0    0    0    0    0    0    0    0    0    0    0    0    0    0    0    0    0    0    0    0    0    0    0    0    1    0    0    0    0    0    0    0    0    0    0    0    1    0    0    0    1    0    0    0    0    0    0    0    0    0    0    0    0    0    0    0    0    0    0    0    0    0    0    0    0    0    0    0    0    0    0    0    0    0    0    0    0    0    0    0    0    0    0    0    0    0    0    0    0    0    0    0    0    0    0    0    0    0    0    1    0    0    0    0    0    0    0    1    0    0    0    0    0    0    0    0    0    0    0    0    0    0    0    0    0    0    0    0    0    0    0    0    0    1    0    0    0    0    0    0    2    0    0    0    0    1    2    1    0    0    0    0    0    0    0    0    0    0    0    0    0    0    0    0    0    0    0    0    0    0    0    1    0    1    0    0    0    0    0    2    0    0    1    0    0    0    0    0    0    0    0    2    0    0    0    0    1    0    1    0    0    0    0    0    0    0    1    1    0    0    1    0    2    1    0    0    0    0    0    0    0    1    2    2    0    0    0    0    0    0    0    0    0    0    0    0    0    0    0    0    0    0    0    0    0    0    0    0    0    0    0    0    0    0    0    0    1    0    0    0    0    0    0    0    0    1    2    0    0    0    0    0    0    0    0    0    0    0    0    0    0    0    0    0    0    0    0    0    0    0    0    0    0    0    0    0    0    1    0    0    0    0    0    0    0    0    1    1    2    1    1    1    0    0    1    1    0    0       46
pue.bar   0    0    1    0    0    0    0    0    0    0    0    0    0    0    0    0    0    0    0    0    0    0    0    0    0    0    0    0    0    0    0    1    0    0    0    0    1    0    0    1    1    0    0    2    0    2    1    0    0    0    0    1    1    0    0    0    0    0    0    0    0    1    0    0    0    0    0    0    0    0    0    0    0    0    0    0    0    0    0    0    0    0    0    0    0    0    1    0    0    0    0    0    0    0    0    0    0    0    1    0    0    0    0    0    0    0    1    0    0    0    0    1    0    1    0    0    1    0    0    0    0    0    0    0    0    0    0    0    0    0    0    0    0    0    0    0    0    1    0    1    0    0    0    0    1    0    0    1    1    0    1    0    1    0    0    0    0    0    0    0    0    0    0    0    1    0    0    0    0    0    0    1    0    0    0    0    0    0    1    1    1    0    0    0    1    0    1    1    0    0    1    0    1    0    1    1    0    0    0    0    0    0    0    0    0    0    0    0    0    0    0    0    0    0    0    0    0    0    0    0    0    1    0    0    0    0    0    1    0    0    0    0    0    0    0    0    0    1    0    0    0    0    0    0    0    0    0    0    0    0    1    0    0    0    0    0    0    0    0    0    0    0    0    0    0    0    0    0    0    0    0    0    0    0    0    1    0    0    0    0    1    0    0    1    0    0    0    0    0    0    0    0    0    0    0    0    0    0    0    0    1    0    0    0    0    0    0    1    0    1    0    0    0    0    0    0    0    0    0    1    0    0    0    0    0       49
ind.bel   0    0    1    0    0    0    0    0    0    0    0    0    0    0    0    0    0    0    0    0    0    0    0    0    1    0    0    0    1    0    1    1    0    0    0    1    0    1    0    0    0    0    2    1    0    4    2    2    0    0    0    0    0    0    0    2    0    0    0    0    1    0    0    1    0    0    0    0    0    0    0    0    0    0    0    0    0    0    0    0    0    0    0    0    0    0    0    0    0    0    0    0    0    0    0    0    0    0    1    1    0    0    0    0    0    1    0    0    0    0    0    0    0    1    1    0    0    0    0    1    0    0    1    0    0    0    1    0    0    0    0    0    0    0    0    1    0    0    1    0    1    0    0    0    0    0    0    0    0    0    0    0    1    0    0    0    0    0    0    0    0    0    0    1    0    0    1    2    0    1    0    1    0    0    0    0    0    0    0    0    0    0    0    0    1    1    1    0    0    0    0    0    0    0    0    0    0    0    0    0    0    0    0    0    0    0    0    0    0    0    0    0    1    0    0    0    0    0    1    0    1    0    0    0    0    0    0    0    0    0    0    0    0    0    1    1    0    0    0    0    0    0    0    1    0    0    0    0    0    0    0    0    0    0    0    0    0    0    0    0    0    0    0    0    0    0    0    0    0    0    0    0    0    0    0    0    0    0    0    0    0    0    0    0    0    0    0    0    0    0    1    0    0    0    0    0    0    0    0    0    0    0    0    0    0    0    0    0    1    0    0    0    0    0    0    0    0    0    0    0    0    0    0    0    1       52
nig.bel   0    0    0    0    0    0    0    1    0    0    1    0    0    0    0    0    0    0    0    0    1    0    0    0    0    0    0    0    1    0    0    0    0    0    0    0    0    1    0    1    0    0    0    1    0    1    0    1    0    1    0    0    0    0    0    0    0    0    0    0    0    0    0    0    0    0    0    1    0    0    0    0    0    0    0    1    1    0    1    1    0    0    0    0    0    0    0    0    0    0    0    1    0    0    0    0    0    0    0    0    2    0    0    0    0    0    1    0    1    0    1    0    0    1    1    0    0    0    2    1    0    1    1    0    0    0    0    1    1    0    0    1    0    1    0    1    0    0    1    0    1    0    0    0    1    0    0    0    0    0    0    0    1    0    0    0    0    0    0    0    0    0    0    0    0    0    0    0    0    1    0    0    0    0    0    1    1    1    0    0    0    0    0    0    0    0    0    0    0    0    0    0    0    0    0    0    0    0    0    0    0    0    0    1    0    0    0    0    0    0    0    0    0    0    0    0    0    0    0    0    0    0    0    0    0    0    0    0    1    0    0    0    0    1    0    1    0    0    0    0    0    0    0    0    0    0    0    0    0    1    0    0    0    0    1    0    1    0    0    0    0    0    0    0    0    0    0    0    0    0    0    0    0    0    0    0    0    0    0    0    0    0    0    0    0    0    0    0    0    1    0    0    0    0    1    0    0    0    0    0    0    0    0    0    0    0    0    0    0    0    1    0    0    0    0    0    0    0    0    0    0    0    0    0    0       51
pue.bel   0    0    0    0    0    1    0    0    0    1    0    0    0    0    0    0    1    0    0    0    0    0    0    0    0    0    0    0    0    0    0    1    1    0    0    1    0    0    2    0    0    0    2    0    0    1    1    0    0    0    0    0    0    0    1    1    1    0    0    0    0    0    1    1    0    0    0    0    0    0    0    0    0    1    0    1    0    0    0    0    0    0    0    0    0    0    1    1    0    0    0    1    0    0    0    1    0    0    0    0    1    0    1    0    0    1    0    0    0    0    0    0    0    0    1    0    0    0    0    0    0    1    0    0    1    0    2    0    0    0    0    0    1    0    0    0    0    0    0    0    0    1    0    0    0    0    0    0    0    0    0    0    0    1    0    0    0    0    0    1    0    1    0    0    0    0    0    1    1    1    0    0    0    0    0    0    0    0    0    0    0    0    0    1    0    1    0    0    0    0    0    0    0    0    0    0    0    0    0    0    0    0    0    0    0    0    0    0    0    0    0    0    1    0    0    0    0    0    1    0    0    0    0    1    0    0    0    0    0    0    0    0    0    0    1    1    0    0    0    0    1    0    0    0    0    0    0    0    0    0    0    0    0    0    0    0    0    0    0    0    0    0    1    1    0    0    0    0    0    0    0    0    0    0    0    0    0    0    0    0    0    0    0    0    0    0    0    0    0    0    0    0    0    0    0    0    0    0    0    0    0    0    0    0    0    0    0    0    0    0    0    0    1    0    0    0    0    0    0    0    0    0    0    0    0       50
nig.boc   2    0    1    0    0    0    0    0    1    0    0    0    0    0    1    0    0    0    0    0    0    0    0    1    1    0    0    0    0    1    0    0    0    0    0    0    1    0    0    0    0    0    0    0    0    1    0    0    2    0    0    0    0    0    1    0    0    0    1    0    0    0    0    0    0    0    0    0    0    1    1    0    1    0    0    1    0    0    1    0    0    1    0    0    0    0    3    0    0    0    0    0    0    0    0    0    0    0    0    0    0    1    0    1    1    0    0    1    0    0    0    1    0    0    0    0    0    0    0    0    3    0    3    0    0    0    1    1    1    0    1    1    1    1    1    0    1    0    0    0    0    0    0    0    1    0    0    0    1    0    0    0    1    0    0    0    1    1    0    0    0    0    0    0    0    0    0    0    0    0    0    0    0    0    1    0    0    0    0    0    0    0    0    0    0    0    0    0    0    0    0    0    0    0    0    0    0    0    0    0    0    0    0    0    0    0    0    0    1    0    0    0    0    0    0    0    0    0    0    0    0    0    0    0    1    0    0    0    0    0    0    0    0    0    0    0    0    0    0    0    0    0    0    0    0    1    0    0    0    0    0    0    0    0    0    1    0    0    0    0    0    0    0    0    0    0    0    0    0    0    0    0    0    0    0    0    0    0    0    0    0    0    0    0    0    0    0    0    0    0    0    0    0    0    0    0    0    0    0    0    0    0    0    0    0    0    0    0    0    0    0    0    0    0    0    0    0    0    0    0    0    0    0    0    0       53
pue.boc   1    0    0    0    0    0    0    0    0    0    0    0    0    0    0    1    0    0    0    1    0    0    0    0    0    0    0    0    0    2    1    2    0    0    0    0    0    0    0    0    0    0    0    0    0    1    0    0    0    0    0    0    0    0    0    1    0    0    1    0    0    0    0    0    0    0    0    0    1    0    0    0    0    1    1    0    0    0    1    1    0    0    0    0    1    1    0    0    0    0    1    2    0    0    0    0    0    0    0    0    0    1    1    0    0    0    1    0    0    0    0    1    0    1    0    0    1    0    0    0    0    0    0    0    0    0    0    0    0    0    1    0    0    0    0    0    0    0    1    0    0    0    0    0    0    0    0    0    0    0    0    0    0    0    0    0    0    0    0    0    0    0    0    0    0    1    0    0    0    0    1    0    0    1    0    1    0    0    0    0    0    0    1    0    0    0    0    2    0    0    1    0    0    0    0    0    0    0    0    1    1    0    1    1    0    0    0    0    0    0    0    0    0    0    0    0    0    0    0    0    0    0    1    0    0    0    0    0    0    0    1    0    0    0    0    0    0    0    0    0    0    0    0    0    0    0    0    0    0    0    0    0    0    0    0    0    1    0    0    0    0    0    0    1    0    0    1    0    0    0    0    0    0    0    1    0    0    0    0    0    0    1    1    0    0    0    0    0    0    0    0    0    0    0    0    0    0    0    0    0    0    0    0    0    0    0    0    0    0    0    0    0    0    0    0    0    0    0    0    0    0    0    0    0    0       49
uni.boc   0    0    0    1    0    0    0    0    0    0    1    0    0    0    0    0    0    0    0    0    1    1    0    0    0    0    0    0    0    0    0    0    0    0    0    0    0    0    0    1    1    0    0    0    0    1    0    0    1    1    1    1    0    0    1    0    1    0    0    0    0    0    0    0    0    1    0    0    0    0    0    0    0    1    0    1    0    0    1    0    2    0    0    0    0    1    0    0    0    0    0    0    0    0    0    0    0    0    0    0    0    2    0    0    0    0    0    0    0    0    0    0    0    0    0    1    0    0    0    0    0    0    0    0    0    0    0    0    0    0    0    0    0    0    0    0    0    0    0    0    0    0    0    0    0    0    0    0    0    0    0    0    0    0    1    1    0    0    0    0    0    0    0    0    0    0    0    0    0    0    0    0    0    0    0    0    0    0    0    0    0    0    0    0    0    0    0    0    0    0    0    0    0    0    0    0    1    0    1    0    0    0    0    0    0    0    1    0    1    0    0    0    0    0    0    0    0    0    0    0    0    0    0    0    0    0    0    0    0    0    0    0    0    0    0    0    1    0    0    1    0    0    0    0    0    0    0    0    0    0    0    0    0    0    0    0    0    0    0    0    0    0    0    0    0    0    0    0    0    0    2    0    0    1    0    0    0    0    0    1    0    0    0    0    0    0    0    0    1    0    0    1    1    0    0    1    0    0    0    0    0    0    0    1    0    0    0    0    0    0    0    0    0    0    0    0    0    0    0    0    0    0    0    0    0       40
gum.med   0    0    0    0    0    0    0    0    0    0    0    0    0    0    1    0    0    0    0    0    0    0    0    0    1    0    0    0    0    1    0    0    0    0    0    0    1    0    0    2    1    0    0    1    1    1    0    1    0    0    0    0    1    0    1    0    0    1    0    0    0    0    0    0    0    0    0    0    0    0    0    0    0    0    0    1    0    0    0    0    0    0    0    0    0    0    0    0    0    0    0    1    0    0    0    0    0    1    0    0    1    0    0    0    0    0    0    0    0    0    0    0    0    1    0    0    0    0    0    0    0    0    0    0    0    0    0    0    0    0    0    0    0    0    0    0    0    0    0    0    0    0    0    0    0    0    0    0    0    0    0    0    0    0    2    0    0    0    0    0    1    0    0    0    0    0    0    0    0    0    0    0    0    0    0    0    0    0    0    0    0    0    0    0    0    0    1    0    0    1    0    0    0    0    0    0    0    0    0    0    0    0    0    0    0    0    0    0    0    0    0    0    0    0    0    0    0    0    0    0    0    0    0    0    0    0    0    0    0    0    0    0    1    0    1    0    0    0    0    0    0    0    0    1    1    1    0    0    1    0    1    1    2    1    0    0    0    1    0    0    1    0    1    0    0    0    0    0    0    0    0    0    0    0    0    0    0    1    1    0    2    0    0    0    0    0    1    1    0    0    0    2    0    0    0    0    0    1    0    1    0    1    1    0    0    1    1    0    0    0    0    0    0    0    0    0    0    0    0    0    0    0    0    0    0       52
nig.med   0    0    0    0    0    0    0    0    0    0    0    1    0    0    0    0    0    0    0    0    0    0    1    1    0    1    0    0    1    0    0    0    0    0    0    1    0    0    0    0    0    0    1    0    0    0    1    0    0    0    0    0    0    0    3    1    0    0    0    0    0    0    0    0    0    1    1    0    1    0    0    0    0    0    0    0    0    2    0    0    0    0    0    1    0    1    0    0    1    2    0    0    0    1    0    0    0    1    1    1    1    0    0    0    2    0    0    0    0    0    0    0    0    1    0    0    0    0    0    0    0    0    0    0    1    0    1    0    0    0    0    0    0    0    0    0    0    0    0    0    0    1    0    0    0    0    0    0    0    1    0    0    1    0    0    0    0    0    0    0    0    0    0    1    0    0    0    2    0    1    0    0    1    0    0    0    0    0    0    0    0    1    0    0    0    0    0    1    0    0    0    0    0    0    0    0    0    0    0    0    0    0    0    0    1    0    0    0    0    0    0    0    1    0    0    0    0    0    0    0    0    0    0    0    0    0    0    0    0    0    0    0    0    0    0    0    0    0    0    0    0    0    0    1    0    0    0    1    0    0    0    0    0    0    0    0    0    0    1    0    0    0    0    0    0    0    0    0    0    0    0    0    0    0    0    0    0    0    0    0    0    1    0    0    0    0    0    0    0    1    0    0    0    0    0    0    0    0    1    0    0    0    0    0    0    0    0    0    0    0    0    0    0    0    0    0    0    0    0    0    0    0    0    0    0       50
pue.med   0    0    0    0    0    0    1    0    0    0    1    0    1    0    1    0    0    0    0    0    0    0    0    1    2    0    0    1    0    1    1    1    0    0    1    0    0    0    0    0    0    1    0    0    0    0    0    2    0    0    0    0    1    0    1    0    0    1    0    0    0    0    0    2    1    0    0    0    0    0    0    0    0    1    0    0    0    0    0    0    1    0    0    0    0    0    0    0    0    0    0    1    0    0    0    0    1    0    0    0    0    0    0    0    0    0    0    0    0    0    0    0    2    0    0    0    0    0    0    0    0    0    0    0    0    0    0    0    0    0    0    0    0    1    1    0    0    0    0    0    0    1    2    0    1    0    0    1    0    0    0    1    1    0    1    0    0    0    0    0    0    0    0    1    0    0    0    0    0    0    0    0    0    0    1    0    0    0    0    0    0    0    0    0    0    0    0    1    1    0    0    0    0    0    0    0    0    0    0    0    0    0    0    0    0    0    0    1    0    1    0    0    1    0    0    0    0    0    0    0    0    0    0    0    0    0    0    0    0    0    0    0    0    0    0    0    0    0    0    0    0    0    0    0    0    0    0    0    0    0    0    0    0    0    0    0    0    0    0    0    0    0    0    1    0    0    0    1    0    0    0    0    0    1    0    0    0    1    0    0    0    0    0    0    0    0    0    0    0    0    0    1    0    0    0    0    1    0    0    0    0    0    0    0    0    0    0    0    0    0    0    0    0    0    0    0    0    0    0    0    0    0    0    0    0       50
uni.med   0    0    1    0    0    0    0    0    0    0    0    0    0    1    0    0    0    1    0    0    0    0    0    1    0    0    0    0    2    0    1    1    0    0    0    0    0    2    0    0    0    2    0    0    2    0    0    0    0    0    0    0    0    0    2    1    1    0    0    1    0    0    1    1    0    0    0    0    0    0    0    1    0    0    0    0    0    0    0    0    0    0    0    0    0    1    0    0    0    0    0    0    0    0    0    0    0    0    0    0    0    0    0    0    0    0    0    0    0    0    0    0    0    0    1    0    0    0    0    0    0    0    0    0    0    0    0    0    1    0    0    0    0    0    0    0    0    0    0    2    1    0    0    1    0    0    0    0    0    0    0    0    1    1    0    0    0    0    1    0    0    0    0    0    0    0    0    0    0    0    0    0    0    0    1    0    0    0    0    0    0    0    0    0    1    0    0    0    0    1    0    1    0    1    0    0    0    0    0    0    0    0    0    0    0    0    0    0    1    0    0    0    0    0    0    0    0    0    0    0    0    0    0    0    0    0    1    0    0    0    0    0    0    0    0    0    0    0    0    0    0    0    1    0    0    0    0    0    1    0    0    0    0    0    0    0    0    0    0    0    0    1    0    0    0    0    0    0    0    0    0    0    0    0    0    0    0    0    1    0    1    0    0    0    1    0    0    0    0    1    0    0    0    0    0    0    0    0    0    0    0    0    0    0    0    0    0    0    0    0    0    1    0    0    0    0    0    0    0    0    1    0    0    0    0       48
abe.car   0    0    0    0    0    0    0    0    0    0    0    0    0    0    0    2    0    0    0    1    1    0    0    2    0    0    1    0    0    2    0    1    0    0    0    0    0    1    0    0    0    0    0    0    0    0    2    0    0    0    0    0    0    0    0    0    1    0    0    0    0    1    0    0    2    1    0    0    0    0    0    0    0    0    0    0    0    0    0    0    0    0    0    0    0    0    0    0    1    0    0    1    0    0    0    0    0    0    0    0    0    0    0    0    0    0    1    0    0    0    1    0    0    1    1    0    0    0    1    0    1    1    0    1    0    0    0    1    1    0    0    0    0    1    0    0    0    0    0    0    0    0    0    0    1    1    1    0    0    0    0    0    0    0    0    0    1    0    1    0    1    0    0    0    0    0    0    0    0    0    0    0    0    0    0    1    0    0    0    0    0    0    0    0    1    1    0    0    0    0    1    0    0    0    0    0    1    0    0    0    0    0    1    0    0    0    0    0    0    0    0    0    0    0    0    0    0    0    0    0    0    0    0    0    0    0    0    0    0    0    0    0    0    0    2    0    1    0    0    0    0    1    0    0    0    0    1    0    0    0    0    1    0    0    0    0    0    0    0    0    0    0    1    0    0    1    0    0    0    1    0    0    0    0    0    0    0    0    1    0    0    0    0    0    0    0    0    0    0    0    0    0    0    0    0    0    0    0    0    0    0    0    0    0    0    0    0    0    0    0    0    0    0    0    0    0    0    0    0    0    0    0    0    0    0       53
nig.cai   0    0    0    0    2    0    0    0    0    0    0    0    0    0    0    0    0    0    1    0    0    0    0    0    1    0    1    1    0    0    0    2    0    0    0    0    0    0    0    0    0    0    1    1    1    0    0    2    1    1    0    0    0    1    0    0    0    0    0    0    0    0    0    0    1    0    0    0    0    0    0    0    0    0    0    0    0    0    0    0    1    1    0    0    3    0    0    0    0    0    0    1    0    0    0    0    0    0    0    0    0    1    0    0    0    0    1    1    0    0    1    0    0    1    1    1    0    2    0    0    0    0    0    0    0    0    1    0    0    0    0    1    0    0    0    0    0    0    0    0    1    0    0    0    0    0    0    0    0    0    0    0    1    0    0    0    0    0    0    0    0    0    0    0    0    0    0    0    0    0    0    0    0    0    0    0    0    0    0    0    0    0    0    0    1    0    0    0    0    0    0    0    0    0    0    1    0    1    0    0    0    0    0    0    0    0    0    0    0    0    0    0    0    0    0    0    1    0    1    0    0    0    0    0    0    0    0    1    0    0    0    0    0    0    0    0    1    0    1    0    0    1    0    0    0    0    1    0    0    0    0    0    1    0    0    0    0    0    0    0    0    0    0    0    0    0    1    0    0    0    1    0    0    0    0    0    1    0    1    0    0    0    0    0    0    0    0    0    0    0    0    0    0    0    0    0    0    0    0    0    0    0    0    0    0    0    0    0    0    0    0    0    0    0    0    0    0    0    0    0    0    0    0    1    0       52
pue.cai   0    0    1    0    0    0    0    0    0    0    0    1    0    0    0    1    0    0    0    0    0    0    0    2    0    0    0    0    1    0    1    0    0    1    0    1    1    0    0    1    2    0    0    1    0    0    0    1    0    0    0    0    0    1    1    0    1    2    0    0    0    0    0    0    0    1    1    0    0    1    0    0    0    0    0    0    0    0    0    0    0    0    0    0    0    0    0    0    0    0    0    0    1    0    1    0    0    0    0    0    0    0    0    1    1    0    1    0    0    1    0    0    0    1    0    0    0    1    1    0    0    0    0    0    0    0    0    0    0    0    0    1    0    0    0    0    0    0    0    0    0    0    0    0    0    0    1    0    0    0    0    0    0    1    2    0    0    0    0    0    0    0    1    0    0    0    0    2    1    1    0    0    0    0    0    0    0    0    0    0    0    0    0    0    0    0    0    0    0    0    0    0    0    0    0    0    0    0    1    0    0    0    0    0    0    1    0    0    0    0    0    0    1    1    0    0    0    0    1    0    0    0    0    0    0    1    0    0    0    0    0    0    0    0    0    0    0    0    0    1    0    0    0    0    0    0    0    0    0    0    0    0    0    0    0    1    0    0    0    0    0    0    0    0    0    0    1    0    1    0    0    0    0    0    0    0    0    0    0    0    0    0    0    0    0    1    0    0    0    0    0    0    0    1    0    0    0    0    0    0    0    0    0    0    0    0    0    0    0    0    0    0    0    0    0    0    0    0    0    0    0    0    0    0    0       54
uni.cai   1    1    0    0    0    0    0    0    0    0    0    0    0    0    0    0    0    0    0    1    0    0    0    1    0    0    1    0    0    0    0    0    0    0    1    0    1    2    1    0    0    1    2    1    0    0    0    0    2    0    0    0    0    0    0    0    0    0    0    0    0    0    0    1    0    1    0    0    1    0    0    0    0    0    1    0    0    1    0    0    0    0    1    0    0    0    0    0    1    0    0    0    0    0    0    0    0    0    2    0    1    0    0    0    0    0    0    0    0    0    0    0    0    1    1    2    0    0    0    0    0    0    0    0    0    0    0    0    0    1    0    0    0    0    0    0    1    1    0    0    1    0    0    1    0    1    0    0    1    0    0    0    1    0    0    0    0    0    0    0    0    0    1    0    0    0    0    1    0    0    0    0    0    0    1    0    0    0    0    0    0    0    0    0    0    0    1    0    0    0    0    0    0    0    0    0    0    0    0    0    0    1    0    0    0    0    1    0    0    0    0    0    0    0    0    0    0    0    0    0    0    0    0    0    0    0    0    0    0    0    0    0    0    0    2    0    0    0    0    0    0    0    0    0    1    0    0    0    0    0    0    1    0    0    0    0    0    0    0    0    0    0    0    1    0    0    0    0    0    0    0    0    0    0    0    0    0    0    1    0    0    0    0    0    0    0    0    0    0    0    1    0    0    0    0    0    0    0    0    0    0    0    0    0    0    0    0    1    0    0    0    0    0    0    0    0    0    0    0    0    0    0    0    0    0       52

Total:    4    1    5    1    2    1    1    1    1    1    3    2    1    1    3    4    1    1    1    3    3    1    1    9    6    1    3    2    6    7    5    11   1    1    2    4    5    8    4    6    6    4    8    9    5    12   7    10   6    3    1    2    3    3    11   6    5    4    3    1    1    2    2    7    4    6    2    1    3    2    1    1    1    4    2    5    1    3    4    2    4    2    1    1    5    4    5    1    3    2    1    8    1    1    1    1    1    2    5    3    6    5    2    2    4    2    7    2    1    1    3    3    2    10   8    4    2    3    4    2    4    3    5    1    2    1    6    3    4    1    3    4    3    4    2    2    2    3    3    3    6    3    2    2    5    2    2    4    4    1    1    1    10   5    7    1    2    1    2    1    2    1    2    3    1    1    1    8    2    6    1    2    1    1    4    3    1    1    2    1    3    2    1    1    5    4    6    5    2    3    3    1    1    1    1    2    2    2    4    1    1    1    2    3    1    2    2    1    3    1    1    1    5    3    2    2    1    1    5    2    3    1    1    1    1    1    1    2    2    2    3    1    1    2    7    3    3    1    1    2    1    2    1    3    2    3    2    1    2    1    2    3    3    1    1    2    3    1    1    1    1    1    3    6    1    1    3    1    1    1    3    1    1    4    1    1    1    2    5    1    4    2    1    1    1    1    1    1    1    3    2    4    1    1    1    1    1    1    1    1    1    1    1    1    1    1    1    2    1    1    1    1    1    1    1    2    1    1    1    1    1    1    1    1    1       838

Fis^= -0.002658
Fst^= 0.010019
Fit^= 0.007387
1-Qintra^= 0.946301 (gene diversity intra-individuals)
1-Qinter^= 0.943792 (gene diversity inter-individuals intra-pop)

Multilocus estimates for diploid data
Locus           Fwc(is)     Fwc(st)     Fwc(it)
------------    -------     -------     -------
g2              -0.0121      0.0154      0.0035
gag010           0.0114      0.0239      0.0351
h24              0.0067      0.0465      0.0529
hyp001           0.0185      0.0340      0.0519
hyp015           0.0497      0.0525      0.0996
hyp018           0.0007      0.0198      0.0205
e2               0.0157      0.0126      0.0281
hyp008           0.0274      0.0355      0.0619
hyp016          -0.0089      0.0292      0.0206
pam013          -0.0027      0.0100      0.0074
           All:  0.0089      0.0278      0.0365
-----------------------------------------------
Normal ending.
